Workbook

Sheet 연간
A1: 2760 Model
A2: 모를 땐 보수적으로 | B2: (단위: 백만엔) | C2: 3월 결산 · 일본 기준 · 2027.1Q = 2027년 3월 결산기 1분기 | Y2: (추정: 파란 글씨 = 직접 입력)
A3: 항목 | B3: 참고 | C3: 2024.2Q | D3: 2024.3Q | E3: 2024.4Q | F3: 2025.1Q | G3: 2025.2Q | H3: 2025.3Q | I3: 2025.4Q | J3: 2026.1Q | K3: 2026.2Q | L3: 2026.3Q | M3: 2026.4Q | N3: 2027.1Q | O3: 2017 | P3: 2018 | Q3: 2019 | R3: 2020 | S3: 2021 | T3: 2022 | U3: 2023 | V3: 2024 | W3: 2025 | X3: 2026 | Y3: 2027(MW) | Z3: 2028(MW) | AA3: 2029(MW) | AB3: 2030(MW) | AC3: 2031(MW)
A4: 매출액 | B4: MW = 제품 합계 | C4: 60686 | D4: 60050 | E4: 63140 | F4: 56607 | G4: 55105 | H4: 50384 | I4: 54283 | J4: 45136 | K4: 51108 | L4: 50472 | M4: 57032 | N4: 60322 | O4: 131855 | P4: 159841 | Q4: 141000 | R4: 135394 | S4: 143268 | T4: 179907 | U4: 240350 | V4: 242888 | W4: 216379 | X4: 203748 | Y4: =IF(COUNT(Y7,Y10,Y13)=0,"",SUM(Y7,Y10,Y13)) | Z4: =IF(COUNT(Z7,Z10,Z13)=0,"",SUM(Z7,Z10,Z13)) | AA4: =IF(COUNT(AA7,AA10,AA13)=0,"",SUM(AA7,AA10,AA13)) | AB4: =IF(COUNT(AB7,AB10,AB13)=0,"",SUM(AB7,AB10,AB13)) | AC4: =IF(COUNT(AC7,AC10,AC13)=0,"",SUM(AC7,AC10,AC13))
A5: YoY | G5: =IF(OR(G4="",C4=""),"",IFERROR(G4/C4-1,"")) | H5: =IF(OR(H4="",D4=""),"",IFERROR(H4/D4-1,"")) | I5: =IF(OR(I4="",E4=""),"",IFERROR(I4/E4-1,"")) | J5: =IF(OR(J4="",F4=""),"",IFERROR(J4/F4-1,"")) | K5: =IF(OR(K4="",G4=""),"",IFERROR(K4/G4-1,"")) | L5: =IF(OR(L4="",H4=""),"",IFERROR(L4/H4-1,"")) | M5: =IF(OR(M4="",I4=""),"",IFERROR(M4/I4-1,"")) | N5: =IF(OR(N4="",J4=""),"",IFERROR(N4/J4-1,"")) | P5: =IF(OR(P4="",O4=""),"",IFERROR(P4/O4-1,"")) | Q5: =IF(OR(Q4="",P4=""),"",IFERROR(Q4/P4-1,"")) | R5: =IF(OR(R4="",Q4=""),"",IFERROR(R4/Q4-1,"")) | S5: =IF(OR(S4="",R4=""),"",IFERROR(S4/R4-1,"")) | T5: =IF(OR(T4="",S4=""),"",IFERROR(T4/S4-1,"")) | U5: =IF(OR(U4="",T4=""),"",IFERROR(U4/T4-1,"")) | V5: =IF(OR(V4="",U4=""),"",IFERROR(V4/U4-1,"")) | W5: =IF(OR(W4="",V4=""),"",IFERROR(W4/V4-1,"")) | ... AC5: =IF(OR(AC4="",AB4=""),"",IFERROR(AC4/AB4-1,""))
A6: 제품별 매출 분류 | B6: 사업보고서 매출실적
A7: SemiconductorAndElectronicDeviceReportableSegmentsMember | C7: 53432 | D7: 53463 | E7: 51102 | F7: 47865 | G7: 46159 | H7: 41924 | I7: 43103 | J7: 36394 | K7: 40654 | L7: 40256 | M7: 45239 | N7: 50354 | V7: 209909 | W7: 179051 | X7: 162543
A8: 비중 | C8: =IF(OR(C7="",C4=""),"",IFERROR(C7/C4,"")) | D8: =IF(OR(D7="",D4=""),"",IFERROR(D7/D4,"")) | E8: =IF(OR(E7="",E4=""),"",IFERROR(E7/E4,"")) | F8: =IF(OR(F7="",F4=""),"",IFERROR(F7/F4,"")) | G8: =IF(OR(G7="",G4=""),"",IFERROR(G7/G4,"")) | H8: =IF(OR(H7="",H4=""),"",IFERROR(H7/H4,"")) | I8: =IF(OR(I7="",I4=""),"",IFERROR(I7/I4,"")) | J8: =IF(OR(J7="",J4=""),"",IFERROR(J7/J4,"")) | ... AC8: =IF(OR(AC7="",AC4=""),"",IFERROR(AC7/AC4,""))
A9: YoY | G9: =IF(OR(G7="",C7=""),"",IFERROR(G7/C7-1,"")) | H9: =IF(OR(H7="",D7=""),"",IFERROR(H7/D7-1,"")) | I9: =IF(OR(I7="",E7=""),"",IFERROR(I7/E7-1,"")) | J9: =IF(OR(J7="",F7=""),"",IFERROR(J7/F7-1,"")) | K9: =IF(OR(K7="",G7=""),"",IFERROR(K7/G7-1,"")) | L9: =IF(OR(L7="",H7=""),"",IFERROR(L7/H7-1,"")) | M9: =IF(OR(M7="",I7=""),"",IFERROR(M7/I7-1,"")) | N9: =IF(OR(N7="",J7=""),"",IFERROR(N7/J7-1,"")) | P9: =IF(OR(P7="",O7=""),"",IFERROR(P7/O7-1,"")) | Q9: =IF(OR(Q7="",P7=""),"",IFERROR(Q7/P7-1,"")) | R9: =IF(OR(R7="",Q7=""),"",IFERROR(R7/Q7-1,"")) | S9: =IF(OR(S7="",R7=""),"",IFERROR(S7/R7-1,"")) | T9: =IF(OR(T7="",S7=""),"",IFERROR(T7/S7-1,"")) | U9: =IF(OR(U7="",T7=""),"",IFERROR(U7/T7-1,"")) | V9: =IF(OR(V7="",U7=""),"",IFERROR(V7/U7-1,"")) | W9: =IF(OR(W7="",V7=""),"",IFERROR(W7/V7-1,"")) | ... AC9: =IF(OR(AC7="",AB7=""),"",IFERROR(AC7/AB7-1,""))
A10: ComputerSystemReportableSegmentsMember | C10: 7254 | D10: 6587 | E10: 12038 | F10: 8741 | G10: 8946 | H10: 8460 | I10: 11180 | J10: 8741 | K10: 10454 | L10: 10216 | M10: 11793 | N10: 9967 | V10: 32978 | W10: 37327 | X10: 41204
A11: 비중 | C11: =IF(OR(C10="",C4=""),"",IFERROR(C10/C4,"")) | D11: =IF(OR(D10="",D4=""),"",IFERROR(D10/D4,"")) | E11: =IF(OR(E10="",E4=""),"",IFERROR(E10/E4,"")) | F11: =IF(OR(F10="",F4=""),"",IFERROR(F10/F4,"")) | G11: =IF(OR(G10="",G4=""),"",IFERROR(G10/G4,"")) | H11: =IF(OR(H10="",H4=""),"",IFERROR(H10/H4,"")) | I11: =IF(OR(I10="",I4=""),"",IFERROR(I10/I4,"")) | J11: =IF(OR(J10="",J4=""),"",IFERROR(J10/J4,"")) | ... AC11: =IF(OR(AC10="",AC4=""),"",IFERROR(AC10/AC4,""))
A12: YoY | G12: =IF(OR(G10="",C10=""),"",IFERROR(G10/C10-1,"")) | H12: =IF(OR(H10="",D10=""),"",IFERROR(H10/D10-1,"")) | I12: =IF(OR(I10="",E10=""),"",IFERROR(I10/E10-1,"")) | J12: =IF(OR(J10="",F10=""),"",IFERROR(J10/F10-1,"")) | K12: =IF(OR(K10="",G10=""),"",IFERROR(K10/G10-1,"")) | L12: =IF(OR(L10="",H10=""),"",IFERROR(L10/H10-1,"")) | M12: =IF(OR(M10="",I10=""),"",IFERROR(M10/I10-1,"")) | N12: =IF(OR(N10="",J10=""),"",IFERROR(N10/J10-1,"")) | P12: =IF(OR(P10="",O10=""),"",IFERROR(P10/O10-1,"")) | Q12: =IF(OR(Q10="",P10=""),"",IFERROR(Q10/P10-1,"")) | R12: =IF(OR(R10="",Q10=""),"",IFERROR(R10/Q10-1,"")) | S12: =IF(OR(S10="",R10=""),"",IFERROR(S10/R10-1,"")) | T12: =IF(OR(T10="",S10=""),"",IFERROR(T10/S10-1,"")) | U12: =IF(OR(U10="",T10=""),"",IFERROR(U10/T10-1,"")) | V12: =IF(OR(V10="",U10=""),"",IFERROR(V10/U10-1,"")) | W12: =IF(OR(W10="",V10=""),"",IFERROR(W10/V10-1,"")) | ... AC12: =IF(OR(AC10="",AB10=""),"",IFERROR(AC10/AB10-1,""))
A13: EntityTotalMember | F13: 56607 | J13: 45136 | N13: 60322
A14: 비중 | C14: =IF(OR(C13="",C4=""),"",IFERROR(C13/C4,"")) | D14: =IF(OR(D13="",D4=""),"",IFERROR(D13/D4,"")) | E14: =IF(OR(E13="",E4=""),"",IFERROR(E13/E4,"")) | F14: =IF(OR(F13="",F4=""),"",IFERROR(F13/F4,"")) | G14: =IF(OR(G13="",G4=""),"",IFERROR(G13/G4,"")) | H14: =IF(OR(H13="",H4=""),"",IFERROR(H13/H4,"")) | I14: =IF(OR(I13="",I4=""),"",IFERROR(I13/I4,"")) | J14: =IF(OR(J13="",J4=""),"",IFERROR(J13/J4,"")) | ... AC14: =IF(OR(AC13="",AC4=""),"",IFERROR(AC13/AC4,""))
A15: YoY | G15: =IF(OR(G13="",C13=""),"",IFERROR(G13/C13-1,"")) | H15: =IF(OR(H13="",D13=""),"",IFERROR(H13/D13-1,"")) | I15: =IF(OR(I13="",E13=""),"",IFERROR(I13/E13-1,"")) | J15: =IF(OR(J13="",F13=""),"",IFERROR(J13/F13-1,"")) | K15: =IF(OR(K13="",G13=""),"",IFERROR(K13/G13-1,"")) | L15: =IF(OR(L13="",H13=""),"",IFERROR(L13/H13-1,"")) | M15: =IF(OR(M13="",I13=""),"",IFERROR(M13/I13-1,"")) | N15: =IF(OR(N13="",J13=""),"",IFERROR(N13/J13-1,"")) | P15: =IF(OR(P13="",O13=""),"",IFERROR(P13/O13-1,"")) | Q15: =IF(OR(Q13="",P13=""),"",IFERROR(Q13/P13-1,"")) | R15: =IF(OR(R13="",Q13=""),"",IFERROR(R13/Q13-1,"")) | S15: =IF(OR(S13="",R13=""),"",IFERROR(S13/R13-1,"")) | T15: =IF(OR(T13="",S13=""),"",IFERROR(T13/S13-1,"")) | U15: =IF(OR(U13="",T13=""),"",IFERROR(U13/T13-1,"")) | V15: =IF(OR(V13="",U13=""),"",IFERROR(V13/U13-1,"")) | W15: =IF(OR(W13="",V13=""),"",IFERROR(W13/V13-1,"")) | ... AC15: =IF(OR(AC13="",AB13=""),"",IFERROR(AC13/AB13-1,""))
A16: 매출원가
A17: 전체 매출원가 | C17: 51595 | D17: 51050 | E17: 52984 | F17: 47411 | G17: 47877 | H17: 42132 | I17: 45226 | J17: 38681 | K17: 43717 | L17: 42392 | M17: 47416 | N17: 51015 | O17: 116709 | P17: 142160 | Q17: 121295 | R17: 115491 | S17: 122666 | T17: 154268 | U17: 206106 | V17: 205720 | W17: 182646 | X17: 172206
A18: 매출총이익 | C18: =IF(OR(C4="",C17=""),"",IFERROR(C4-C17,"")) | D18: =IF(OR(D4="",D17=""),"",IFERROR(D4-D17,"")) | E18: =IF(OR(E4="",E17=""),"",IFERROR(E4-E17,"")) | F18: =IF(OR(F4="",F17=""),"",IFERROR(F4-F17,"")) | G18: =IF(OR(G4="",G17=""),"",IFERROR(G4-G17,"")) | H18: =IF(OR(H4="",H17=""),"",IFERROR(H4-H17,"")) | I18: =IF(OR(I4="",I17=""),"",IFERROR(I4-I17,"")) | J18: =IF(OR(J4="",J17=""),"",IFERROR(J4-J17,"")) | ... X18: =IF(OR(X4="",X17=""),"",IFERROR(X4-X17,""))
A19: GPM | C19: =IF(OR(C18="",C4=""),"",IFERROR(C18/C4,"")) | D19: =IF(OR(D18="",D4=""),"",IFERROR(D18/D4,"")) | E19: =IF(OR(E18="",E4=""),"",IFERROR(E18/E4,"")) | F19: =IF(OR(F18="",F4=""),"",IFERROR(F18/F4,"")) | G19: =IF(OR(G18="",G4=""),"",IFERROR(G18/G4,"")) | H19: =IF(OR(H18="",H4=""),"",IFERROR(H18/H4,"")) | I19: =IF(OR(I18="",I4=""),"",IFERROR(I18/I4,"")) | J19: =IF(OR(J18="",J4=""),"",IFERROR(J18/J4,"")) | ... AC19: =IF(OR(AC18="",AC4=""),"",IFERROR(AC18/AC4,""))
A20: 판매관리비
A21: 전체 판관비 | C21: 5566 | D21: 5293 | E21: 5588 | F21: 4942 | G21: 5189 | H21: 5686 | I21: 5457 | J21: 4999 | K21: 5284 | L21: 5336 | M21: 5669 | N21: 5240 | O21: 13481 | P21: 14924 | Q21: 16179 | R21: 16091 | S21: 15981 | T21: 17506 | U21: 20016 | V21: 21739 | W21: 21274 | X21: 21288
A22: 영업이익 | B22: MW = 매출 × OPM | C22: 3525 | D22: 3707 | E22: 4568 | F22: 4252 | G22: 2040 | H22: 2566 | I22: 3599 | J22: 1455 | K22: 2106 | L22: 2745 | M22: 3947 | N22: 4066 | O22: 1665 | P22: 2755 | Q22: 3525 | R22: 3810 | S22: 4620 | T22: 8131 | U22: 14227 | V22: 15428 | W22: 12457 | X22: 10253 | Y22: =IF(OR(Y4="",Y23=""),"",IFERROR(Y4*Y23,"")) | Z22: =IF(OR(Z4="",Z23=""),"",IFERROR(Z4*Z23,"")) | AA22: =IF(OR(AA4="",AA23=""),"",IFERROR(AA4*AA23,"")) | AB22: =IF(OR(AB4="",AB23=""),"",IFERROR(AB4*AB23,"")) | AC22: =IF(OR(AC4="",AC23=""),"",IFERROR(AC4*AC23,""))
A23: OPM | B23: MW 입력 | C23: =IF(OR(C22="",C4=""),"",IFERROR(C22/C4,"")) | D23: =IF(OR(D22="",D4=""),"",IFERROR(D22/D4,"")) | E23: =IF(OR(E22="",E4=""),"",IFERROR(E22/E4,"")) | F23: =IF(OR(F22="",F4=""),"",IFERROR(F22/F4,"")) | G23: =IF(OR(G22="",G4=""),"",IFERROR(G22/G4,"")) | H23: =IF(OR(H22="",H4=""),"",IFERROR(H22/H4,"")) | I23: =IF(OR(I22="",I4=""),"",IFERROR(I22/I4,"")) | J23: =IF(OR(J22="",J4=""),"",IFERROR(J22/J4,"")) | ... X23: =IF(OR(X22="",X4=""),"",IFERROR(X22/X4,""))
A24: 증가율 | G24: =IF(OR(G22="",C22=""),"",IFERROR(G22/C22-1,"")) | H24: =IF(OR(H22="",D22=""),"",IFERROR(H22/D22-1,"")) | I24: =IF(OR(I22="",E22=""),"",IFERROR(I22/E22-1,"")) | J24: =IF(OR(J22="",F22=""),"",IFERROR(J22/F22-1,"")) | K24: =IF(OR(K22="",G22=""),"",IFERROR(K22/G22-1,"")) | L24: =IF(OR(L22="",H22=""),"",IFERROR(L22/H22-1,"")) | M24: =IF(OR(M22="",I22=""),"",IFERROR(M22/I22-1,"")) | N24: =IF(OR(N22="",J22=""),"",IFERROR(N22/J22-1,"")) | P24: =IF(OR(P22="",O22=""),"",IFERROR(P22/O22-1,"")) | Q24: =IF(OR(Q22="",P22=""),"",IFERROR(Q22/P22-1,"")) | R24: =IF(OR(R22="",Q22=""),"",IFERROR(R22/Q22-1,"")) | S24: =IF(OR(S22="",R22=""),"",IFERROR(S22/R22-1,"")) | T24: =IF(OR(T22="",S22=""),"",IFERROR(T22/S22-1,"")) | U24: =IF(OR(U22="",T22=""),"",IFERROR(U22/T22-1,"")) | V24: =IF(OR(V22="",U22=""),"",IFERROR(V22/U22-1,"")) | W24: =IF(OR(W22="",V22=""),"",IFERROR(W22/V22-1,"")) | ... AC24: =IF(OR(AC22="",AB22=""),"",IFERROR(AC22/AB22-1,""))
A25: 비용의 성격별 분류 | B25: 참고 데이터
A26: 총 판관비 | O26: =IF(O21="","",O21) | P26: =IF(P21="","",P21) | Q26: =IF(Q21="","",Q21) | R26: =IF(R21="","",R21) | S26: =IF(S21="","",S21) | T26: =IF(T21="","",T21) | U26: =IF(U21="","",U21) | V26: =IF(V21="","",V21) | ... X26: =IF(X21="","",X21)
A27: 급여 | B27: 고정비 | O27: 5595 | P27: 5764 | Q27: 6252 | R27: 6471 | S27: 6670 | T27: 6925 | U27: 7129 | V27: 7463 | W27: 7930 | X27: 8400
A28: % of Sales | O28: =IF(OR(O27="",O4=""),"",IFERROR(O27/O4,"")) | P28: =IF(OR(P27="",P4=""),"",IFERROR(P27/P4,"")) | Q28: =IF(OR(Q27="",Q4=""),"",IFERROR(Q27/Q4,"")) | R28: =IF(OR(R27="",R4=""),"",IFERROR(R27/R4,"")) | S28: =IF(OR(S27="",S4=""),"",IFERROR(S27/S4,"")) | T28: =IF(OR(T27="",T4=""),"",IFERROR(T27/T4,"")) | U28: =IF(OR(U27="",U4=""),"",IFERROR(U27/U4,"")) | V28: =IF(OR(V27="",V4=""),"",IFERROR(V27/V4,"")) | ... X28: =IF(OR(X27="",X4=""),"",IFERROR(X27/X4,""))
A29: 감가상각비 | B29: 고정비
A30: % of Sales | O30: =IF(OR(O29="",O4=""),"",IFERROR(O29/O4,"")) | P30: =IF(OR(P29="",P4=""),"",IFERROR(P29/P4,"")) | Q30: =IF(OR(Q29="",Q4=""),"",IFERROR(Q29/Q4,"")) | R30: =IF(OR(R29="",R4=""),"",IFERROR(R29/R4,"")) | S30: =IF(OR(S29="",S4=""),"",IFERROR(S29/S4,"")) | T30: =IF(OR(T29="",T4=""),"",IFERROR(T29/T4,"")) | U30: =IF(OR(U29="",U4=""),"",IFERROR(U29/U4,"")) | V30: =IF(OR(V29="",V4=""),"",IFERROR(V29/V4,"")) | ... X30: =IF(OR(X29="",X4=""),"",IFERROR(X29/X4,""))
A31: 지급수수료 | B31: 고정비
A32: % of Sales | O32: =IF(OR(O31="",O4=""),"",IFERROR(O31/O4,"")) | P32: =IF(OR(P31="",P4=""),"",IFERROR(P31/P4,"")) | Q32: =IF(OR(Q31="",Q4=""),"",IFERROR(Q31/Q4,"")) | R32: =IF(OR(R31="",R4=""),"",IFERROR(R31/R4,"")) | S32: =IF(OR(S31="",S4=""),"",IFERROR(S31/S4,"")) | T32: =IF(OR(T31="",T4=""),"",IFERROR(T31/T4,"")) | U32: =IF(OR(U31="",U4=""),"",IFERROR(U31/U4,"")) | V32: =IF(OR(V31="",V4=""),"",IFERROR(V31/V4,"")) | ... X32: =IF(OR(X31="",X4=""),"",IFERROR(X31/X4,""))
A33: 연구개발비 | B33: 변동비
A34: % of Sales | O34: =IF(OR(O33="",O4=""),"",IFERROR(O33/O4,"")) | P34: =IF(OR(P33="",P4=""),"",IFERROR(P33/P4,"")) | Q34: =IF(OR(Q33="",Q4=""),"",IFERROR(Q33/Q4,"")) | R34: =IF(OR(R33="",R4=""),"",IFERROR(R33/R4,"")) | S34: =IF(OR(S33="",S4=""),"",IFERROR(S33/S4,"")) | T34: =IF(OR(T33="",T4=""),"",IFERROR(T33/T4,"")) | U34: =IF(OR(U33="",U4=""),"",IFERROR(U33/U4,"")) | V34: =IF(OR(V33="",V4=""),"",IFERROR(V33/V4,"")) | ... X34: =IF(OR(X33="",X4=""),"",IFERROR(X33/X4,""))
A35: 기타비용 | B35: 변동비 | O35: =IF(OR(O26="",O27="",O29="",O31="",O33=""),"",IFERROR(O26-O27-O29-O31-O33,"")) | P35: =IF(OR(P26="",P27="",P29="",P31="",P33=""),"",IFERROR(P26-P27-P29-P31-P33,"")) | Q35: =IF(OR(Q26="",Q27="",Q29="",Q31="",Q33=""),"",IFERROR(Q26-Q27-Q29-Q31-Q33,"")) | R35: =IF(OR(R26="",R27="",R29="",R31="",R33=""),"",IFERROR(R26-R27-R29-R31-R33,"")) | S35: =IF(OR(S26="",S27="",S29="",S31="",S33=""),"",IFERROR(S26-S27-S29-S31-S33,"")) | T35: =IF(OR(T26="",T27="",T29="",T31="",T33=""),"",IFERROR(T26-T27-T29-T31-T33,"")) | U35: =IF(OR(U26="",U27="",U29="",U31="",U33=""),"",IFERROR(U26-U27-U29-U31-U33,"")) | V35: =IF(OR(V26="",V27="",V29="",V31="",V33=""),"",IFERROR(V26-V27-V29-V31-V33,"")) | ... X35: =IF(OR(X26="",X27="",X29="",X31="",X33=""),"",IFERROR(X26-X27-X29-X31-X33,""))
A36: % of Sales | O36: =IF(OR(O35="",O4=""),"",IFERROR(O35/O4,"")) | P36: =IF(OR(P35="",P4=""),"",IFERROR(P35/P4,"")) | Q36: =IF(OR(Q35="",Q4=""),"",IFERROR(Q35/Q4,"")) | R36: =IF(OR(R35="",R4=""),"",IFERROR(R35/R4,"")) | S36: =IF(OR(S35="",S4=""),"",IFERROR(S35/S4,"")) | T36: =IF(OR(T35="",T4=""),"",IFERROR(T35/T4,"")) | U36: =IF(OR(U35="",U4=""),"",IFERROR(U35/U4,"")) | V36: =IF(OR(V35="",V4=""),"",IFERROR(V35/V4,"")) | ... X36: =IF(OR(X35="",X4=""),"",IFERROR(X35/X4,""))
A37: 당기순이익 추정
A38: 특별이익 | C38: 0 | D38: 0 | E38: 0 | F38: 0 | G38: 0 | H38: 0 | I38: 0 | J38: 0 | K38: 0 | L38: 1066 | M38: 72 | N38: 0 | O38: 61 | P38: 46 | Q38: 207 | R38: 0 | S38: 1 | T38: 2061 | U38: 0 | V38: 4 | W38: 0 | X38: 1138 | Y38: =IF(OR(Y4="",Y39=""),"",IFERROR(Y4*Y39,"")) | Z38: =IF(OR(Z4="",Z39=""),"",IFERROR(Z4*Z39,"")) | AA38: =IF(OR(AA4="",AA39=""),"",IFERROR(AA4*AA39,"")) | AB38: =IF(OR(AB4="",AB39=""),"",IFERROR(AB4*AB39,"")) | AC38: =IF(OR(AC4="",AC39=""),"",IFERROR(AC4*AC39,""))
A39: % of Sales | B39: MW = 최근 3년 평균 | C39: =IF(OR(C38="",C4=""),"",IFERROR(C38/C4,"")) | D39: =IF(OR(D38="",D4=""),"",IFERROR(D38/D4,"")) | E39: =IF(OR(E38="",E4=""),"",IFERROR(E38/E4,"")) | F39: =IF(OR(F38="",F4=""),"",IFERROR(F38/F4,"")) | G39: =IF(OR(G38="",G4=""),"",IFERROR(G38/G4,"")) | H39: =IF(OR(H38="",H4=""),"",IFERROR(H38/H4,"")) | I39: =IF(OR(I38="",I4=""),"",IFERROR(I38/I4,"")) | J39: =IF(OR(J38="",J4=""),"",IFERROR(J38/J4,"")) | ... X39: =IF(OR(X38="",X4=""),"",IFERROR(X38/X4,"")) | Y39: =IFERROR(AVERAGE(V39,W39,X39),"") | Z39: =Y39 | AA39: =Z39 | AB39: =AA39 | AC39: =AB39
A40: 특별손실 | C40: 1 | D40: 33 | E40: 4 | F40: 0 | G40: 1 | H40: 1 | I40: 5 | J40: 0 | K40: 1 | L40: 1 | M40: 3 | N40: 0 | O40: 4 | P40: 199 | Q40: 27 | R40: 346 | S40: 37 | T40: 1468 | U40: 8 | V40: 38 | W40: 7 | X40: 5 | Y40: =IF(OR(Y4="",Y41=""),"",IFERROR(Y4*Y41,"")) | Z40: =IF(OR(Z4="",Z41=""),"",IFERROR(Z4*Z41,"")) | AA40: =IF(OR(AA4="",AA41=""),"",IFERROR(AA4*AA41,"")) | AB40: =IF(OR(AB4="",AB41=""),"",IFERROR(AB4*AB41,"")) | AC40: =IF(OR(AC4="",AC41=""),"",IFERROR(AC4*AC41,""))
A41: % of Sales | C41: =IF(OR(C40="",C4=""),"",IFERROR(C40/C4,"")) | D41: =IF(OR(D40="",D4=""),"",IFERROR(D40/D4,"")) | E41: =IF(OR(E40="",E4=""),"",IFERROR(E40/E4,"")) | F41: =IF(OR(F40="",F4=""),"",IFERROR(F40/F4,"")) | G41: =IF(OR(G40="",G4=""),"",IFERROR(G40/G4,"")) | H41: =IF(OR(H40="",H4=""),"",IFERROR(H40/H4,"")) | I41: =IF(OR(I40="",I4=""),"",IFERROR(I40/I4,"")) | J41: =IF(OR(J40="",J4=""),"",IFERROR(J40/J4,"")) | ... X41: =IF(OR(X40="",X4=""),"",IFERROR(X40/X4,"")) | Y41: =IFERROR(AVERAGE(V41,W41,X41),"") | Z41: =Y41 | AA41: =Z41 | AB41: =AA41 | AC41: =AB41
A42: 영업외수익 | C42: 116 | D42: 165 | E42: 64 | F42: 72 | G42: 131 | H42: 54 | I42: 214 | J42: 356 | K42: -70 | L42: -35 | M42: 56 | N42: 43 | O42: 106 | P42: 131 | Q42: 103 | R42: 164 | S42: 181 | T42: 189 | U42: 268 | V42: 414 | W42: 471 | X42: 307 | Y42: =IF(OR(Y4="",Y43=""),"",IFERROR(Y4*Y43,"")) | Z42: =IF(OR(Z4="",Z43=""),"",IFERROR(Z4*Z43,"")) | AA42: =IF(OR(AA4="",AA43=""),"",IFERROR(AA4*AA43,"")) | AB42: =IF(OR(AB4="",AB43=""),"",IFERROR(AB4*AB43,"")) | AC42: =IF(OR(AC4="",AC43=""),"",IFERROR(AC4*AC43,""))
A43: % of Sales | C43: =IF(OR(C42="",C4=""),"",IFERROR(C42/C4,"")) | D43: =IF(OR(D42="",D4=""),"",IFERROR(D42/D4,"")) | E43: =IF(OR(E42="",E4=""),"",IFERROR(E42/E4,"")) | F43: =IF(OR(F42="",F4=""),"",IFERROR(F42/F4,"")) | G43: =IF(OR(G42="",G4=""),"",IFERROR(G42/G4,"")) | H43: =IF(OR(H42="",H4=""),"",IFERROR(H42/H4,"")) | I43: =IF(OR(I42="",I4=""),"",IFERROR(I42/I4,"")) | J43: =IF(OR(J42="",J4=""),"",IFERROR(J42/J4,"")) | ... X43: =IF(OR(X42="",X4=""),"",IFERROR(X42/X4,"")) | Y43: =IFERROR(AVERAGE(V43,W43,X43),"") | Z43: =Y43 | AA43: =Z43 | AB43: =AA43 | AC43: =AB43
A44: 영업외비용 | C44: 531 | D44: 408 | E44: 427 | F44: 711 | G44: -363 | H44: 831 | I44: 334 | J44: 95 | K44: 85 | L44: 349 | M44: 281 | N44: 200 | O44: 393 | P44: 249 | Q44: 551 | R44: 401 | S44: 176 | T44: 1002 | U44: 2016 | V44: 1920 | W44: 1513 | X44: 810 | Y44: =IF(OR(Y4="",Y45=""),"",IFERROR(Y4*Y45,"")) | Z44: =IF(OR(Z4="",Z45=""),"",IFERROR(Z4*Z45,"")) | AA44: =IF(OR(AA4="",AA45=""),"",IFERROR(AA4*AA45,"")) | AB44: =IF(OR(AB4="",AB45=""),"",IFERROR(AB4*AB45,"")) | AC44: =IF(OR(AC4="",AC45=""),"",IFERROR(AC4*AC45,""))
A45: % of Sales | C45: =IF(OR(C44="",C4=""),"",IFERROR(C44/C4,"")) | D45: =IF(OR(D44="",D4=""),"",IFERROR(D44/D4,"")) | E45: =IF(OR(E44="",E4=""),"",IFERROR(E44/E4,"")) | F45: =IF(OR(F44="",F4=""),"",IFERROR(F44/F4,"")) | G45: =IF(OR(G44="",G4=""),"",IFERROR(G44/G4,"")) | H45: =IF(OR(H44="",H4=""),"",IFERROR(H44/H4,"")) | I45: =IF(OR(I44="",I4=""),"",IFERROR(I44/I4,"")) | J45: =IF(OR(J44="",J4=""),"",IFERROR(J44/J4,"")) | ... X45: =IF(OR(X44="",X4=""),"",IFERROR(X44/X4,"")) | Y45: =IFERROR(AVERAGE(V45,W45,X45),"") | Z45: =Y45 | AA45: =Z45 | AB45: =AA45 | AC45: =AB45
A46: 법인세비용차감전순이익(손실) | C46: 3109 | D46: 3431 | E46: 4200 | F46: 3614 | G46: 2532 | H46: 1786 | I46: 3476 | J46: 1715 | K46: 1950 | L46: 3427 | M46: 3791 | N46: 3908 | O46: 1435 | P46: 2485 | Q46: 3257 | R46: 3227 | S46: 4589 | T46: 7910 | U46: 12469 | V46: 13887 | W46: 11408 | X46: 10883 | Y46: =IF(OR(Y22=""),"",IFERROR(Y22+N(Y38)-N(Y40)+N(Y42)-N(Y44),"")) | Z46: =IF(OR(Z22=""),"",IFERROR(Z22+N(Z38)-N(Z40)+N(Z42)-N(Z44),"")) | AA46: =IF(OR(AA22=""),"",IFERROR(AA22+N(AA38)-N(AA40)+N(AA42)-N(AA44),"")) | AB46: =IF(OR(AB22=""),"",IFERROR(AB22+N(AB38)-N(AB40)+N(AB42)-N(AB44),"")) | AC46: =IF(OR(AC22=""),"",IFERROR(AC22+N(AC38)-N(AC40)+N(AC42)-N(AC44),""))
A47: 법인세비용(수익) | C47: 719 | D47: 886 | E47: 1265 | F47: 1107 | G47: 720 | H47: 508 | I47: 169 | J47: 475 | K47: 581 | L47: 976 | M47: 966 | N47: 1241 | O47: 463 | P47: 829 | Q47: 853 | R47: 856 | S47: 1371 | T47: 2421 | U47: 3590 | V47: 3806 | W47: 2504 | X47: 2998 | Y47: =IF(OR(Y46="",Y48=""),"",IFERROR(MAX(Y46,0)*Y48,"")) | Z47: =IF(OR(Z46="",Z48=""),"",IFERROR(MAX(Z46,0)*Z48,"")) | AA47: =IF(OR(AA46="",AA48=""),"",IFERROR(MAX(AA46,0)*AA48,"")) | AB47: =IF(OR(AB46="",AB48=""),"",IFERROR(MAX(AB46,0)*AB48,"")) | AC47: =IF(OR(AC46="",AC48=""),"",IFERROR(MAX(AC46,0)*AC48,""))
A48: 법인세율 | B48: MW 기본 30% | C48: =IF(OR(C47="",C46=""),"",IFERROR(C47/C46,"")) | D48: =IF(OR(D47="",D46=""),"",IFERROR(D47/D46,"")) | E48: =IF(OR(E47="",E46=""),"",IFERROR(E47/E46,"")) | F48: =IF(OR(F47="",F46=""),"",IFERROR(F47/F46,"")) | G48: =IF(OR(G47="",G46=""),"",IFERROR(G47/G46,"")) | H48: =IF(OR(H47="",H46=""),"",IFERROR(H47/H46,"")) | I48: =IF(OR(I47="",I46=""),"",IFERROR(I47/I46,"")) | J48: =IF(OR(J47="",J46=""),"",IFERROR(J47/J46,"")) | ... X48: =IF(OR(X47="",X46=""),"",IFERROR(X47/X46,"")) | Y48: 0.3 | Z48: 0.3 | AA48: 0.3 | AB48: 0.3 | AC48: 0.3
A49: 당기순이익(손실) | C49: 2391 | D49: 2544 | E49: 2936 | F49: 2506 | G49: 1812 | H49: 1279 | I49: 3307 | J49: 1240 | K49: 1368 | L49: 2451 | M49: 2825 | N49: 2667 | O49: 972 | P49: 1655 | Q49: 2403 | R49: 2370 | S49: 3217 | T49: 5489 | U49: 8879 | V49: 10081 | W49: 8904 | X49: 7884 | Y49: =IF(OR(Y46=""),"",IFERROR(Y46-Y47,"")) | Z49: =IF(OR(Z46=""),"",IFERROR(Z46-Z47,"")) | AA49: =IF(OR(AA46=""),"",IFERROR(AA46-AA47,"")) | AB49: =IF(OR(AB46=""),"",IFERROR(AB46-AB47,"")) | AC49: =IF(OR(AC46=""),"",IFERROR(AC46-AC47,""))
A50: 지배주주 순이익 | C50: 2365 | D50: 2519 | E50: 2916 | F50: 2494 | G50: 1811 | H50: 1269 | I50: 3300 | J50: 1217 | K50: 1363 | L50: 2450 | M50: 2812 | N50: 2651 | O50: 972 | P50: 1598 | Q50: 2341 | R50: 2288 | S50: 3143 | T50: 5085 | U50: 8778 | V50: 9986 | W50: 8874 | X50: 7842 | Y50: =IF(OR(Y49="",Y51=""),"",IFERROR(Y49*Y51,"")) | Z50: =IF(OR(Z49="",Z51=""),"",IFERROR(Z49*Z51,"")) | AA50: =IF(OR(AA49="",AA51=""),"",IFERROR(AA49*AA51,"")) | AB50: =IF(OR(AB49="",AB51=""),"",IFERROR(AB49*AB51,"")) | AC50: =IF(OR(AC49="",AC51=""),"",IFERROR(AC49*AC51,""))
A51: 지배주주 순이익률 | B51: MW 기본 100% | C51: =IF(OR(C50="",C49=""),"",IFERROR(C50/C49,"")) | D51: =IF(OR(D50="",D49=""),"",IFERROR(D50/D49,"")) | E51: =IF(OR(E50="",E49=""),"",IFERROR(E50/E49,"")) | F51: =IF(OR(F50="",F49=""),"",IFERROR(F50/F49,"")) | G51: =IF(OR(G50="",G49=""),"",IFERROR(G50/G49,"")) | H51: =IF(OR(H50="",H49=""),"",IFERROR(H50/H49,"")) | I51: =IF(OR(I50="",I49=""),"",IFERROR(I50/I49,"")) | J51: =IF(OR(J50="",J49=""),"",IFERROR(J50/J49,"")) | ... X51: =IF(OR(X50="",X49=""),"",IFERROR(X50/X49,"")) | Y51: 1 | Z51: 1 | AA51: 1 | AB51: 1 | AC51: 1
A52: 목표주가 산출
A53: 현재 주가 ()
A54: 발행주식수 (보통주)
A55: 시가총액 (백만엔) | B55: =IF(OR(B53="",B54=""),"",B53*B54/1000000.0)
A56: OPM | O56: =IF(O23="","",O23) | P56: =IF(P23="","",P23) | Q56: =IF(Q23="","",Q23) | R56: =IF(R23="","",R23) | S56: =IF(S23="","",S23) | T56: =IF(T23="","",T23) | U56: =IF(U23="","",U23) | V56: =IF(V23="","",V23) | ... AC56: =IF(AC23="","",AC23)
A57: 지배주주 순이익 증가율 | P57: =IF(OR(P50="",O50=""),"",IFERROR(P50/O50-1,"")) | Q57: =IF(OR(Q50="",P50=""),"",IFERROR(Q50/P50-1,"")) | R57: =IF(OR(R50="",Q50=""),"",IFERROR(R50/Q50-1,"")) | S57: =IF(OR(S50="",R50=""),"",IFERROR(S50/R50-1,"")) | T57: =IF(OR(T50="",S50=""),"",IFERROR(T50/S50-1,"")) | U57: =IF(OR(U50="",T50=""),"",IFERROR(U50/T50-1,"")) | V57: =IF(OR(V50="",U50=""),"",IFERROR(V50/U50-1,"")) | W57: =IF(OR(W50="",V50=""),"",IFERROR(W50/V50-1,"")) | ... AC57: =IF(OR(AC50="",AB50=""),"",IFERROR(AC50/AB50-1,""))
A58: P/E (현재 주가) | B58: 시총 ÷ 지배순이익 | X58: =IF(OR($B$55="",X50=""),"",IFERROR($B$55/X50,"")) | Y58: =IF(OR($B$55="",Y50=""),"",IFERROR($B$55/Y50,"")) | Z58: =IF(OR($B$55="",Z50=""),"",IFERROR($B$55/Z50,"")) | AA58: =IF(OR($B$55="",AA50=""),"",IFERROR($B$55/AA50,"")) | AB58: =IF(OR($B$55="",AB50=""),"",IFERROR($B$55/AB50,"")) | AC58: =IF(OR($B$55="",AC50=""),"",IFERROR($B$55/AC50,""))
A59: Target P/E | B59: 직접 입력
A60: EPS | B60: 지배순이익 ÷ 주식수 | O60: =IF(OR(O50="",$B$54=""),"",IFERROR(O50*1000000.0/$B$54,"")) | P60: =IF(OR(P50="",$B$54=""),"",IFERROR(P50*1000000.0/$B$54,"")) | Q60: =IF(OR(Q50="",$B$54=""),"",IFERROR(Q50*1000000.0/$B$54,"")) | R60: =IF(OR(R50="",$B$54=""),"",IFERROR(R50*1000000.0/$B$54,"")) | S60: =IF(OR(S50="",$B$54=""),"",IFERROR(S50*1000000.0/$B$54,"")) | T60: =IF(OR(T50="",$B$54=""),"",IFERROR(T50*1000000.0/$B$54,"")) | U60: =IF(OR(U50="",$B$54=""),"",IFERROR(U50*1000000.0/$B$54,"")) | V60: =IF(OR(V50="",$B$54=""),"",IFERROR(V50*1000000.0/$B$54,"")) | ... AC60: =IF(OR(AC50="",$B$54=""),"",IFERROR(AC50*1000000.0/$B$54,""))
A61: 목표주가 | Y61: =IF(OR(Y60="",Y59=""),"",IFERROR(Y60*Y59,"")) | Z61: =IF(OR(Z60="",Z59=""),"",IFERROR(Z60*Z59,"")) | AA61: =IF(OR(AA60="",AA59=""),"",IFERROR(AA60*AA59,"")) | AB61: =IF(OR(AB60="",AB59=""),"",IFERROR(AB60*AB59,"")) | AC61: =IF(OR(AC60="",AC59=""),"",IFERROR(AC60*AC59,""))
A62: 상승여력 | Y62: =IF(OR(Y61="",$B$53=""),"",IFERROR(Y61/$B$53-1,"")) | Z62: =IF(OR(Z61="",$B$53=""),"",IFERROR(Z61/$B$53-1,"")) | AA62: =IF(OR(AA61="",$B$53=""),"",IFERROR(AA61/$B$53-1,"")) | AB62: =IF(OR(AB61="",$B$53=""),"",IFERROR(AB61/$B$53-1,"")) | AC62: =IF(OR(AC61="",$B$53=""),"",IFERROR(AC61/$B$53-1,""))
A63: 자산가치 산출 | B63: 최신 분기 BS
A64: 현금및현금성자산 | X64: ='재무상태표'!G6 | Y64: ='재무상태표'!G6 | Z64: ='재무상태표'!G6 | AA64: ='재무상태표'!G6 | AB64: ='재무상태표'!G6 | AC64: ='재무상태표'!G6
A65: 단기금융상품 | X65: ='재무상태표'!G7 | Y65: ='재무상태표'!G7 | Z65: ='재무상태표'!G7 | AA65: ='재무상태표'!G7 | AB65: ='재무상태표'!G7 | AC65: ='재무상태표'!G7
A66: 투자부동산 | X66: ='재무상태표'!G14 | Y66: ='재무상태표'!G14 | Z66: ='재무상태표'!G14 | AA66: ='재무상태표'!G14 | AB66: ='재무상태표'!G14 | AC66: ='재무상태표'!G14
A67: 지배자본 | X67: ='재무상태표'!G31 | Y67: ='재무상태표'!G31 | Z67: ='재무상태표'!G31 | AA67: ='재무상태표'!G31 | AB67: ='재무상태표'!G31 | AC67: ='재무상태표'!G31
A68: 부채 | X68: ='재무상태표'!G27 | Y68: ='재무상태표'!G27 | Z68: ='재무상태표'!G27 | AA68: ='재무상태표'!G27 | AB68: ='재무상태표'!G27 | AC68: ='재무상태표'!G27
A69: 부채비율 | X69: =IF(OR(X68="",X67=""),"",IFERROR(X68/X67,"")) | Y69: =IF(OR(Y68="",Y67=""),"",IFERROR(Y68/Y67,"")) | Z69: =IF(OR(Z68="",Z67=""),"",IFERROR(Z68/Z67,"")) | AA69: =IF(OR(AA68="",AA67=""),"",IFERROR(AA68/AA67,"")) | AB69: =IF(OR(AB68="",AB67=""),"",IFERROR(AB68/AB67,"")) | AC69: =IF(OR(AC68="",AC67=""),"",IFERROR(AC68/AC67,""))
A70: 자산가치 | B70: 현금+단기금융+투자부동산 | X70: =SUM(X64,X65,X66) | Y70: =SUM(Y64,Y65,Y66) | Z70: =SUM(Z64,Z65,Z66) | AA70: =SUM(AA64,AA65,AA66) | AB70: =SUM(AB64,AB65,AB66) | AC70: =SUM(AC64,AC65,AC66)
A71: 기업가치 산출
A72: 목표 시가총액 (P/E) | B72: 지배순이익 × Target P/E | Y72: =IF(OR(Y50="",Y59=""),"",IFERROR(Y50*Y59,"")) | Z72: =IF(OR(Z50="",Z59=""),"",IFERROR(Z50*Z59,"")) | AA72: =IF(OR(AA50="",AA59=""),"",IFERROR(AA50*AA59,"")) | AB72: =IF(OR(AB50="",AB59=""),"",IFERROR(AB50*AB59,"")) | AC72: =IF(OR(AC50="",AC59=""),"",IFERROR(AC50*AC59,""))
A73: 기업가치 | B73: 목표시총 + 자산가치 | Y73: =IF(OR(Y72=""),"",IFERROR(Y72+Y70,"")) | Z73: =IF(OR(Z72=""),"",IFERROR(Z72+Z70,"")) | AA73: =IF(OR(AA72=""),"",IFERROR(AA72+AA70,"")) | AB73: =IF(OR(AB72=""),"",IFERROR(AB72+AB70,"")) | AC73: =IF(OR(AC72=""),"",IFERROR(AC72+AC70,""))
A74: 현재 시가총액 | Y74: =$B$55 | Z74: =$B$55 | AA74: =$B$55 | AB74: =$B$55 | AC74: =$B$55
A75: 상승여력 | Y75: =IF(OR(Y73="",Y74=""),"",IFERROR(Y73/Y74-1,"")) | Z75: =IF(OR(Z73="",Z74=""),"",IFERROR(Z73/Z74-1,"")) | AA75: =IF(OR(AA73="",AA74=""),"",IFERROR(AA73/AA74-1,"")) | AB75: =IF(OR(AB73="",AB74=""),"",IFERROR(AB73/AB74-1,"")) | AC75: =IF(OR(AC73="",AC74=""),"",IFERROR(AC73/AC74-1,""))
A77: 출처
A78: 결산단신 XBRL(TDnet·JPX 보관소) — 쓴 문서는 '출처' 시트
A79: 분기 = 누계에서 앞 분기를 뺀 3개월 값
A80: 주가: 야후 파이낸스 일봉
A82: 손익계산서 · 전 항목 | B82: 분기 = 3개월 단독
A83: 항목 | B83: 참고 | C83: 2024.2Q | D83: 2024.3Q | E83: 2024.4Q | F83: 2025.1Q | G83: 2025.2Q | H83: 2025.3Q | I83: 2025.4Q | J83: 2026.1Q | K83: 2026.2Q | L83: 2026.3Q | M83: 2026.4Q | N83: 2027.1Q | O83: 2017 | P83: 2018 | Q83: 2019 | R83: 2020 | S83: 2021 | T83: 2022 | U83: 2023 | V83: 2024 | W83: 2025 | X83: 2026 | Y83: 2027(MW) | Z83: 2028(MW) | AA83: 2029(MW) | AB83: 2030(MW) | AC83: 2031(MW)
A84: 매출액 | C84: 60686 | D84: 60050 | E84: 63140 | F84: 56607 | G84: 55105 | H84: 50384 | I84: 54283 | J84: 45136 | K84: 51108 | L84: 50472 | M84: 57032 | N84: 60322 | T84: 52015 | U84: 64454 | V84: 63140 | W84: 54283 | X84: 57032
A85: 매출원가 | C85: 51595 | D85: 51050 | E85: 52984 | F85: 47411 | G85: 47877 | H85: 42132 | I85: 45226 | J85: 38681 | K85: 43717 | L85: 42392 | M85: 47416 | N85: 51015 | T85: 44056 | U85: 54990 | V85: 52984 | W85: 45226 | X85: 47416
A86: 매출총이익 | C86: 9090 | D86: 9000 | E86: 10157 | F86: 9195 | G86: 7228 | H86: 8252 | I86: 9057 | J86: 6454 | K86: 7391 | L86: 8081 | M86: 9615 | N86: 9306 | T86: 7958 | U86: 9463 | V86: 10157 | W86: 9057 | X86: 9615
A87: 급여·수당 | C87: 1873 | D87: 1896 | E87: 1859 | F87: 1929 | G87: 1984 | H87: 2037 | I87: 1980 | J87: 2071 | K87: 2111 | L87: 2150 | M87: 2068 | N87: 2115 | T87: 1733 | U87: 1763 | V87: 1859 | W87: 1980 | X87: 2068
A88: 상여충당금 전입 | C88: 1238 | D88: -1011 | E88: 1199 | F88: 752 | G88: 856 | H88: -648 | I88: 916 | J88: 617 | K88: 695 | L88: -405 | M88: 1143 | N88: 753 | T88: 864 | U88: 1597 | V88: 1199 | W88: 916 | X88: 1143
A89: 퇴직급여비용 | C89: 179 | D89: 177 | E89: 178 | F89: 167 | G89: 169 | H89: 169 | I89: 167 | J89: 164 | K89: 162 | L89: 162 | M89: 157 | N89: 105 | T89: 155 | U89: 161 | V89: 178 | W89: 167 | X89: 157
A90: 종업원 주식보상 충당금 전입액 | C90: 66 | D90: 75 | E90: 68 | U90: 77 | V90: 68
A91: 대손충당금 전입 | C91: 8 | D91: -16 | E91: 25 | U91: 1 | V91: 25
A92: 기타 | C92: 2276 | D92: 4230 | E92: 2353 | F92: 2093 | G92: 2179 | H92: 4129 | I92: 2393 | J92: 2145 | K92: 2317 | L92: 3429 | M92: 2301 | N92: 2265 | T92: 1808 | U92: 1840 | V92: 2353 | W92: 2393 | X92: 2301
A93: 판매비와 관리비 합계 | C93: 5566 | D93: 5293 | E93: 5588 | F93: 4942 | G93: 5189 | H93: 5686 | I93: 5457 | J93: 4999 | K93: 5284 | L93: 5336 | M93: 5669 | N93: 5240 | T93: 4560 | U93: 5645 | V93: 5588 | W93: 5457 | X93: 5669
A94: 영업이익 | C94: 3525 | D94: 3707 | E94: 4568 | F94: 4252 | G94: 2040 | H94: 2566 | I94: 3599 | J94: 1455 | K94: 2106 | L94: 2745 | M94: 3947 | N94: 4066 | T94: 3398 | U94: 3818 | V94: 4568 | W94: 3599 | X94: 3947
A95: 수취보증료 | I95: 14 | J95: 20 | M95: 20 | N95: 20 | W95: 14 | X95: 20
A96: 보험배당금 | T96: 0 | U96: 0
A97: 지분법이익 | C97: 44 | D97: 42 | E97: 31 | F97: 34 | G97: 34 | H97: 22 | I97: 150 | L97: -26 | M97: 17 | T97: 12 | U97: 52 | V97: 31 | W97: 150 | X97: 17
A98: 수취 손해배상금 | E98: 0 | U98: 0 | V98: 0
A99: 외환차익 | F99: 0 | G99: 0 | J99: 269 | K99: -215 | N99: 0
A100: 기타 | C100: 72 | D100: 123 | E100: -25 | F100: 72 | G100: 62 | H100: 26 | I100: -57 | J100: 67 | K100: 82 | L100: -15 | M100: -87 | N100: 23 | T100: 15 | U100: -33 | V100: -25 | W100: -57 | X100: -87
A101: 영업외수익 합계 | C101: 116 | D101: 165 | E101: 64 | F101: 72 | G101: 131 | H101: 54 | I101: 214 | J101: 356 | K101: -70 | L101: -35 | M101: 56 | N101: 43 | T101: 28 | U101: 73 | V101: 64 | W101: 214 | X101: 56
A102: 이자비용 | F102: 70 | G102: 68 | H102: 69 | I102: 67 | J102: 53 | K102: 53 | L102: 53 | M102: 63 | N102: 76 | W102: 67 | X102: 63
...

Sheet 재무상태표
A1: 2760 재무상태표
A2: 재무비율은 기말 잔액 기준 · 분기 손익은 최근 4분기 합산(TTM) | B2: (단위: 백만엔)
A3: 항목 | B3: 참고 | C3: 2026.1Q | D3: 2026.2Q | E3: 2026.3Q | F3: 2026.4Q | G3: 2027.1Q | H3: 2022 | I3: 2023 | J3: 2024 | K3: 2025 | L3: 2026
A4: 자산
A5: 유동자산 | C5: 131545 | D5: 142401 | E5: 145873 | F5: 150337 | G5: 151685 | H5: 98895 | I5: 134309 | J5: 151336 | K5: 144186 | L5: 150337
A6: 현금및현금성자산 | C6: 7013 | D6: 8695 | E6: 5641 | F6: 7622 | G6: 5445 | H6: 5134 | I6: 6538 | J6: 6867 | K6: 8384 | L6: 7622
A7: 단기금융상품
A8: 매출채권 | C8: 40798 | D8: 48567 | E8: 54075 | F8: 54434 | G8: 56164 | H8: 0 | I8: 57737 | J8: 57234 | K8: 49226 | L8: 54434
A9: 재고자산 | C9: 49386 | D9: 50332 | E9: 46061 | F9: 48965 | G9: 49758 | H9: 27507 | I9: 43082 | J9: 56436 | K9: 52867 | L9: 48965
A10: 기타유동자산 | B10: 총계 − 위 항목 | C10: =IF(OR(C5=""),"",IFERROR(C5-SUM(C6,C7,C8,C9),"")) | D10: =IF(OR(D5=""),"",IFERROR(D5-SUM(D6,D7,D8,D9),"")) | E10: =IF(OR(E5=""),"",IFERROR(E5-SUM(E6,E7,E8,E9),"")) | F10: =IF(OR(F5=""),"",IFERROR(F5-SUM(F6,F7,F8,F9),"")) | G10: =IF(OR(G5=""),"",IFERROR(G5-SUM(G6,G7,G8,G9),"")) | H10: =IF(OR(H5=""),"",IFERROR(H5-SUM(H6,H7,H8,H9),"")) | I10: =IF(OR(I5=""),"",IFERROR(I5-SUM(I6,I7,I8,I9),"")) | J10: =IF(OR(J5=""),"",IFERROR(J5-SUM(J6,J7,J8,J9),"")) | ... L10: =IF(OR(L5=""),"",IFERROR(L5-SUM(L6,L7,L8,L9),""))
A11: 비유동자산 | C11: 12575 | D11: 12524 | E11: 12457 | F11: 11874 | G11: 11908 | H11: 8906 | I11: 9143 | J11: 11231 | K11: 12655 | L11: 11874
A12: 유형자산 | C12: 4303 | D12: 4282 | E12: 4272 | F12: 3809 | G12: 3738 | H12: 3662 | I12: 3481 | J12: 3356 | K12: 4319 | L12: 3809
A13: 무형자산 | C13: 1804 | D13: 1714 | E13: 1679 | F13: 1580 | G13: 1607 | H13: 157 | I13: 226 | J13: 2192 | K13: 1912 | L13: 1580
A14: 투자부동산
A15: 기타비유동자산 | B15: 총계 − 위 항목 | C15: =IF(OR(C11=""),"",IFERROR(C11-SUM(C12,C13,C14),"")) | D15: =IF(OR(D11=""),"",IFERROR(D11-SUM(D12,D13,D14),"")) | E15: =IF(OR(E11=""),"",IFERROR(E11-SUM(E12,E13,E14),"")) | F15: =IF(OR(F11=""),"",IFERROR(F11-SUM(F12,F13,F14),"")) | G15: =IF(OR(G11=""),"",IFERROR(G11-SUM(G12,G13,G14),"")) | H15: =IF(OR(H11=""),"",IFERROR(H11-SUM(H12,H13,H14),"")) | I15: =IF(OR(I11=""),"",IFERROR(I11-SUM(I12,I13,I14),"")) | J15: =IF(OR(J11=""),"",IFERROR(J11-SUM(J12,J13,J14),"")) | ... L15: =IF(OR(L11=""),"",IFERROR(L11-SUM(L12,L13,L14),""))
A16: 자산총계 | C16: 144121 | D16: 154925 | E16: 158331 | F16: 162211 | G16: 163594 | H16: 107801 | I16: 143452 | J16: 162567 | K16: 156841 | L16: 162211
A17: 부채
A18: 유동부채 | C18: 63017 | D18: 73467 | E18: 84288 | F18: 85000 | G18: 85963 | H18: 56622 | I18: 70595 | J18: 89035 | K18: 74605 | L18: 85000
A19: 매입채무 | C19: 17935 | D19: 17787 | E19: 20915 | F19: 23650 | G19: 21769 | H19: 15434 | I19: 20214 | J19: 22690 | K19: 19407 | L19: 23650
A20: 단기차입금 | C20: 1303 | D20: 5258 | E20: 5825 | F20: 2339 | G20: 5604 | H20: 14521 | I20: 20949 | J20: 22401 | K20: 8200 | L20: 2339
A21: 유동성장기부채 | C21: 2700 | D21: 2700 | E21: 9800 | F21: 9000 | G21: 9000 | H21: 4840 | I21: 3 | J21: 7000 | K21: 2700 | L21: 9000
A22: 기타유동부채 | B22: 총계 − 위 항목 | C22: =IF(OR(C18=""),"",IFERROR(C18-SUM(C19,C20,C21),"")) | D22: =IF(OR(D18=""),"",IFERROR(D18-SUM(D19,D20,D21),"")) | E22: =IF(OR(E18=""),"",IFERROR(E18-SUM(E19,E20,E21),"")) | F22: =IF(OR(F18=""),"",IFERROR(F18-SUM(F19,F20,F21),"")) | G22: =IF(OR(G18=""),"",IFERROR(G18-SUM(G19,G20,G21),"")) | H22: =IF(OR(H18=""),"",IFERROR(H18-SUM(H19,H20,H21),"")) | I22: =IF(OR(I18=""),"",IFERROR(I18-SUM(I19,I20,I21),"")) | J22: =IF(OR(J18=""),"",IFERROR(J18-SUM(J19,J20,J21),"")) | ... L22: =IF(OR(L18=""),"",IFERROR(L18-SUM(L19,L20,L21),""))
A23: 비유동부채 | C23: 33007 | D23: 33051 | E23: 23953 | F23: 23454 | G23: 23268 | H23: 19160 | I23: 33859 | J23: 27341 | K23: 33232 | L23: 23454
A24: 장기차입금 | C24: 24495 | D24: 24347 | E24: 15200 | F24: 15094 | G24: 14926 | H24: 9963 | I24: 24700 | J24: 17700 | K24: 24660 | L24: 15094
A25: 사채
A26: 기타비유동부채 | B26: 총계 − 위 항목 | C26: =IF(OR(C23=""),"",IFERROR(C23-SUM(C24,C25),"")) | D26: =IF(OR(D23=""),"",IFERROR(D23-SUM(D24,D25),"")) | E26: =IF(OR(E23=""),"",IFERROR(E23-SUM(E24,E25),"")) | F26: =IF(OR(F23=""),"",IFERROR(F23-SUM(F24,F25),"")) | G26: =IF(OR(G23=""),"",IFERROR(G23-SUM(G24,G25),"")) | H26: =IF(OR(H23=""),"",IFERROR(H23-SUM(H24,H25),"")) | I26: =IF(OR(I23=""),"",IFERROR(I23-SUM(I24,I25),"")) | J26: =IF(OR(J23=""),"",IFERROR(J23-SUM(J24,J25),"")) | ... L26: =IF(OR(L23=""),"",IFERROR(L23-SUM(L24,L25),""))
A27: 부채총계 | C27: 96025 | D27: 106518 | E27: 108241 | F27: 108455 | G27: 109232 | H27: 75783 | I27: 104455 | J27: 116377 | K27: 107837 | L27: 108455
A28: 총차입금 | B28: 단기+유동성장기+장기+사채 | C28: =SUM(C20,C21,C24,C25) | D28: =SUM(D20,D21,D24,D25) | E28: =SUM(E20,E21,E24,E25) | F28: =SUM(F20,F21,F24,F25) | G28: =SUM(G20,G21,G24,G25) | H28: =SUM(H20,H21,H24,H25) | I28: =SUM(I20,I21,I24,I25) | J28: =SUM(J20,J21,J24,J25) | ... L28: =SUM(L20,L21,L24,L25)
A29: 순차입금 | B29: 음수 = 순현금 | C29: =C28-C6-N(C7) | D29: =D28-D6-N(D7) | E29: =E28-E6-N(E7) | F29: =F28-F6-N(F7) | G29: =G28-G6-N(G7) | H29: =H28-H6-N(H7) | I29: =I28-I6-N(I7) | J29: =J28-J6-N(J7) | ... L29: =L28-L6-N(L7)
A30: 자본
A31: 지배주주지분 | C31: 46939 | D31: 47244 | E31: 49177 | F31: 52831 | G31: 53432 | H31: 30953 | I31: 37849 | J31: 45042 | K31: 47861 | L31: 52831
A32: 자본금 | C32: 2495 | D32: 2495 | E32: 2495 | F32: 2495 | G32: 2495 | H32: 2495 | I32: 2495 | J32: 2495 | K32: 2495 | L32: 2495
A33: 이익잉여금 | C33: 40408 | D33: 41770 | E33: 43124 | F33: 45936 | G33: 46332 | H33: 24262 | I33: 30482 | J33: 36363 | K33: 41289 | L33: 45936
A34: 비지배지분 | C34: 1156 | D34: 1162 | E34: 912 | F34: 925 | G34: 929 | H34: 1065 | I34: 1148 | J34: 1148 | K34: 1143 | L34: 925
A35: 자본총계 | C35: 48095 | D35: 48406 | E35: 50089 | F35: 53756 | G35: 54361 | H35: 32018 | I35: 38997 | J35: 46190 | K35: 49004 | L35: 53756
A36: 현금흐름 요약 | B36: 분기 = TTM (있을 때만)
A37: 영업활동현금흐름 | C37: 23395 | D37: 21082 | E37: 17403 | F37: 15684 | G37: 1129 | H37: -891 | I37: -12185 | J37: 301 | K37: 18915 | L37: 15684
A38: CAPEX (유·무형 취득) | B38: 양수로 입력 | C38: 1525 | D38: 744 | E38: 379 | F38: 381 | G38: 471 | H38: 380 | I38: 270 | J38: 903 | K38: 1762 | L38: 381
A39: FCF | C39: =IF(OR(C37="",C38=""),"",IFERROR(C37-C38,"")) | D39: =IF(OR(D37="",D38=""),"",IFERROR(D37-D38,"")) | E39: =IF(OR(E37="",E38=""),"",IFERROR(E37-E38,"")) | F39: =IF(OR(F37="",F38=""),"",IFERROR(F37-F38,"")) | G39: =IF(OR(G37="",G38=""),"",IFERROR(G37-G38,"")) | H39: =IF(OR(H37="",H38=""),"",IFERROR(H37-H38,"")) | I39: =IF(OR(I37="",I38=""),"",IFERROR(I37-I38,"")) | J39: =IF(OR(J37="",J38=""),"",IFERROR(J37-J38,"")) | ... L39: =IF(OR(L37="",L38=""),"",IFERROR(L37-L38,""))
A40: 배당금 지급 | B40: 양수로 입력 | C40: 3540 | D40: 3540 | E40: 3002 | F40: 3002 | G40: 3148 | H40: 1894 | I40: 2428 | J40: 3916 | K40: 3786 | L40: 3002
A41: 주요 재무 비율 | B41: 기준 (빨간 글씨 = 미달)
A42: 안정성
A43: 부채비율 | B43: 100%↓ | C43: =IF(OR(C27="",C35=""),"",IFERROR(C27/C35,"")) | D43: =IF(OR(D27="",D35=""),"",IFERROR(D27/D35,"")) | E43: =IF(OR(E27="",E35=""),"",IFERROR(E27/E35,"")) | F43: =IF(OR(F27="",F35=""),"",IFERROR(F27/F35,"")) | G43: =IF(OR(G27="",G35=""),"",IFERROR(G27/G35,"")) | H43: =IF(OR(H27="",H35=""),"",IFERROR(H27/H35,"")) | I43: =IF(OR(I27="",I35=""),"",IFERROR(I27/I35,"")) | J43: =IF(OR(J27="",J35=""),"",IFERROR(J27/J35,"")) | ... L43: =IF(OR(L27="",L35=""),"",IFERROR(L27/L35,""))
A44: 순차입금비율 | B44: 0%↓ 순현금 | C44: =IF(OR(C29="",C35=""),"",IFERROR(C29/C35,"")) | D44: =IF(OR(D29="",D35=""),"",IFERROR(D29/D35,"")) | E44: =IF(OR(E29="",E35=""),"",IFERROR(E29/E35,"")) | F44: =IF(OR(F29="",F35=""),"",IFERROR(F29/F35,"")) | G44: =IF(OR(G29="",G35=""),"",IFERROR(G29/G35,"")) | H44: =IF(OR(H29="",H35=""),"",IFERROR(H29/H35,"")) | I44: =IF(OR(I29="",I35=""),"",IFERROR(I29/I35,"")) | J44: =IF(OR(J29="",J35=""),"",IFERROR(J29/J35,"")) | ... L44: =IF(OR(L29="",L35=""),"",IFERROR(L29/L35,""))
A45: 자기자본비율 | B45: 50%↑ | C45: =IF(OR(C35="",C16=""),"",IFERROR(C35/C16,"")) | D45: =IF(OR(D35="",D16=""),"",IFERROR(D35/D16,"")) | E45: =IF(OR(E35="",E16=""),"",IFERROR(E35/E16,"")) | F45: =IF(OR(F35="",F16=""),"",IFERROR(F35/F16,"")) | G45: =IF(OR(G35="",G16=""),"",IFERROR(G35/G16,"")) | H45: =IF(OR(H35="",H16=""),"",IFERROR(H35/H16,"")) | I45: =IF(OR(I35="",I16=""),"",IFERROR(I35/I16,"")) | J45: =IF(OR(J35="",J16=""),"",IFERROR(J35/J16,"")) | ... L45: =IF(OR(L35="",L16=""),"",IFERROR(L35/L16,""))
A46: 유동비율 | B46: 150%↑ | C46: =IF(OR(C5="",C18=""),"",IFERROR(C5/C18,"")) | D46: =IF(OR(D5="",D18=""),"",IFERROR(D5/D18,"")) | E46: =IF(OR(E5="",E18=""),"",IFERROR(E5/E18,"")) | F46: =IF(OR(F5="",F18=""),"",IFERROR(F5/F18,"")) | G46: =IF(OR(G5="",G18=""),"",IFERROR(G5/G18,"")) | H46: =IF(OR(H5="",H18=""),"",IFERROR(H5/H18,"")) | I46: =IF(OR(I5="",I18=""),"",IFERROR(I5/I18,"")) | J46: =IF(OR(J5="",J18=""),"",IFERROR(J5/J18,"")) | ... L46: =IF(OR(L5="",L18=""),"",IFERROR(L5/L18,""))
A47: 당좌비율 | B47: 100%↑ | C47: =IF(OR(C5="",C18=""),"",IFERROR((C5-N(C9))/C18,"")) | D47: =IF(OR(D5="",D18=""),"",IFERROR((D5-N(D9))/D18,"")) | E47: =IF(OR(E5="",E18=""),"",IFERROR((E5-N(E9))/E18,"")) | F47: =IF(OR(F5="",F18=""),"",IFERROR((F5-N(F9))/F18,"")) | G47: =IF(OR(G5="",G18=""),"",IFERROR((G5-N(G9))/G18,"")) | H47: =IF(OR(H5="",H18=""),"",IFERROR((H5-N(H9))/H18,"")) | I47: =IF(OR(I5="",I18=""),"",IFERROR((I5-N(I9))/I18,"")) | J47: =IF(OR(J5="",J18=""),"",IFERROR((J5-N(J9))/J18,"")) | ... L47: =IF(OR(L5="",L18=""),"",IFERROR((L5-N(L9))/L18,""))
A48: 이자보상배율 | B48: 5x↑ (금융원가 기준) | C48: =IFERROR((IF(COUNT('연간'!G22:J22)<4,"",SUM('연간'!G22:J22)))/(IF(COUNT('연간'!G44:J44)<4,"",SUM('연간'!G44:J44))),"") | D48: =IFERROR((IF(COUNT('연간'!H22:K22)<4,"",SUM('연간'!H22:K22)))/(IF(COUNT('연간'!H44:K44)<4,"",SUM('연간'!H44:K44))),"") | E48: =IFERROR((IF(COUNT('연간'!I22:L22)<4,"",SUM('연간'!I22:L22)))/(IF(COUNT('연간'!I44:L44)<4,"",SUM('연간'!I44:L44))),"") | F48: =IFERROR((IF(COUNT('연간'!J22:M22)<4,"",SUM('연간'!J22:M22)))/(IF(COUNT('연간'!J44:M44)<4,"",SUM('연간'!J44:M44))),"") | G48: =IFERROR((IF(COUNT('연간'!K22:N22)<4,"",SUM('연간'!K22:N22)))/(IF(COUNT('연간'!K44:N44)<4,"",SUM('연간'!K44:N44))),"") | H48: =IFERROR(('연간'!T22)/('연간'!T44),"") | I48: =IFERROR(('연간'!U22)/('연간'!U44),"") | J48: =IFERROR(('연간'!V22)/('연간'!V44),"") | K48: =IFERROR(('연간'!W22)/('연간'!W44),"") | L48: =IFERROR(('연간'!X22)/('연간'!X44),"")
A49: 차입금 상환연수 | B49: 4년↓ (버핏) | C49: =IFERROR(IF((IF(COUNT('연간'!G50:J50)<4,"",SUM('연간'!G50:J50)))<=0,"적자",C28/(IF(COUNT('연간'!G50:J50)<4,"",SUM('연간'!G50:J50)))),"") | D49: =IFERROR(IF((IF(COUNT('연간'!H50:K50)<4,"",SUM('연간'!H50:K50)))<=0,"적자",D28/(IF(COUNT('연간'!H50:K50)<4,"",SUM('연간'!H50:K50)))),"") | E49: =IFERROR(IF((IF(COUNT('연간'!I50:L50)<4,"",SUM('연간'!I50:L50)))<=0,"적자",E28/(IF(COUNT('연간'!I50:L50)<4,"",SUM('연간'!I50:L50)))),"") | F49: =IFERROR(IF((IF(COUNT('연간'!J50:M50)<4,"",SUM('연간'!J50:M50)))<=0,"적자",F28/(IF(COUNT('연간'!J50:M50)<4,"",SUM('연간'!J50:M50)))),"") | G49: =IFERROR(IF((IF(COUNT('연간'!K50:N50)<4,"",SUM('연간'!K50:N50)))<=0,"적자",G28/(IF(COUNT('연간'!K50:N50)<4,"",SUM('연간'!K50:N50)))),"") | H49: =IFERROR(IF(('연간'!T50)<=0,"적자",H28/('연간'!T50)),"") | I49: =IFERROR(IF(('연간'!U50)<=0,"적자",I28/('연간'!U50)),"") | J49: =IFERROR(IF(('연간'!V50)<=0,"적자",J28/('연간'!V50)),"") | K49: =IFERROR(IF(('연간'!W50)<=0,"적자",K28/('연간'!W50)),"") | L49: =IFERROR(IF(('연간'!X50)<=0,"적자",L28/('연간'!X50)),"")
A50: 수익성
A51: ROE | B51: 15%↑ (버핏) | C51: =IFERROR((IF(COUNT('연간'!G50:J50)<4,"",SUM('연간'!G50:J50)))/C31,"") | D51: =IFERROR((IF(COUNT('연간'!H50:K50)<4,"",SUM('연간'!H50:K50)))/D31,"") | E51: =IFERROR((IF(COUNT('연간'!I50:L50)<4,"",SUM('연간'!I50:L50)))/E31,"") | F51: =IFERROR((IF(COUNT('연간'!J50:M50)<4,"",SUM('연간'!J50:M50)))/F31,"") | G51: =IFERROR((IF(COUNT('연간'!K50:N50)<4,"",SUM('연간'!K50:N50)))/G31,"") | H51: =IFERROR(('연간'!T50)/H31,"") | I51: =IFERROR(('연간'!U50)/I31,"") | J51: =IFERROR(('연간'!V50)/J31,"") | K51: =IFERROR(('연간'!W50)/K31,"") | L51: =IFERROR(('연간'!X50)/L31,"")
A52: ROA | B52: 5%↑ | C52: =IFERROR((IF(COUNT('연간'!G49:J49)<4,"",SUM('연간'!G49:J49)))/C16,"") | D52: =IFERROR((IF(COUNT('연간'!H49:K49)<4,"",SUM('연간'!H49:K49)))/D16,"") | E52: =IFERROR((IF(COUNT('연간'!I49:L49)<4,"",SUM('연간'!I49:L49)))/E16,"") | F52: =IFERROR((IF(COUNT('연간'!J49:M49)<4,"",SUM('연간'!J49:M49)))/F16,"") | G52: =IFERROR((IF(COUNT('연간'!K49:N49)<4,"",SUM('연간'!K49:N49)))/G16,"") | H52: =IFERROR(('연간'!T49)/H16,"") | I52: =IFERROR(('연간'!U49)/I16,"") | J52: =IFERROR(('연간'!V49)/J16,"") | K52: =IFERROR(('연간'!W49)/K16,"") | L52: =IFERROR(('연간'!X49)/L16,"")
A53: ROIC | B53: 10%↑ (세후영업이익 기준) | C53: =IFERROR((IF(COUNT('연간'!G22:J22)<4,"",SUM('연간'!G22:J22)))*(1-0.3)/(C35+C29),"") | D53: =IFERROR((IF(COUNT('연간'!H22:K22)<4,"",SUM('연간'!H22:K22)))*(1-0.3)/(D35+D29),"") | E53: =IFERROR((IF(COUNT('연간'!I22:L22)<4,"",SUM('연간'!I22:L22)))*(1-0.3)/(E35+E29),"") | F53: =IFERROR((IF(COUNT('연간'!J22:M22)<4,"",SUM('연간'!J22:M22)))*(1-0.3)/(F35+F29),"") | G53: =IFERROR((IF(COUNT('연간'!K22:N22)<4,"",SUM('연간'!K22:N22)))*(1-0.3)/(G35+G29),"") | H53: =IFERROR(('연간'!T22)*(1-0.3)/(H35+H29),"") | I53: =IFERROR(('연간'!U22)*(1-0.3)/(I35+I29),"") | J53: =IFERROR(('연간'!V22)*(1-0.3)/(J35+J29),"") | K53: =IFERROR(('연간'!W22)*(1-0.3)/(K35+K29),"") | L53: =IFERROR(('연간'!X22)*(1-0.3)/(L35+L29),"")
A54: 매출총이익률 (GPM) | B54: 40%↑ (해자 신호) | C54: =IFERROR((IF(COUNT('연간'!G18:J18)<4,"",SUM('연간'!G18:J18)))/(IF(COUNT('연간'!G4:J4)<4,"",SUM('연간'!G4:J4))),"") | D54: =IFERROR((IF(COUNT('연간'!H18:K18)<4,"",SUM('연간'!H18:K18)))/(IF(COUNT('연간'!H4:K4)<4,"",SUM('연간'!H4:K4))),"") | E54: =IFERROR((IF(COUNT('연간'!I18:L18)<4,"",SUM('연간'!I18:L18)))/(IF(COUNT('연간'!I4:L4)<4,"",SUM('연간'!I4:L4))),"") | F54: =IFERROR((IF(COUNT('연간'!J18:M18)<4,"",SUM('연간'!J18:M18)))/(IF(COUNT('연간'!J4:M4)<4,"",SUM('연간'!J4:M4))),"") | G54: =IFERROR((IF(COUNT('연간'!K18:N18)<4,"",SUM('연간'!K18:N18)))/(IF(COUNT('연간'!K4:N4)<4,"",SUM('연간'!K4:N4))),"") | H54: =IFERROR(('연간'!T18)/('연간'!T4),"") | I54: =IFERROR(('연간'!U18)/('연간'!U4),"") | J54: =IFERROR(('연간'!V18)/('연간'!V4),"") | K54: =IFERROR(('연간'!W18)/('연간'!W4),"") | L54: =IFERROR(('연간'!X18)/('연간'!X4),"")
A55: 영업이익률 (OPM) | B55: 15%↑ | C55: =IFERROR((IF(COUNT('연간'!G22:J22)<4,"",SUM('연간'!G22:J22)))/(IF(COUNT('연간'!G4:J4)<4,"",SUM('연간'!G4:J4))),"") | D55: =IFERROR((IF(COUNT('연간'!H22:K22)<4,"",SUM('연간'!H22:K22)))/(IF(COUNT('연간'!H4:K4)<4,"",SUM('연간'!H4:K4))),"") | E55: =IFERROR((IF(COUNT('연간'!I22:L22)<4,"",SUM('연간'!I22:L22)))/(IF(COUNT('연간'!I4:L4)<4,"",SUM('연간'!I4:L4))),"") | F55: =IFERROR((IF(COUNT('연간'!J22:M22)<4,"",SUM('연간'!J22:M22)))/(IF(COUNT('연간'!J4:M4)<4,"",SUM('연간'!J4:M4))),"") | G55: =IFERROR((IF(COUNT('연간'!K22:N22)<4,"",SUM('연간'!K22:N22)))/(IF(COUNT('연간'!K4:N4)<4,"",SUM('연간'!K4:N4))),"") | H55: =IFERROR(('연간'!T22)/('연간'!T4),"") | I55: =IFERROR(('연간'!U22)/('연간'!U4),"") | J55: =IFERROR(('연간'!V22)/('연간'!V4),"") | K55: =IFERROR(('연간'!W22)/('연간'!W4),"") | L55: =IFERROR(('연간'!X22)/('연간'!X4),"")
A56: 순이익률 | B56: 10%↑ | C56: =IFERROR((IF(COUNT('연간'!G49:J49)<4,"",SUM('연간'!G49:J49)))/(IF(COUNT('연간'!G4:J4)<4,"",SUM('연간'!G4:J4))),"") | D56: =IFERROR((IF(COUNT('연간'!H49:K49)<4,"",SUM('연간'!H49:K49)))/(IF(COUNT('연간'!H4:K4)<4,"",SUM('연간'!H4:K4))),"") | E56: =IFERROR((IF(COUNT('연간'!I49:L49)<4,"",SUM('연간'!I49:L49)))/(IF(COUNT('연간'!I4:L4)<4,"",SUM('연간'!I4:L4))),"") | F56: =IFERROR((IF(COUNT('연간'!J49:M49)<4,"",SUM('연간'!J49:M49)))/(IF(COUNT('연간'!J4:M4)<4,"",SUM('연간'!J4:M4))),"") | G56: =IFERROR((IF(COUNT('연간'!K49:N49)<4,"",SUM('연간'!K49:N49)))/(IF(COUNT('연간'!K4:N4)<4,"",SUM('연간'!K4:N4))),"") | H56: =IFERROR(('연간'!T49)/('연간'!T4),"") | I56: =IFERROR(('연간'!U49)/('연간'!U4),"") | J56: =IFERROR(('연간'!V49)/('연간'!V4),"") | K56: =IFERROR(('연간'!W49)/('연간'!W4),"") | L56: =IFERROR(('연간'!X49)/('연간'!X4),"")
A57: 효율성 (회전율)
A58: 총자산회전율 | B58: 높을수록↑ | C58: =IFERROR((IF(COUNT('연간'!G4:J4)<4,"",SUM('연간'!G4:J4)))/C16,"") | D58: =IFERROR((IF(COUNT('연간'!H4:K4)<4,"",SUM('연간'!H4:K4)))/D16,"") | E58: =IFERROR((IF(COUNT('연간'!I4:L4)<4,"",SUM('연간'!I4:L4)))/E16,"") | F58: =IFERROR((IF(COUNT('연간'!J4:M4)<4,"",SUM('연간'!J4:M4)))/F16,"") | G58: =IFERROR((IF(COUNT('연간'!K4:N4)<4,"",SUM('연간'!K4:N4)))/G16,"") | H58: =IFERROR(('연간'!T4)/H16,"") | I58: =IFERROR(('연간'!U4)/I16,"") | J58: =IFERROR(('연간'!V4)/J16,"") | K58: =IFERROR(('연간'!W4)/K16,"") | L58: =IFERROR(('연간'!X4)/L16,"")
A59: 매출채권회전일수 | B59: 짧을수록↑ | C59: =IFERROR(C8/(IF(COUNT('연간'!G4:J4)<4,"",SUM('연간'!G4:J4)))*365,"") | D59: =IFERROR(D8/(IF(COUNT('연간'!H4:K4)<4,"",SUM('연간'!H4:K4)))*365,"") | E59: =IFERROR(E8/(IF(COUNT('연간'!I4:L4)<4,"",SUM('연간'!I4:L4)))*365,"") | F59: =IFERROR(F8/(IF(COUNT('연간'!J4:M4)<4,"",SUM('연간'!J4:M4)))*365,"") | G59: =IFERROR(G8/(IF(COUNT('연간'!K4:N4)<4,"",SUM('연간'!K4:N4)))*365,"") | H59: =IFERROR(H8/('연간'!T4)*365,"") | I59: =IFERROR(I8/('연간'!U4)*365,"") | J59: =IFERROR(J8/('연간'!V4)*365,"") | K59: =IFERROR(K8/('연간'!W4)*365,"") | L59: =IFERROR(L8/('연간'!X4)*365,"")
A60: 재고자산회전일수 | B60: 짧을수록↑ | C60: =IFERROR(C9/(IF(COUNT('연간'!G17:J17)<4,"",SUM('연간'!G17:J17)))*365,"") | D60: =IFERROR(D9/(IF(COUNT('연간'!H17:K17)<4,"",SUM('연간'!H17:K17)))*365,"") | E60: =IFERROR(E9/(IF(COUNT('연간'!I17:L17)<4,"",SUM('연간'!I17:L17)))*365,"") | F60: =IFERROR(F9/(IF(COUNT('연간'!J17:M17)<4,"",SUM('연간'!J17:M17)))*365,"") | G60: =IFERROR(G9/(IF(COUNT('연간'!K17:N17)<4,"",SUM('연간'!K17:N17)))*365,"") | H60: =IFERROR(H9/('연간'!T17)*365,"") | I60: =IFERROR(I9/('연간'!U17)*365,"") | J60: =IFERROR(J9/('연간'!V17)*365,"") | K60: =IFERROR(K9/('연간'!W17)*365,"") | L60: =IFERROR(L9/('연간'!X17)*365,"")
A61: 매입채무회전일수 | B61: 길수록 유리 | C61: =IFERROR(C19/(IF(COUNT('연간'!G17:J17)<4,"",SUM('연간'!G17:J17)))*365,"") | D61: =IFERROR(D19/(IF(COUNT('연간'!H17:K17)<4,"",SUM('연간'!H17:K17)))*365,"") | E61: =IFERROR(E19/(IF(COUNT('연간'!I17:L17)<4,"",SUM('연간'!I17:L17)))*365,"") | F61: =IFERROR(F19/(IF(COUNT('연간'!J17:M17)<4,"",SUM('연간'!J17:M17)))*365,"") | G61: =IFERROR(G19/(IF(COUNT('연간'!K17:N17)<4,"",SUM('연간'!K17:N17)))*365,"") | H61: =IFERROR(H19/('연간'!T17)*365,"") | I61: =IFERROR(I19/('연간'!U17)*365,"") | J61: =IFERROR(J19/('연간'!V17)*365,"") | K61: =IFERROR(K19/('연간'!W17)*365,"") | L61: =IFERROR(L19/('연간'!X17)*365,"")
A62: 현금전환주기 (CCC) | B62: 짧을수록↑ | C62: =IF(OR(C59="",C60="",C61=""),"",IFERROR(C59+C60-C61,"")) | D62: =IF(OR(D59="",D60="",D61=""),"",IFERROR(D59+D60-D61,"")) | E62: =IF(OR(E59="",E60="",E61=""),"",IFERROR(E59+E60-E61,"")) | F62: =IF(OR(F59="",F60="",F61=""),"",IFERROR(F59+F60-F61,"")) | G62: =IF(OR(G59="",G60="",G61=""),"",IFERROR(G59+G60-G61,"")) | H62: =IF(OR(H59="",H60="",H61=""),"",IFERROR(H59+H60-H61,"")) | I62: =IF(OR(I59="",I60="",I61=""),"",IFERROR(I59+I60-I61,"")) | J62: =IF(OR(J59="",J60="",J61=""),"",IFERROR(J59+J60-J61,"")) | ... L62: =IF(OR(L59="",L60="",L61=""),"",IFERROR(L59+L60-L61,""))
A63: 현금흐름
A64: 영업현금흐름 / 순이익 | B64: 1x↑ (이익의 질) | C64: =IF(C37="","",IFERROR(C37/(IF(COUNT('연간'!G49:J49)<4,"",SUM('연간'!G49:J49))),"")) | D64: =IF(D37="","",IFERROR(D37/(IF(COUNT('연간'!H49:K49)<4,"",SUM('연간'!H49:K49))),"")) | E64: =IF(E37="","",IFERROR(E37/(IF(COUNT('연간'!I49:L49)<4,"",SUM('연간'!I49:L49))),"")) | F64: =IF(F37="","",IFERROR(F37/(IF(COUNT('연간'!J49:M49)<4,"",SUM('연간'!J49:M49))),"")) | G64: =IF(G37="","",IFERROR(G37/(IF(COUNT('연간'!K49:N49)<4,"",SUM('연간'!K49:N49))),"")) | H64: =IF(H37="","",IFERROR(H37/('연간'!T49),"")) | I64: =IF(I37="","",IFERROR(I37/('연간'!U49),"")) | J64: =IF(J37="","",IFERROR(J37/('연간'!V49),"")) | K64: =IF(K37="","",IFERROR(K37/('연간'!W49),"")) | L64: =IF(L37="","",IFERROR(L37/('연간'!X49),""))
A65: FCF 마진 | B65: 5%↑ | C65: =IF(C39="","",IFERROR(C39/(IF(COUNT('연간'!G4:J4)<4,"",SUM('연간'!G4:J4))),"")) | D65: =IF(D39="","",IFERROR(D39/(IF(COUNT('연간'!H4:K4)<4,"",SUM('연간'!H4:K4))),"")) | E65: =IF(E39="","",IFERROR(E39/(IF(COUNT('연간'!I4:L4)<4,"",SUM('연간'!I4:L4))),"")) | F65: =IF(F39="","",IFERROR(F39/(IF(COUNT('연간'!J4:M4)<4,"",SUM('연간'!J4:M4))),"")) | G65: =IF(G39="","",IFERROR(G39/(IF(COUNT('연간'!K4:N4)<4,"",SUM('연간'!K4:N4))),"")) | H65: =IF(H39="","",IFERROR(H39/('연간'!T4),"")) | I65: =IF(I39="","",IFERROR(I39/('연간'!U4),"")) | J65: =IF(J39="","",IFERROR(J39/('연간'!V4),"")) | K65: =IF(K39="","",IFERROR(K39/('연간'!W4),"")) | L65: =IF(L39="","",IFERROR(L39/('연간'!X4),""))
A66: CAPEX / 매출 | B66: 낮을수록↑ (자본 가벼움) | C66: =IF(C38="","",IFERROR(C38/(IF(COUNT('연간'!G4:J4)<4,"",SUM('연간'!G4:J4))),"")) | D66: =IF(D38="","",IFERROR(D38/(IF(COUNT('연간'!H4:K4)<4,"",SUM('연간'!H4:K4))),"")) | E66: =IF(E38="","",IFERROR(E38/(IF(COUNT('연간'!I4:L4)<4,"",SUM('연간'!I4:L4))),"")) | F66: =IF(F38="","",IFERROR(F38/(IF(COUNT('연간'!J4:M4)<4,"",SUM('연간'!J4:M4))),"")) | G66: =IF(G38="","",IFERROR(G38/(IF(COUNT('연간'!K4:N4)<4,"",SUM('연간'!K4:N4))),"")) | H66: =IF(H38="","",IFERROR(H38/('연간'!T4),"")) | I66: =IF(I38="","",IFERROR(I38/('연간'!U4),"")) | J66: =IF(J38="","",IFERROR(J38/('연간'!V4),"")) | K66: =IF(K38="","",IFERROR(K38/('연간'!W4),"")) | L66: =IF(L38="","",IFERROR(L38/('연간'!X4),""))
A67: 배당성향 | B67: 참고 | C67: =IF(C40="","",IFERROR(C40/(IF(COUNT('연간'!G50:J50)<4,"",SUM('연간'!G50:J50))),"")) | D67: =IF(D40="","",IFERROR(D40/(IF(COUNT('연간'!H50:K50)<4,"",SUM('연간'!H50:K50))),"")) | E67: =IF(E40="","",IFERROR(E40/(IF(COUNT('연간'!I50:L50)<4,"",SUM('연간'!I50:L50))),"")) | F67: =IF(F40="","",IFERROR(F40/(IF(COUNT('연간'!J50:M50)<4,"",SUM('연간'!J50:M50))),"")) | G67: =IF(G40="","",IFERROR(G40/(IF(COUNT('연간'!K50:N50)<4,"",SUM('연간'!K50:N50))),"")) | H67: =IF(H40="","",IFERROR(H40/('연간'!T50),"")) | I67: =IF(I40="","",IFERROR(I40/('연간'!U50),"")) | J67: =IF(J40="","",IFERROR(J40/('연간'!V50),"")) | K67: =IF(K40="","",IFERROR(K40/('연간'!W50),"")) | L67: =IF(L40="","",IFERROR(L40/('연간'!X50),""))
A69: 재무상태표 · 전 항목 | B69: 분기 말 잔액
A70: 항목 | B70: 참고 | C70: 2026.1Q | D70: 2026.2Q | E70: 2026.3Q | F70: 2026.4Q | G70: 2027.1Q | H70: 2022 | I70: 2023 | J70: 2024 | K70: 2025 | L70: 2026
A71: 현금 및 예금 | C71: 7013 | D71: 8695 | E71: 5641 | F71: 7622 | G71: 5445 | H71: 5134 | I71: 6538 | J71: 6867 | K71: 8384 | L71: 7622
A72: 받을어음·매출채권·계약자산 | C72: 40798 | D72: 48567 | E72: 54075 | H72: 47217 | I72: 57737 | J72: 57234 | K72: 49226
A73: 받을어음·매출채권 | F73: 54434 | G73: 56164 | H73: 0 | K73: 49226 | L73: 54434
A74: 전자기록채권 | C74: 3533 | D74: 1956 | E74: 2462 | F74: 3651 | G74: 3946 | H74: 3231 | I74: 4801 | J74: 4241 | K74: 2717 | L74: 3651
A75: 상품·제품 | C75: 46860 | D75: 47952 | E75: 46061 | F75: 46747 | G75: 47503 | H75: 25937 | I75: 40402 | J75: 53275 | K75: 50281 | L75: 46747
A76: 원재료 | E76: 2320 | F76: 2218 | H76: 1570 | I76: 2680 | J76: 3161 | K76: 2586 | L76: 2218
A77: 원재료 | C77: 2526 | D77: 2380 | F77: 2218 | G77: 2255 | H77: 1570 | I77: 2680 | J77: 3161 | K77: 2586 | L77: 2218
A78: 선급비용 | C78: 28355 | D78: 30220 | E78: 31548 | F78: 32298 | G78: 33789 | H78: 11732 | I78: 17332 | J78: 19416 | K78: 25952 | L78: 32298
A79: 기타 | C79: 2518 | D79: 2696 | E79: 3841 | F79: 3443 | G79: 2582 | H79: 4077 | I79: 4821 | J79: 7229 | K79: 5105 | L79: 3443
A80: 대손충당금 | C80: -61 | D80: -68 | E80: -78 | F80: -78 | G80: -1 | H80: -7 | I80: -4 | J80: -90 | K80: -68 | L80: -78
A81: 유동자산 합계 | C81: 131545 | D81: 142401 | E81: 145873 | F81: 150337 | G81: 151685 | H81: 98895 | I81: 134309 | J81: 151336 | K81: 144186 | L81: 150337
A82: 건물·구축물 | F82: 4262 | H82: 3691 | I82: 3753 | J82: 3799 | K82: 4417 | L82: 4262
A83: 감가상각누계액 | F83: -1648 | H83: -1396 | I83: -1547 | J83: -1649 | K83: -1533 | L83: -1648
A84: 건물·구축물(순액) | F84: 2613 | H84: 2294 | I84: 2205 | J84: 2150 | K84: 2884 | L84: 2613
A85: 기계장치 | F85: 697 | H85: 470 | I85: 487 | J85: 526 | K85: 688 | L85: 697
A86: 감가상각누계액 | F86: -533 | H86: -276 | I86: -333 | J86: -388 | K86: -469 | L86: -533
A87: 기계장치(순액) | F87: 163 | H87: 194 | I87: 154 | J87: 137 | K87: 219 | L87: 163
A88: 공구·기구·비품 | F88: 2187 | H88: 1939 | I88: 1952 | J88: 2033 | K88: 2083 | L88: 2187
A89: 감가상각누계액 | F89: -1633 | H89: -1514 | I89: -1638 | J89: -1722 | K89: -1536 | L89: -1633
A90: 공구·기구·비품(순액) | F90: 553 | H90: 424 | I90: 314 | J90: 311 | K90: 547 | L90: 553
A91: 토지 | F91: 274 | H91: 586 | I91: 586 | J91: 586 | K91: 586 | L91: 274
A92: 리스자산 | F92: 687 | K92: 511 | L92: 687
A93: 감가상각누계액 | F93: -482 | K93: -433 | L93: -482
A94: 리스자산(순액) | F94: 204 | K94: 77 | L94: 204
A95: 기타 | F95: 2 | H95: 323 | I95: 453 | J95: 499 | K95: 5 | L95: 2
A96: 감가상각누계액 | F96: -1 | H96: -161 | I96: -232 | J96: -328 | K96: -1 | L96: -1
A97: 기타(순액) | F97: 0 | H97: 161 | I97: 220 | J97: 171 | K97: 4 | L97: 0
A98: 유형자산 | C98: 4303 | D98: 4282 | E98: 4272 | F98: 3809 | G98: 3738 | H98: 3662 | I98: 3481 | J98: 3356 | K98: 4319 | L98: 3809
A99: 무형자산 | C99: 1804 | D99: 1714 | E99: 1679 | F99: 1580 | G99: 1607 | H99: 157 | I99: 226 | J99: 2192 | K99: 1912 | L99: 1580
A100: 퇴직급여자산 | C100: 632 | D100: 635 | E100: 638 | F100: 926 | G100: 921 | H100: 297 | I100: 352 | J100: 449 | K100: 629 | L100: 926
A101: 이연법인세자산 | F101: 3449 | H101: 3873 | I101: 4146 | J101: 3867 | K101: 3615 | L101: 3449
...

Sheet 출처
A1: 출처 · 쓴 결산단신
A3: 공시일 | B3: 문서 | C3: PDF
A4: 2026-07-29 | B4: 2027년 3월 결산기 1분기 결산단신 | C4: https://www2.jpx.co.jp/disc/27600/140120260728501090.pdf
A5: 2026-04-27 | B5: 2026년 3월 결산기 연간 결산단신 | C5: https://www2.jpx.co.jp/disc/27600/140120260427511634.pdf
A6: 2026-02-02 | B6: 2026년 3월 결산기 3분기 결산단신 | C6: https://www2.jpx.co.jp/disc/27600/140120260202544463.pdf
A7: 2025-10-29 | B7: 2026년 3월 결산기 2분기 결산단신 | C7: https://www2.jpx.co.jp/disc/27600/140120251029581081.pdf
A8: 2025-07-29 | B8: 2026년 3월 결산기 1분기 결산단신 | C8: https://www2.jpx.co.jp/disc/27600/140120250729522201.pdf
A9: 2025-04-28 | B9: 2025년 3월 결산기 연간 결산단신 | C9: https://www2.jpx.co.jp/disc/27600/140120250428525656.pdf
A10: 2025-01-31 | B10: 2025년 3월 결산기 3분기 결산단신 | C10: https://www2.jpx.co.jp/disc/27600/140120250131559662.pdf
A11: 2024-11-01 | B11: 2025년 3월 결산기 2분기 결산단신 | C11: https://www2.jpx.co.jp/disc/27600/140120241101509315.pdf
A12: 2024-07-31 | B12: 2025년 3월 결산기 1분기 결산단신 | C12: https://www2.jpx.co.jp/disc/27600/140120240731559046.pdf
A13: 2024-04-30 | B13: 2024년 3월 결산기 연간 결산단신 | C13: https://www2.jpx.co.jp/disc/27600/140120240430579664.pdf
A14: 2024-02-02 | B14: 2024년 3월 결산기 3분기 결산단신 | C14: https://www2.jpx.co.jp/disc/27600/140120240201524684.pdf
... A24: 2018-04-24 | B24: 연간 결산단신 | C24: https://www2.jpx.co.jp/disc/27600/140120180423417807.pdf
