Workbook

Sheet 연간
A1: 렌토 Model
A2: 모를 땐 보수적으로 | B2: (단위: 백만엔) | C2: 5월 결산 · 일본 기준 · 2027.1Q = 2027년 5월 결산기 1분기 | Y2: (추정: 파란 글씨 = 직접 입력)
A3: 항목 | B3: 참고 | C3: 2024.2Q | D3: 2024.3Q | E3: 2024.4Q | F3: 2025.1Q | G3: 2025.2Q | H3: 2025.3Q | I3: 2025.4Q | J3: 2026.1Q | K3: 2026.2Q | L3: 2026.3Q | M3: 2026.4Q | N3: 2027.1Q | O3: 2017 | P3: 2018 | Q3: 2019 | R3: 2020 | S3: 2021 | T3: 2022 | U3: 2023 | V3: 2024 | W3: 2025 | X3: 2026 | Y3: 2027(MW) | Z3: 2028(MW) | AA3: 2029(MW) | AB3: 2030(MW) | AC3: 2031(MW)
A4: 매출액 | B4: MW 직접 입력 | H4: 12751.671 | I4: 11775.985 | J4: 12667.779 | K4: 13626.986 | L4: 13626.318 | M4: 13024.218 | N4: 14096.894 | V4: 43690.004 | W4: 49088.449 | X4: 52945.301 | Y4: =IF(COUNT(Y7)=0,"",SUM(Y7)) | Z4: =IF(COUNT(Z7)=0,"",SUM(Z7)) | AA4: =IF(COUNT(AA7)=0,"",SUM(AA7)) | AB4: =IF(COUNT(AB7)=0,"",SUM(AB7)) | AC4: =IF(COUNT(AC7)=0,"",SUM(AC7))
A5: YoY | G5: =IF(OR(G4="",C4=""),"",IFERROR(G4/C4-1,"")) | H5: =IF(OR(H4="",D4=""),"",IFERROR(H4/D4-1,"")) | I5: =IF(OR(I4="",E4=""),"",IFERROR(I4/E4-1,"")) | J5: =IF(OR(J4="",F4=""),"",IFERROR(J4/F4-1,"")) | K5: =IF(OR(K4="",G4=""),"",IFERROR(K4/G4-1,"")) | L5: =IF(OR(L4="",H4=""),"",IFERROR(L4/H4-1,"")) | M5: =IF(OR(M4="",I4=""),"",IFERROR(M4/I4-1,"")) | N5: =IF(OR(N4="",J4=""),"",IFERROR(N4/J4-1,"")) | P5: =IF(OR(P4="",O4=""),"",IFERROR(P4/O4-1,"")) | Q5: =IF(OR(Q4="",P4=""),"",IFERROR(Q4/P4-1,"")) | R5: =IF(OR(R4="",Q4=""),"",IFERROR(R4/Q4-1,"")) | S5: =IF(OR(S4="",R4=""),"",IFERROR(S4/R4-1,"")) | T5: =IF(OR(T4="",S4=""),"",IFERROR(T4/S4-1,"")) | U5: =IF(OR(U4="",T4=""),"",IFERROR(U4/T4-1,"")) | V5: =IF(OR(V4="",U4=""),"",IFERROR(V4/U4-1,"")) | W5: =IF(OR(W4="",V4=""),"",IFERROR(W4/V4-1,"")) | ... AC5: =IF(OR(AC4="",AB4=""),"",IFERROR(AC4/AB4-1,""))
A6: 제품별 매출 분류 | B6: 사업보고서 매출실적
A7: (제품별 매출 미공시 — 직접 입력)
A8: 비중 | C8: =IF(OR(C7="",C4=""),"",IFERROR(C7/C4,"")) | D8: =IF(OR(D7="",D4=""),"",IFERROR(D7/D4,"")) | E8: =IF(OR(E7="",E4=""),"",IFERROR(E7/E4,"")) | F8: =IF(OR(F7="",F4=""),"",IFERROR(F7/F4,"")) | G8: =IF(OR(G7="",G4=""),"",IFERROR(G7/G4,"")) | H8: =IF(OR(H7="",H4=""),"",IFERROR(H7/H4,"")) | I8: =IF(OR(I7="",I4=""),"",IFERROR(I7/I4,"")) | J8: =IF(OR(J7="",J4=""),"",IFERROR(J7/J4,"")) | ... AC8: =IF(OR(AC7="",AC4=""),"",IFERROR(AC7/AC4,""))
A9: YoY | G9: =IF(OR(G7="",C7=""),"",IFERROR(G7/C7-1,"")) | H9: =IF(OR(H7="",D7=""),"",IFERROR(H7/D7-1,"")) | I9: =IF(OR(I7="",E7=""),"",IFERROR(I7/E7-1,"")) | J9: =IF(OR(J7="",F7=""),"",IFERROR(J7/F7-1,"")) | K9: =IF(OR(K7="",G7=""),"",IFERROR(K7/G7-1,"")) | L9: =IF(OR(L7="",H7=""),"",IFERROR(L7/H7-1,"")) | M9: =IF(OR(M7="",I7=""),"",IFERROR(M7/I7-1,"")) | N9: =IF(OR(N7="",J7=""),"",IFERROR(N7/J7-1,"")) | P9: =IF(OR(P7="",O7=""),"",IFERROR(P7/O7-1,"")) | Q9: =IF(OR(Q7="",P7=""),"",IFERROR(Q7/P7-1,"")) | R9: =IF(OR(R7="",Q7=""),"",IFERROR(R7/Q7-1,"")) | S9: =IF(OR(S7="",R7=""),"",IFERROR(S7/R7-1,"")) | T9: =IF(OR(T7="",S7=""),"",IFERROR(T7/S7-1,"")) | U9: =IF(OR(U7="",T7=""),"",IFERROR(U7/T7-1,"")) | V9: =IF(OR(V7="",U7=""),"",IFERROR(V7/U7-1,"")) | W9: =IF(OR(W7="",V7=""),"",IFERROR(W7/V7-1,"")) | ... AC9: =IF(OR(AC7="",AB7=""),"",IFERROR(AC7/AB7-1,""))
A10: 매출원가
A11: 전체 매출원가 | H11: 8479.502 | I11: 8633.911 | J11: 8333.185 | K11: 8754.097 | L11: 8809.764 | M11: 9262.244 | N11: 9006.092 | V11: 29983.04 | W11: 33410.089 | X11: 35159.29
A12: YoY | G12: =IF(OR(G11="",C11=""),"",IF(C11<=0,"",IFERROR(G11/C11-1,""))) | H12: =IF(OR(H11="",D11=""),"",IF(D11<=0,"",IFERROR(H11/D11-1,""))) | I12: =IF(OR(I11="",E11=""),"",IF(E11<=0,"",IFERROR(I11/E11-1,""))) | J12: =IF(OR(J11="",F11=""),"",IF(F11<=0,"",IFERROR(J11/F11-1,""))) | K12: =IF(OR(K11="",G11=""),"",IF(G11<=0,"",IFERROR(K11/G11-1,""))) | L12: =IF(OR(L11="",H11=""),"",IF(H11<=0,"",IFERROR(L11/H11-1,""))) | M12: =IF(OR(M11="",I11=""),"",IF(I11<=0,"",IFERROR(M11/I11-1,""))) | N12: =IF(OR(N11="",J11=""),"",IF(J11<=0,"",IFERROR(N11/J11-1,""))) | P12: =IF(OR(P11="",O11=""),"",IF(O11<=0,"",IFERROR(P11/O11-1,""))) | Q12: =IF(OR(Q11="",P11=""),"",IF(P11<=0,"",IFERROR(Q11/P11-1,""))) | R12: =IF(OR(R11="",Q11=""),"",IF(Q11<=0,"",IFERROR(R11/Q11-1,""))) | S12: =IF(OR(S11="",R11=""),"",IF(R11<=0,"",IFERROR(S11/R11-1,""))) | T12: =IF(OR(T11="",S11=""),"",IF(S11<=0,"",IFERROR(T11/S11-1,""))) | U12: =IF(OR(U11="",T11=""),"",IF(T11<=0,"",IFERROR(U11/T11-1,""))) | V12: =IF(OR(V11="",U11=""),"",IF(U11<=0,"",IFERROR(V11/U11-1,""))) | W12: =IF(OR(W11="",V11=""),"",IF(V11<=0,"",IFERROR(W11/V11-1,""))) | ... AC12: =IF(OR(AC11="",AB11=""),"",IF(AB11<=0,"",IFERROR(AC11/AB11-1,"")))
A13: 매출총이익 | C13: =IF(OR(C4="",C11=""),"",IFERROR(C4-C11,"")) | D13: =IF(OR(D4="",D11=""),"",IFERROR(D4-D11,"")) | E13: =IF(OR(E4="",E11=""),"",IFERROR(E4-E11,"")) | F13: =IF(OR(F4="",F11=""),"",IFERROR(F4-F11,"")) | G13: =IF(OR(G4="",G11=""),"",IFERROR(G4-G11,"")) | H13: =IF(OR(H4="",H11=""),"",IFERROR(H4-H11,"")) | I13: =IF(OR(I4="",I11=""),"",IFERROR(I4-I11,"")) | J13: =IF(OR(J4="",J11=""),"",IFERROR(J4-J11,"")) | ... X13: =IF(OR(X4="",X11=""),"",IFERROR(X4-X11,""))
A14: GPM | C14: =IF(OR(C13="",C4=""),"",IFERROR(C13/C4,"")) | D14: =IF(OR(D13="",D4=""),"",IFERROR(D13/D4,"")) | E14: =IF(OR(E13="",E4=""),"",IFERROR(E13/E4,"")) | F14: =IF(OR(F13="",F4=""),"",IFERROR(F13/F4,"")) | G14: =IF(OR(G13="",G4=""),"",IFERROR(G13/G4,"")) | H14: =IF(OR(H13="",H4=""),"",IFERROR(H13/H4,"")) | I14: =IF(OR(I13="",I4=""),"",IFERROR(I13/I4,"")) | J14: =IF(OR(J13="",J4=""),"",IFERROR(J13/J4,"")) | ... AC14: =IF(OR(AC13="",AC4=""),"",IFERROR(AC13/AC4,""))
A15: YoY | G15: =IF(OR(G13="",C13=""),"",IF(C13<=0,"",IFERROR(G13/C13-1,""))) | H15: =IF(OR(H13="",D13=""),"",IF(D13<=0,"",IFERROR(H13/D13-1,""))) | I15: =IF(OR(I13="",E13=""),"",IF(E13<=0,"",IFERROR(I13/E13-1,""))) | J15: =IF(OR(J13="",F13=""),"",IF(F13<=0,"",IFERROR(J13/F13-1,""))) | K15: =IF(OR(K13="",G13=""),"",IF(G13<=0,"",IFERROR(K13/G13-1,""))) | L15: =IF(OR(L13="",H13=""),"",IF(H13<=0,"",IFERROR(L13/H13-1,""))) | M15: =IF(OR(M13="",I13=""),"",IF(I13<=0,"",IFERROR(M13/I13-1,""))) | N15: =IF(OR(N13="",J13=""),"",IF(J13<=0,"",IFERROR(N13/J13-1,""))) | P15: =IF(OR(P13="",O13=""),"",IF(O13<=0,"",IFERROR(P13/O13-1,""))) | Q15: =IF(OR(Q13="",P13=""),"",IF(P13<=0,"",IFERROR(Q13/P13-1,""))) | R15: =IF(OR(R13="",Q13=""),"",IF(Q13<=0,"",IFERROR(R13/Q13-1,""))) | S15: =IF(OR(S13="",R13=""),"",IF(R13<=0,"",IFERROR(S13/R13-1,""))) | T15: =IF(OR(T13="",S13=""),"",IF(S13<=0,"",IFERROR(T13/S13-1,""))) | U15: =IF(OR(U13="",T13=""),"",IF(T13<=0,"",IFERROR(U13/T13-1,""))) | V15: =IF(OR(V13="",U13=""),"",IF(U13<=0,"",IFERROR(V13/U13-1,""))) | W15: =IF(OR(W13="",V13=""),"",IF(V13<=0,"",IFERROR(W13/V13-1,""))) | ... AC15: =IF(OR(AC13="",AB13=""),"",IF(AB13<=0,"",IFERROR(AC13/AB13-1,"")))
A16: 판매관리비
A17: 전체 판관비 | H17: 2888.613 | I17: 3193.307 | J17: 3208.138 | K17: 3215.619 | L17: 3309.297 | M17: 3670.127 | N17: 3552.617 | V17: 10524.922 | W17: 11771.583 | X17: 13403.181
A18: YoY | G18: =IF(OR(G17="",C17=""),"",IF(C17<=0,"",IFERROR(G17/C17-1,""))) | H18: =IF(OR(H17="",D17=""),"",IF(D17<=0,"",IFERROR(H17/D17-1,""))) | I18: =IF(OR(I17="",E17=""),"",IF(E17<=0,"",IFERROR(I17/E17-1,""))) | J18: =IF(OR(J17="",F17=""),"",IF(F17<=0,"",IFERROR(J17/F17-1,""))) | K18: =IF(OR(K17="",G17=""),"",IF(G17<=0,"",IFERROR(K17/G17-1,""))) | L18: =IF(OR(L17="",H17=""),"",IF(H17<=0,"",IFERROR(L17/H17-1,""))) | M18: =IF(OR(M17="",I17=""),"",IF(I17<=0,"",IFERROR(M17/I17-1,""))) | N18: =IF(OR(N17="",J17=""),"",IF(J17<=0,"",IFERROR(N17/J17-1,""))) | P18: =IF(OR(P17="",O17=""),"",IF(O17<=0,"",IFERROR(P17/O17-1,""))) | Q18: =IF(OR(Q17="",P17=""),"",IF(P17<=0,"",IFERROR(Q17/P17-1,""))) | R18: =IF(OR(R17="",Q17=""),"",IF(Q17<=0,"",IFERROR(R17/Q17-1,""))) | S18: =IF(OR(S17="",R17=""),"",IF(R17<=0,"",IFERROR(S17/R17-1,""))) | T18: =IF(OR(T17="",S17=""),"",IF(S17<=0,"",IFERROR(T17/S17-1,""))) | U18: =IF(OR(U17="",T17=""),"",IF(T17<=0,"",IFERROR(U17/T17-1,""))) | V18: =IF(OR(V17="",U17=""),"",IF(U17<=0,"",IFERROR(V17/U17-1,""))) | W18: =IF(OR(W17="",V17=""),"",IF(V17<=0,"",IFERROR(W17/V17-1,""))) | ... AC18: =IF(OR(AC17="",AB17=""),"",IF(AB17<=0,"",IFERROR(AC17/AB17-1,"")))
A19: 영업이익 | B19: MW = 매출 × OPM | H19: 1383.556 | I19: -51.233 | J19: 1126.454 | K19: 1657.271 | L19: 1507.257 | M19: 91.847 | N19: 1538.184 | V19: 3182.04 | W19: 3906.776 | X19: 4382.829 | Y19: =IF(OR(Y4="",Y20=""),"",IFERROR(Y4*Y20,"")) | Z19: =IF(OR(Z4="",Z20=""),"",IFERROR(Z4*Z20,"")) | AA19: =IF(OR(AA4="",AA20=""),"",IFERROR(AA4*AA20,"")) | AB19: =IF(OR(AB4="",AB20=""),"",IFERROR(AB4*AB20,"")) | AC19: =IF(OR(AC4="",AC20=""),"",IFERROR(AC4*AC20,""))
A20: OPM | B20: MW 입력 | C20: =IF(OR(C19="",C4=""),"",IFERROR(C19/C4,"")) | D20: =IF(OR(D19="",D4=""),"",IFERROR(D19/D4,"")) | E20: =IF(OR(E19="",E4=""),"",IFERROR(E19/E4,"")) | F20: =IF(OR(F19="",F4=""),"",IFERROR(F19/F4,"")) | G20: =IF(OR(G19="",G4=""),"",IFERROR(G19/G4,"")) | H20: =IF(OR(H19="",H4=""),"",IFERROR(H19/H4,"")) | I20: =IF(OR(I19="",I4=""),"",IFERROR(I19/I4,"")) | J20: =IF(OR(J19="",J4=""),"",IFERROR(J19/J4,"")) | ... X20: =IF(OR(X19="",X4=""),"",IFERROR(X19/X4,""))
A21: 증가율 | G21: =IF(OR(G19="",C19=""),"",IFERROR(G19/C19-1,"")) | H21: =IF(OR(H19="",D19=""),"",IFERROR(H19/D19-1,"")) | I21: =IF(OR(I19="",E19=""),"",IFERROR(I19/E19-1,"")) | J21: =IF(OR(J19="",F19=""),"",IFERROR(J19/F19-1,"")) | K21: =IF(OR(K19="",G19=""),"",IFERROR(K19/G19-1,"")) | L21: =IF(OR(L19="",H19=""),"",IFERROR(L19/H19-1,"")) | M21: =IF(OR(M19="",I19=""),"",IFERROR(M19/I19-1,"")) | N21: =IF(OR(N19="",J19=""),"",IFERROR(N19/J19-1,"")) | P21: =IF(OR(P19="",O19=""),"",IFERROR(P19/O19-1,"")) | Q21: =IF(OR(Q19="",P19=""),"",IFERROR(Q19/P19-1,"")) | R21: =IF(OR(R19="",Q19=""),"",IFERROR(R19/Q19-1,"")) | S21: =IF(OR(S19="",R19=""),"",IFERROR(S19/R19-1,"")) | T21: =IF(OR(T19="",S19=""),"",IFERROR(T19/S19-1,"")) | U21: =IF(OR(U19="",T19=""),"",IFERROR(U19/T19-1,"")) | V21: =IF(OR(V19="",U19=""),"",IFERROR(V19/U19-1,"")) | W21: =IF(OR(W19="",V19=""),"",IFERROR(W19/V19-1,"")) | ... AC21: =IF(OR(AC19="",AB19=""),"",IFERROR(AC19/AB19-1,""))
A22: 비용의 성격별 분류 | B22: 참고 데이터
A23: 총 판관비 | O23: =IF(O17="","",O17) | P23: =IF(P17="","",P17) | Q23: =IF(Q17="","",Q17) | R23: =IF(R17="","",R17) | S23: =IF(S17="","",S17) | T23: =IF(T17="","",T17) | U23: =IF(U17="","",U17) | V23: =IF(V17="","",V17) | ... X23: =IF(X17="","",X17)
A24: 급여 | B24: 고정비 | V24: 3502.746 | W24: 3871.426 | X24: 4445.362
A25: % of Sales | O25: =IF(OR(O24="",O4=""),"",IFERROR(O24/O4,"")) | P25: =IF(OR(P24="",P4=""),"",IFERROR(P24/P4,"")) | Q25: =IF(OR(Q24="",Q4=""),"",IFERROR(Q24/Q4,"")) | R25: =IF(OR(R24="",R4=""),"",IFERROR(R24/R4,"")) | S25: =IF(OR(S24="",S4=""),"",IFERROR(S24/S4,"")) | T25: =IF(OR(T24="",T4=""),"",IFERROR(T24/T4,"")) | U25: =IF(OR(U24="",U4=""),"",IFERROR(U24/U4,"")) | V25: =IF(OR(V24="",V4=""),"",IFERROR(V24/V4,"")) | ... X25: =IF(OR(X24="",X4=""),"",IFERROR(X24/X4,""))
A26: 감가상각비 | B26: 고정비
A27: % of Sales | O27: =IF(OR(O26="",O4=""),"",IFERROR(O26/O4,"")) | P27: =IF(OR(P26="",P4=""),"",IFERROR(P26/P4,"")) | Q27: =IF(OR(Q26="",Q4=""),"",IFERROR(Q26/Q4,"")) | R27: =IF(OR(R26="",R4=""),"",IFERROR(R26/R4,"")) | S27: =IF(OR(S26="",S4=""),"",IFERROR(S26/S4,"")) | T27: =IF(OR(T26="",T4=""),"",IFERROR(T26/T4,"")) | U27: =IF(OR(U26="",U4=""),"",IFERROR(U26/U4,"")) | V27: =IF(OR(V26="",V4=""),"",IFERROR(V26/V4,"")) | ... X27: =IF(OR(X26="",X4=""),"",IFERROR(X26/X4,""))
A28: 지급수수료 | B28: 고정비
A29: % of Sales | O29: =IF(OR(O28="",O4=""),"",IFERROR(O28/O4,"")) | P29: =IF(OR(P28="",P4=""),"",IFERROR(P28/P4,"")) | Q29: =IF(OR(Q28="",Q4=""),"",IFERROR(Q28/Q4,"")) | R29: =IF(OR(R28="",R4=""),"",IFERROR(R28/R4,"")) | S29: =IF(OR(S28="",S4=""),"",IFERROR(S28/S4,"")) | T29: =IF(OR(T28="",T4=""),"",IFERROR(T28/T4,"")) | U29: =IF(OR(U28="",U4=""),"",IFERROR(U28/U4,"")) | V29: =IF(OR(V28="",V4=""),"",IFERROR(V28/V4,"")) | ... X29: =IF(OR(X28="",X4=""),"",IFERROR(X28/X4,""))
A30: 연구개발비 | B30: 변동비
A31: % of Sales | O31: =IF(OR(O30="",O4=""),"",IFERROR(O30/O4,"")) | P31: =IF(OR(P30="",P4=""),"",IFERROR(P30/P4,"")) | Q31: =IF(OR(Q30="",Q4=""),"",IFERROR(Q30/Q4,"")) | R31: =IF(OR(R30="",R4=""),"",IFERROR(R30/R4,"")) | S31: =IF(OR(S30="",S4=""),"",IFERROR(S30/S4,"")) | T31: =IF(OR(T30="",T4=""),"",IFERROR(T30/T4,"")) | U31: =IF(OR(U30="",U4=""),"",IFERROR(U30/U4,"")) | V31: =IF(OR(V30="",V4=""),"",IFERROR(V30/V4,"")) | ... X31: =IF(OR(X30="",X4=""),"",IFERROR(X30/X4,""))
A32: 기타비용 | B32: 변동비 | O32: =IF(OR(O23="",O24="",O26="",O28="",O30=""),"",IFERROR(O23-O24-O26-O28-O30,"")) | P32: =IF(OR(P23="",P24="",P26="",P28="",P30=""),"",IFERROR(P23-P24-P26-P28-P30,"")) | Q32: =IF(OR(Q23="",Q24="",Q26="",Q28="",Q30=""),"",IFERROR(Q23-Q24-Q26-Q28-Q30,"")) | R32: =IF(OR(R23="",R24="",R26="",R28="",R30=""),"",IFERROR(R23-R24-R26-R28-R30,"")) | S32: =IF(OR(S23="",S24="",S26="",S28="",S30=""),"",IFERROR(S23-S24-S26-S28-S30,"")) | T32: =IF(OR(T23="",T24="",T26="",T28="",T30=""),"",IFERROR(T23-T24-T26-T28-T30,"")) | U32: =IF(OR(U23="",U24="",U26="",U28="",U30=""),"",IFERROR(U23-U24-U26-U28-U30,"")) | V32: =IF(OR(V23="",V24="",V26="",V28="",V30=""),"",IFERROR(V23-V24-V26-V28-V30,"")) | ... X32: =IF(OR(X23="",X24="",X26="",X28="",X30=""),"",IFERROR(X23-X24-X26-X28-X30,""))
A33: % of Sales | O33: =IF(OR(O32="",O4=""),"",IFERROR(O32/O4,"")) | P33: =IF(OR(P32="",P4=""),"",IFERROR(P32/P4,"")) | Q33: =IF(OR(Q32="",Q4=""),"",IFERROR(Q32/Q4,"")) | R33: =IF(OR(R32="",R4=""),"",IFERROR(R32/R4,"")) | S33: =IF(OR(S32="",S4=""),"",IFERROR(S32/S4,"")) | T33: =IF(OR(T32="",T4=""),"",IFERROR(T32/T4,"")) | U33: =IF(OR(U32="",U4=""),"",IFERROR(U32/U4,"")) | V33: =IF(OR(V32="",V4=""),"",IFERROR(V32/V4,"")) | ... X33: =IF(OR(X32="",X4=""),"",IFERROR(X32/X4,""))
A34: 당기순이익 추정
A35: 특별이익 | H35: 8.991 | I35: 3.527 | J35: 3.061 | K35: 41.665 | L35: 2.408 | M35: 1.06 | N35: 0.917 | V35: 5.311 | W35: 15.31 | X35: 48.194 | Y35: =IF(OR(Y4="",Y36=""),"",IFERROR(Y4*Y36,"")) | Z35: =IF(OR(Z4="",Z36=""),"",IFERROR(Z4*Z36,"")) | AA35: =IF(OR(AA4="",AA36=""),"",IFERROR(AA4*AA36,"")) | AB35: =IF(OR(AB4="",AB36=""),"",IFERROR(AB4*AB36,"")) | AC35: =IF(OR(AC4="",AC36=""),"",IFERROR(AC4*AC36,""))
A36: % of Sales | B36: MW = 최근 3년 평균 | C36: =IF(OR(C35="",C4=""),"",IFERROR(C35/C4,"")) | D36: =IF(OR(D35="",D4=""),"",IFERROR(D35/D4,"")) | E36: =IF(OR(E35="",E4=""),"",IFERROR(E35/E4,"")) | F36: =IF(OR(F35="",F4=""),"",IFERROR(F35/F4,"")) | G36: =IF(OR(G35="",G4=""),"",IFERROR(G35/G4,"")) | H36: =IF(OR(H35="",H4=""),"",IFERROR(H35/H4,"")) | I36: =IF(OR(I35="",I4=""),"",IFERROR(I35/I4,"")) | J36: =IF(OR(J35="",J4=""),"",IFERROR(J35/J4,"")) | ... X36: =IF(OR(X35="",X4=""),"",IFERROR(X35/X4,"")) | Y36: =IFERROR(AVERAGE(V36,W36,X36),"") | Z36: =Y36 | AA36: =Z36 | AB36: =AA36 | AC36: =AB36
A37: 특별손실 | H37: 1.535 | I37: 2.621 | J37: 0.359 | K37: 3.326 | L37: 29.017 | M37: 6.141 | N37: 11.954 | V37: 6.551 | W37: 7.698 | X37: 38.843 | Y37: =IF(OR(Y4="",Y38=""),"",IFERROR(Y4*Y38,"")) | Z37: =IF(OR(Z4="",Z38=""),"",IFERROR(Z4*Z38,"")) | AA37: =IF(OR(AA4="",AA38=""),"",IFERROR(AA4*AA38,"")) | AB37: =IF(OR(AB4="",AB38=""),"",IFERROR(AB4*AB38,"")) | AC37: =IF(OR(AC4="",AC38=""),"",IFERROR(AC4*AC38,""))
A38: % of Sales | C38: =IF(OR(C37="",C4=""),"",IFERROR(C37/C4,"")) | D38: =IF(OR(D37="",D4=""),"",IFERROR(D37/D4,"")) | E38: =IF(OR(E37="",E4=""),"",IFERROR(E37/E4,"")) | F38: =IF(OR(F37="",F4=""),"",IFERROR(F37/F4,"")) | G38: =IF(OR(G37="",G4=""),"",IFERROR(G37/G4,"")) | H38: =IF(OR(H37="",H4=""),"",IFERROR(H37/H4,"")) | I38: =IF(OR(I37="",I4=""),"",IFERROR(I37/I4,"")) | J38: =IF(OR(J37="",J4=""),"",IFERROR(J37/J4,"")) | ... X38: =IF(OR(X37="",X4=""),"",IFERROR(X37/X4,"")) | Y38: =IFERROR(AVERAGE(V38,W38,X38),"") | Z38: =Y38 | AA38: =Z38 | AB38: =AA38 | AC38: =AB38
A39: 영업외수익 | H39: 39.947 | I39: 42.455 | J39: 75.6 | K39: 98.063 | L39: 89.965 | M39: 42.806 | N39: 72.79 | V39: 203.252 | W39: 214.613 | X39: 306.434 | Y39: =IF(OR(Y4="",Y40=""),"",IFERROR(Y4*Y40,"")) | Z39: =IF(OR(Z4="",Z40=""),"",IFERROR(Z4*Z40,"")) | AA39: =IF(OR(AA4="",AA40=""),"",IFERROR(AA4*AA40,"")) | AB39: =IF(OR(AB4="",AB40=""),"",IFERROR(AB4*AB40,"")) | AC39: =IF(OR(AC4="",AC40=""),"",IFERROR(AC4*AC40,""))
A40: % of Sales | C40: =IF(OR(C39="",C4=""),"",IFERROR(C39/C4,"")) | D40: =IF(OR(D39="",D4=""),"",IFERROR(D39/D4,"")) | E40: =IF(OR(E39="",E4=""),"",IFERROR(E39/E4,"")) | F40: =IF(OR(F39="",F4=""),"",IFERROR(F39/F4,"")) | G40: =IF(OR(G39="",G4=""),"",IFERROR(G39/G4,"")) | H40: =IF(OR(H39="",H4=""),"",IFERROR(H39/H4,"")) | I40: =IF(OR(I39="",I4=""),"",IFERROR(I39/I4,"")) | J40: =IF(OR(J39="",J4=""),"",IFERROR(J39/J4,"")) | ... X40: =IF(OR(X39="",X4=""),"",IFERROR(X39/X4,"")) | Y40: =IFERROR(AVERAGE(V40,W40,X40),"") | Z40: =Y40 | AA40: =Z40 | AB40: =AA40 | AC40: =AB40
A41: 영업외비용 | H41: 129.545 | I41: 232.364 | J41: 215.703 | K41: 130.992 | L41: 157.253 | M41: 238.679 | N41: 257.272 | V41: 589.424 | W41: 677.214 | X41: 742.627 | Y41: =IF(OR(Y4="",Y42=""),"",IFERROR(Y4*Y42,"")) | Z41: =IF(OR(Z4="",Z42=""),"",IFERROR(Z4*Z42,"")) | AA41: =IF(OR(AA4="",AA42=""),"",IFERROR(AA4*AA42,"")) | AB41: =IF(OR(AB4="",AB42=""),"",IFERROR(AB4*AB42,"")) | AC41: =IF(OR(AC4="",AC42=""),"",IFERROR(AC4*AC42,""))
A42: % of Sales | C42: =IF(OR(C41="",C4=""),"",IFERROR(C41/C4,"")) | D42: =IF(OR(D41="",D4=""),"",IFERROR(D41/D4,"")) | E42: =IF(OR(E41="",E4=""),"",IFERROR(E41/E4,"")) | F42: =IF(OR(F41="",F4=""),"",IFERROR(F41/F4,"")) | G42: =IF(OR(G41="",G4=""),"",IFERROR(G41/G4,"")) | H42: =IF(OR(H41="",H4=""),"",IFERROR(H41/H4,"")) | I42: =IF(OR(I41="",I4=""),"",IFERROR(I41/I4,"")) | J42: =IF(OR(J41="",J4=""),"",IFERROR(J41/J4,"")) | ... X42: =IF(OR(X41="",X4=""),"",IFERROR(X41/X4,"")) | Y42: =IFERROR(AVERAGE(V42,W42,X42),"") | Z42: =Y42 | AA42: =Z42 | AB42: =AA42 | AC42: =AB42
A43: 법인세비용차감전순이익(손실) | H43: 1301.414 | I43: -240.236 | J43: 989.053 | K43: 1662.681 | L43: 1413.36 | M43: -109.107 | N43: 1342.666 | V43: 2794.627 | W43: 3451.787 | X43: 3955.987 | Y43: =IF(OR(Y19=""),"",IFERROR(Y19+N(Y35)-N(Y37)+N(Y39)-N(Y41),"")) | Z43: =IF(OR(Z19=""),"",IFERROR(Z19+N(Z35)-N(Z37)+N(Z39)-N(Z41),"")) | AA43: =IF(OR(AA19=""),"",IFERROR(AA19+N(AA35)-N(AA37)+N(AA39)-N(AA41),"")) | AB43: =IF(OR(AB19=""),"",IFERROR(AB19+N(AB35)-N(AB37)+N(AB39)-N(AB41),"")) | AC43: =IF(OR(AC19=""),"",IFERROR(AC19+N(AC35)-N(AC37)+N(AC39)-N(AC41),""))
A44: YoY | G44: =IF(OR(G43="",C43=""),"",IF(C43<=0,"",IFERROR(G43/C43-1,""))) | H44: =IF(OR(H43="",D43=""),"",IF(D43<=0,"",IFERROR(H43/D43-1,""))) | I44: =IF(OR(I43="",E43=""),"",IF(E43<=0,"",IFERROR(I43/E43-1,""))) | J44: =IF(OR(J43="",F43=""),"",IF(F43<=0,"",IFERROR(J43/F43-1,""))) | K44: =IF(OR(K43="",G43=""),"",IF(G43<=0,"",IFERROR(K43/G43-1,""))) | L44: =IF(OR(L43="",H43=""),"",IF(H43<=0,"",IFERROR(L43/H43-1,""))) | M44: =IF(OR(M43="",I43=""),"",IF(I43<=0,"",IFERROR(M43/I43-1,""))) | N44: =IF(OR(N43="",J43=""),"",IF(J43<=0,"",IFERROR(N43/J43-1,""))) | P44: =IF(OR(P43="",O43=""),"",IF(O43<=0,"",IFERROR(P43/O43-1,""))) | Q44: =IF(OR(Q43="",P43=""),"",IF(P43<=0,"",IFERROR(Q43/P43-1,""))) | R44: =IF(OR(R43="",Q43=""),"",IF(Q43<=0,"",IFERROR(R43/Q43-1,""))) | S44: =IF(OR(S43="",R43=""),"",IF(R43<=0,"",IFERROR(S43/R43-1,""))) | T44: =IF(OR(T43="",S43=""),"",IF(S43<=0,"",IFERROR(T43/S43-1,""))) | U44: =IF(OR(U43="",T43=""),"",IF(T43<=0,"",IFERROR(U43/T43-1,""))) | V44: =IF(OR(V43="",U43=""),"",IF(U43<=0,"",IFERROR(V43/U43-1,""))) | W44: =IF(OR(W43="",V43=""),"",IF(V43<=0,"",IFERROR(W43/V43-1,""))) | ... AC44: =IF(OR(AC43="",AB43=""),"",IF(AB43<=0,"",IFERROR(AC43/AB43-1,"")))
A45: 법인세비용(수익) | H45: 432.28 | I45: -183.376 | J45: 341.096 | K45: 551.885 | L45: 439.124 | M45: -193.554 | N45: 458.026 | V45: 760.825 | W45: 1103.842 | X45: 1138.551 | Y45: =IF(OR(Y43="",Y46=""),"",IFERROR(MAX(Y43,0)*Y46,"")) | Z45: =IF(OR(Z43="",Z46=""),"",IFERROR(MAX(Z43,0)*Z46,"")) | AA45: =IF(OR(AA43="",AA46=""),"",IFERROR(MAX(AA43,0)*AA46,"")) | AB45: =IF(OR(AB43="",AB46=""),"",IFERROR(MAX(AB43,0)*AB46,"")) | AC45: =IF(OR(AC43="",AC46=""),"",IFERROR(MAX(AC43,0)*AC46,""))
A46: 법인세율 | B46: MW 기본 30% | C46: =IF(OR(C45="",C43=""),"",IFERROR(C45/C43,"")) | D46: =IF(OR(D45="",D43=""),"",IFERROR(D45/D43,"")) | E46: =IF(OR(E45="",E43=""),"",IFERROR(E45/E43,"")) | F46: =IF(OR(F45="",F43=""),"",IFERROR(F45/F43,"")) | G46: =IF(OR(G45="",G43=""),"",IFERROR(G45/G43,"")) | H46: =IF(OR(H45="",H43=""),"",IFERROR(H45/H43,"")) | I46: =IF(OR(I45="",I43=""),"",IFERROR(I45/I43,"")) | J46: =IF(OR(J45="",J43=""),"",IFERROR(J45/J43,"")) | ... X46: =IF(OR(X45="",X43=""),"",IFERROR(X45/X43,"")) | Y46: 0.3 | Z46: 0.3 | AA46: 0.3 | AB46: 0.3 | AC46: 0.3
A47: 당기순이익(손실) | H47: 869.135 | I47: -56.861 | J47: 647.956 | K47: 1110.796 | L47: 974.236 | M47: 84.448 | N47: 884.639 | V47: 2033.802 | W47: 2347.944 | X47: 2817.436 | Y47: =IF(OR(Y43=""),"",IFERROR(Y43-Y45,"")) | Z47: =IF(OR(Z43=""),"",IFERROR(Z43-Z45,"")) | AA47: =IF(OR(AA43=""),"",IFERROR(AA43-AA45,"")) | AB47: =IF(OR(AB43=""),"",IFERROR(AB43-AB45,"")) | AC47: =IF(OR(AC43=""),"",IFERROR(AC43-AC45,""))
A48: YoY | G48: =IF(OR(G47="",C47=""),"",IF(C47<=0,"",IFERROR(G47/C47-1,""))) | H48: =IF(OR(H47="",D47=""),"",IF(D47<=0,"",IFERROR(H47/D47-1,""))) | I48: =IF(OR(I47="",E47=""),"",IF(E47<=0,"",IFERROR(I47/E47-1,""))) | J48: =IF(OR(J47="",F47=""),"",IF(F47<=0,"",IFERROR(J47/F47-1,""))) | K48: =IF(OR(K47="",G47=""),"",IF(G47<=0,"",IFERROR(K47/G47-1,""))) | L48: =IF(OR(L47="",H47=""),"",IF(H47<=0,"",IFERROR(L47/H47-1,""))) | M48: =IF(OR(M47="",I47=""),"",IF(I47<=0,"",IFERROR(M47/I47-1,""))) | N48: =IF(OR(N47="",J47=""),"",IF(J47<=0,"",IFERROR(N47/J47-1,""))) | P48: =IF(OR(P47="",O47=""),"",IF(O47<=0,"",IFERROR(P47/O47-1,""))) | Q48: =IF(OR(Q47="",P47=""),"",IF(P47<=0,"",IFERROR(Q47/P47-1,""))) | R48: =IF(OR(R47="",Q47=""),"",IF(Q47<=0,"",IFERROR(R47/Q47-1,""))) | S48: =IF(OR(S47="",R47=""),"",IF(R47<=0,"",IFERROR(S47/R47-1,""))) | T48: =IF(OR(T47="",S47=""),"",IF(S47<=0,"",IFERROR(T47/S47-1,""))) | U48: =IF(OR(U47="",T47=""),"",IF(T47<=0,"",IFERROR(U47/T47-1,""))) | V48: =IF(OR(V47="",U47=""),"",IF(U47<=0,"",IFERROR(V47/U47-1,""))) | W48: =IF(OR(W47="",V47=""),"",IF(V47<=0,"",IFERROR(W47/V47-1,""))) | ... AC48: =IF(OR(AC47="",AB47=""),"",IF(AB47<=0,"",IFERROR(AC47/AB47-1,"")))
A49: 지배주주 순이익 | H49: 904.755 | I49: -16.637 | J49: 690.309 | K49: 1147.51 | L49: 976.674 | M49: 86.576 | N49: 888.1 | V49: 2073.909 | W49: 2498.909 | X49: 2901.069 | Y49: =IF(OR(Y47="",Y50=""),"",IFERROR(Y47*Y50,"")) | Z49: =IF(OR(Z47="",Z50=""),"",IFERROR(Z47*Z50,"")) | AA49: =IF(OR(AA47="",AA50=""),"",IFERROR(AA47*AA50,"")) | AB49: =IF(OR(AB47="",AB50=""),"",IFERROR(AB47*AB50,"")) | AC49: =IF(OR(AC47="",AC50=""),"",IFERROR(AC47*AC50,""))
A50: 지배주주 순이익률 | B50: MW 기본 100% | C50: =IF(OR(C49="",C47=""),"",IFERROR(C49/C47,"")) | D50: =IF(OR(D49="",D47=""),"",IFERROR(D49/D47,"")) | E50: =IF(OR(E49="",E47=""),"",IFERROR(E49/E47,"")) | F50: =IF(OR(F49="",F47=""),"",IFERROR(F49/F47,"")) | G50: =IF(OR(G49="",G47=""),"",IFERROR(G49/G47,"")) | H50: =IF(OR(H49="",H47=""),"",IFERROR(H49/H47,"")) | I50: =IF(OR(I49="",I47=""),"",IFERROR(I49/I47,"")) | J50: =IF(OR(J49="",J47=""),"",IFERROR(J49/J47,"")) | ... X50: =IF(OR(X49="",X47=""),"",IFERROR(X49/X47,"")) | Y50: 1 | Z50: 1 | AA50: 1 | AB50: 1 | AC50: 1
A51: 지배주주 순이익 YoY | G51: =IF(OR(G49="",C49=""),"",IF(C49<=0,"",IFERROR(G49/C49-1,""))) | H51: =IF(OR(H49="",D49=""),"",IF(D49<=0,"",IFERROR(H49/D49-1,""))) | I51: =IF(OR(I49="",E49=""),"",IF(E49<=0,"",IFERROR(I49/E49-1,""))) | J51: =IF(OR(J49="",F49=""),"",IF(F49<=0,"",IFERROR(J49/F49-1,""))) | K51: =IF(OR(K49="",G49=""),"",IF(G49<=0,"",IFERROR(K49/G49-1,""))) | L51: =IF(OR(L49="",H49=""),"",IF(H49<=0,"",IFERROR(L49/H49-1,""))) | M51: =IF(OR(M49="",I49=""),"",IF(I49<=0,"",IFERROR(M49/I49-1,""))) | N51: =IF(OR(N49="",J49=""),"",IF(J49<=0,"",IFERROR(N49/J49-1,""))) | P51: =IF(OR(P49="",O49=""),"",IF(O49<=0,"",IFERROR(P49/O49-1,""))) | Q51: =IF(OR(Q49="",P49=""),"",IF(P49<=0,"",IFERROR(Q49/P49-1,""))) | R51: =IF(OR(R49="",Q49=""),"",IF(Q49<=0,"",IFERROR(R49/Q49-1,""))) | S51: =IF(OR(S49="",R49=""),"",IF(R49<=0,"",IFERROR(S49/R49-1,""))) | T51: =IF(OR(T49="",S49=""),"",IF(S49<=0,"",IFERROR(T49/S49-1,""))) | U51: =IF(OR(U49="",T49=""),"",IF(T49<=0,"",IFERROR(U49/T49-1,""))) | V51: =IF(OR(V49="",U49=""),"",IF(U49<=0,"",IFERROR(V49/U49-1,""))) | W51: =IF(OR(W49="",V49=""),"",IF(V49<=0,"",IFERROR(W49/V49-1,""))) | ... AC51: =IF(OR(AC49="",AB49=""),"",IF(AB49<=0,"",IFERROR(AC49/AB49-1,"")))
A52: 목표주가 산출
A53: 현재 주가 (2026.10.28) | B53: 6110
A54: 발행주식수 (보통주) | B54: 3886000
A55: 시가총액 (백만엔) | B55: =IF(OR(B53="",B54=""),"",B53*B54/1000000.0)
A56: OPM | O56: =IF(O20="","",O20) | P56: =IF(P20="","",P20) | Q56: =IF(Q20="","",Q20) | R56: =IF(R20="","",R20) | S56: =IF(S20="","",S20) | T56: =IF(T20="","",T20) | U56: =IF(U20="","",U20) | V56: =IF(V20="","",V20) | ... AC56: =IF(AC20="","",AC20)
A57: 지배주주 순이익 증가율 | P57: =IF(OR(P49="",O49=""),"",IFERROR(P49/O49-1,"")) | Q57: =IF(OR(Q49="",P49=""),"",IFERROR(Q49/P49-1,"")) | R57: =IF(OR(R49="",Q49=""),"",IFERROR(R49/Q49-1,"")) | S57: =IF(OR(S49="",R49=""),"",IFERROR(S49/R49-1,"")) | T57: =IF(OR(T49="",S49=""),"",IFERROR(T49/S49-1,"")) | U57: =IF(OR(U49="",T49=""),"",IFERROR(U49/T49-1,"")) | V57: =IF(OR(V49="",U49=""),"",IFERROR(V49/U49-1,"")) | W57: =IF(OR(W49="",V49=""),"",IFERROR(W49/V49-1,"")) | ... AC57: =IF(OR(AC49="",AB49=""),"",IFERROR(AC49/AB49-1,""))
A58: P/E (현재 주가) | B58: 시총 ÷ 지배순이익 | X58: =IF(OR($B$55="",X49=""),"",IFERROR($B$55/X49,"")) | Y58: =IF(OR($B$55="",Y49=""),"",IFERROR($B$55/Y49,"")) | Z58: =IF(OR($B$55="",Z49=""),"",IFERROR($B$55/Z49,"")) | AA58: =IF(OR($B$55="",AA49=""),"",IFERROR($B$55/AA49,"")) | AB58: =IF(OR($B$55="",AB49=""),"",IFERROR($B$55/AB49,"")) | AC58: =IF(OR($B$55="",AC49=""),"",IFERROR($B$55/AC49,""))
A59: Target P/E | B59: 직접 입력
A60: EPS | B60: 지배순이익 ÷ 주식수 | O60: =IF(OR(O49="",$B$54=""),"",IFERROR(O49*1000000.0/$B$54,"")) | P60: =IF(OR(P49="",$B$54=""),"",IFERROR(P49*1000000.0/$B$54,"")) | Q60: =IF(OR(Q49="",$B$54=""),"",IFERROR(Q49*1000000.0/$B$54,"")) | R60: =IF(OR(R49="",$B$54=""),"",IFERROR(R49*1000000.0/$B$54,"")) | S60: =IF(OR(S49="",$B$54=""),"",IFERROR(S49*1000000.0/$B$54,"")) | T60: =IF(OR(T49="",$B$54=""),"",IFERROR(T49*1000000.0/$B$54,"")) | U60: =IF(OR(U49="",$B$54=""),"",IFERROR(U49*1000000.0/$B$54,"")) | V60: =IF(OR(V49="",$B$54=""),"",IFERROR(V49*1000000.0/$B$54,"")) | ... AC60: =IF(OR(AC49="",$B$54=""),"",IFERROR(AC49*1000000.0/$B$54,""))
A61: 목표주가 | Y61: =IF(OR(Y60="",Y59=""),"",IFERROR(Y60*Y59,"")) | Z61: =IF(OR(Z60="",Z59=""),"",IFERROR(Z60*Z59,"")) | AA61: =IF(OR(AA60="",AA59=""),"",IFERROR(AA60*AA59,"")) | AB61: =IF(OR(AB60="",AB59=""),"",IFERROR(AB60*AB59,"")) | AC61: =IF(OR(AC60="",AC59=""),"",IFERROR(AC60*AC59,""))
A62: 상승여력 | Y62: =IF(OR(Y61="",$B$53=""),"",IFERROR(Y61/$B$53-1,"")) | Z62: =IF(OR(Z61="",$B$53=""),"",IFERROR(Z61/$B$53-1,"")) | AA62: =IF(OR(AA61="",$B$53=""),"",IFERROR(AA61/$B$53-1,"")) | AB62: =IF(OR(AB61="",$B$53=""),"",IFERROR(AB61/$B$53-1,"")) | AC62: =IF(OR(AC61="",$B$53=""),"",IFERROR(AC61/$B$53-1,""))
A63: 자산가치 산출 | B63: 최신 분기 BS
A64: 현금및현금성자산 | X64: ='재무상태표'!G6 | Y64: ='재무상태표'!G6 | Z64: ='재무상태표'!G6 | AA64: ='재무상태표'!G6 | AB64: ='재무상태표'!G6 | AC64: ='재무상태표'!G6
A65: 단기금융상품 | X65: ='재무상태표'!G7 | Y65: ='재무상태표'!G7 | Z65: ='재무상태표'!G7 | AA65: ='재무상태표'!G7 | AB65: ='재무상태표'!G7 | AC65: ='재무상태표'!G7
A66: 투자부동산 | X66: ='재무상태표'!G14 | Y66: ='재무상태표'!G14 | Z66: ='재무상태표'!G14 | AA66: ='재무상태표'!G14 | AB66: ='재무상태표'!G14 | AC66: ='재무상태표'!G14
A67: 지배자본 | X67: ='재무상태표'!G31 | Y67: ='재무상태표'!G31 | Z67: ='재무상태표'!G31 | AA67: ='재무상태표'!G31 | AB67: ='재무상태표'!G31 | AC67: ='재무상태표'!G31
A68: 부채 | X68: ='재무상태표'!G27 | Y68: ='재무상태표'!G27 | Z68: ='재무상태표'!G27 | AA68: ='재무상태표'!G27 | AB68: ='재무상태표'!G27 | AC68: ='재무상태표'!G27
A69: 부채비율 | X69: =IF(OR(X68="",X67=""),"",IFERROR(X68/X67,"")) | Y69: =IF(OR(Y68="",Y67=""),"",IFERROR(Y68/Y67,"")) | Z69: =IF(OR(Z68="",Z67=""),"",IFERROR(Z68/Z67,"")) | AA69: =IF(OR(AA68="",AA67=""),"",IFERROR(AA68/AA67,"")) | AB69: =IF(OR(AB68="",AB67=""),"",IFERROR(AB68/AB67,"")) | AC69: =IF(OR(AC68="",AC67=""),"",IFERROR(AC68/AC67,""))
A70: 자산가치 | B70: 현금+단기금융+투자부동산 | X70: =SUM(X64,X65,X66) | Y70: =SUM(Y64,Y65,Y66) | Z70: =SUM(Z64,Z65,Z66) | AA70: =SUM(AA64,AA65,AA66) | AB70: =SUM(AB64,AB65,AB66) | AC70: =SUM(AC64,AC65,AC66)
A71: 기업가치 산출
A72: 목표 시가총액 (P/E) | B72: 지배순이익 × Target P/E | Y72: =IF(OR(Y49="",Y59=""),"",IFERROR(Y49*Y59,"")) | Z72: =IF(OR(Z49="",Z59=""),"",IFERROR(Z49*Z59,"")) | AA72: =IF(OR(AA49="",AA59=""),"",IFERROR(AA49*AA59,"")) | AB72: =IF(OR(AB49="",AB59=""),"",IFERROR(AB49*AB59,"")) | AC72: =IF(OR(AC49="",AC59=""),"",IFERROR(AC49*AC59,""))
A73: 기업가치 | B73: 목표시총 + 자산가치 | Y73: =IF(OR(Y72=""),"",IFERROR(Y72+Y70,"")) | Z73: =IF(OR(Z72=""),"",IFERROR(Z72+Z70,"")) | AA73: =IF(OR(AA72=""),"",IFERROR(AA72+AA70,"")) | AB73: =IF(OR(AB72=""),"",IFERROR(AB72+AB70,"")) | AC73: =IF(OR(AC72=""),"",IFERROR(AC72+AC70,""))
A74: 현재 시가총액 | Y74: =$B$55 | Z74: =$B$55 | AA74: =$B$55 | AB74: =$B$55 | AC74: =$B$55
A75: 상승여력 | Y75: =IF(OR(Y73="",Y74=""),"",IFERROR(Y73/Y74-1,"")) | Z75: =IF(OR(Z73="",Z74=""),"",IFERROR(Z73/Z74-1,"")) | AA75: =IF(OR(AA73="",AA74=""),"",IFERROR(AA73/AA74-1,"")) | AB75: =IF(OR(AB73="",AB74=""),"",IFERROR(AB73/AB74-1,"")) | AC75: =IF(OR(AC73="",AC74=""),"",IFERROR(AC73/AC74-1,""))
A77: 출처
A78: 결산단신 XBRL(TDnet·JPX 보관소) — 쓴 문서는 '출처' 시트
A79: 분기 = 누계에서 앞 분기를 뺀 3개월 값
A80: 주가: 야후 파이낸스 일봉 2026.10.28
A82: 손익계산서 · 전 항목 | B82: 분기 = 3개월 단독
A83: 항목 | B83: 참고 | C83: 2024.2Q | D83: 2024.3Q | E83: 2024.4Q | F83: 2025.1Q | G83: 2025.2Q | H83: 2025.3Q | I83: 2025.4Q | J83: 2026.1Q | K83: 2026.2Q | L83: 2026.3Q | M83: 2026.4Q | N83: 2027.1Q | O83: 2017 | P83: 2018 | Q83: 2019 | R83: 2020 | S83: 2021 | T83: 2022 | U83: 2023 | V83: 2024 | W83: 2025 | X83: 2026 | Y83: 2027(MW) | Z83: 2028(MW) | AA83: 2029(MW) | AB83: 2030(MW) | AC83: 2031(MW)
A84: 매출액 | H84: 12751.671 | I84: 11775.985 | J84: 12667.779 | K84: 13626.986 | L84: 13626.318 | M84: 13024.218 | N84: 14096.894 | W84: 11775.985 | X84: 13024.218
A85: YoY | B85: 전년 같은 분기·전년 대비 | H85: =IF(OR(H84="",D84=""),"",IF(D84<=0,"",IFERROR(H84/D84-1,""))) | I85: =IF(OR(I84="",E84=""),"",IF(E84<=0,"",IFERROR(I84/E84-1,""))) | J85: =IF(OR(J84="",F84=""),"",IF(F84<=0,"",IFERROR(J84/F84-1,""))) | K85: =IF(OR(K84="",G84=""),"",IF(G84<=0,"",IFERROR(K84/G84-1,""))) | L85: =IF(OR(L84="",H84=""),"",IF(H84<=0,"",IFERROR(L84/H84-1,""))) | M85: =IF(OR(M84="",I84=""),"",IF(I84<=0,"",IFERROR(M84/I84-1,""))) | N85: =IF(OR(N84="",J84=""),"",IF(J84<=0,"",IFERROR(N84/J84-1,""))) | W85: =IF(OR(W84="",V84=""),"",IF(V84<=0,"",IFERROR(W84/V84-1,""))) | X85: =IF(OR(X84="",W84=""),"",IF(W84<=0,"",IFERROR(X84/W84-1,"")))
A86: 매출원가 | H86: 8479.502 | I86: 8633.911 | J86: 8333.185 | K86: 8754.097 | L86: 8809.764 | M86: 9262.244 | N86: 9006.092 | W86: 8633.911 | X86: 9262.244
A87: YoY | B87: 전년 같은 분기·전년 대비 | H87: =IF(OR(H86="",D86=""),"",IF(H86*D86<=0,"",IFERROR(H86/D86-1,""))) | I87: =IF(OR(I86="",E86=""),"",IF(I86*E86<=0,"",IFERROR(I86/E86-1,""))) | J87: =IF(OR(J86="",F86=""),"",IF(J86*F86<=0,"",IFERROR(J86/F86-1,""))) | K87: =IF(OR(K86="",G86=""),"",IF(K86*G86<=0,"",IFERROR(K86/G86-1,""))) | L87: =IF(OR(L86="",H86=""),"",IF(L86*H86<=0,"",IFERROR(L86/H86-1,""))) | M87: =IF(OR(M86="",I86=""),"",IF(M86*I86<=0,"",IFERROR(M86/I86-1,""))) | N87: =IF(OR(N86="",J86=""),"",IF(N86*J86<=0,"",IFERROR(N86/J86-1,""))) | W87: =IF(OR(W86="",V86=""),"",IF(W86*V86<=0,"",IFERROR(W86/V86-1,""))) | X87: =IF(OR(X86="",W86=""),"",IF(X86*W86<=0,"",IFERROR(X86/W86-1,"")))
A88: 매출총이익 | H88: 4272.17 | I88: 3142.073 | J88: 4334.593 | K88: 4872.89 | L88: 4816.553 | M88: 3761.974 | N88: 5090.802 | W88: 3142.073 | X88: 3761.974
A89: YoY | B89: 전년 같은 분기·전년 대비 | H89: =IF(OR(H88="",D88=""),"",IF(D88<=0,"",IFERROR(H88/D88-1,""))) | I89: =IF(OR(I88="",E88=""),"",IF(E88<=0,"",IFERROR(I88/E88-1,""))) | J89: =IF(OR(J88="",F88=""),"",IF(F88<=0,"",IFERROR(J88/F88-1,""))) | K89: =IF(OR(K88="",G88=""),"",IF(G88<=0,"",IFERROR(K88/G88-1,""))) | L89: =IF(OR(L88="",H88=""),"",IF(H88<=0,"",IFERROR(L88/H88-1,""))) | M89: =IF(OR(M88="",I88=""),"",IF(I88<=0,"",IFERROR(M88/I88-1,""))) | N89: =IF(OR(N88="",J88=""),"",IF(J88<=0,"",IFERROR(N88/J88-1,""))) | W89: =IF(OR(W88="",V88=""),"",IF(V88<=0,"",IFERROR(W88/V88-1,""))) | X89: =IF(OR(X88="",W88=""),"",IF(W88<=0,"",IFERROR(X88/W88-1,"")))
A90: 대손충당금 전입 | H90: 28.414 | I90: 12.387 | J90: 44.623 | K90: 103.242 | L90: 12.934 | M90: 6.817 | N90: 31.893 | W90: 12.387 | X90: 6.817
A91: 급여·수당 | H91: 960.693 | I91: 1010.099 | J91: 1055.721 | K91: 1072.158 | L91: 1107.592 | M91: 1209.891 | N91: 1189.493 | W91: 1010.099 | X91: 1209.891
A92: 상여충당금 전입 | H92: -98.133 | I92: 397.305 | J92: 358.005 | K92: 280.315 | L92: -111.707 | M92: 385.563 | N92: 402.931 | W92: 397.305 | X92: 385.563
A93: 퇴직급여비용 | H93: 51.803 | I93: 63.362 | J93: 53.492 | K93: 53.471 | L93: 51.799 | M93: 60 | N93: 51.628 | W93: 63.362 | X93: 60
A94: 지대·임차료 | H94: 436.763 | I94: 406.465 | J94: 447.154 | K94: 454.656 | L94: 483.267 | M94: 488.962 | N94: 494.032 | W94: 406.465 | X94: 488.962
A95: 기타 | H95: 1509.074 | I95: 1303.688 | J95: 1249.141 | K95: 1251.775 | L95: 1765.414 | M95: 1518.894 | N95: 1382.638 | W95: 1303.688 | X95: 1518.894
A96: 판매비와 관리비 합계 | H96: 2888.613 | I96: 3193.307 | J96: 3208.138 | K96: 3215.619 | L96: 3309.297 | M96: 3670.127 | N96: 3552.617 | W96: 3193.307 | X96: 3670.127
A97: YoY | B97: 전년 같은 분기·전년 대비 | H97: =IF(OR(H96="",D96=""),"",IF(H96*D96<=0,"",IFERROR(H96/D96-1,""))) | I97: =IF(OR(I96="",E96=""),"",IF(I96*E96<=0,"",IFERROR(I96/E96-1,""))) | J97: =IF(OR(J96="",F96=""),"",IF(J96*F96<=0,"",IFERROR(J96/F96-1,""))) | K97: =IF(OR(K96="",G96=""),"",IF(K96*G96<=0,"",IFERROR(K96/G96-1,""))) | L97: =IF(OR(L96="",H96=""),"",IF(L96*H96<=0,"",IFERROR(L96/H96-1,""))) | M97: =IF(OR(M96="",I96=""),"",IF(M96*I96<=0,"",IFERROR(M96/I96-1,""))) | N97: =IF(OR(N96="",J96=""),"",IF(N96*J96<=0,"",IFERROR(N96/J96-1,""))) | W97: =IF(OR(W96="",V96=""),"",IF(W96*V96<=0,"",IFERROR(W96/V96-1,""))) | X97: =IF(OR(X96="",W96=""),"",IF(X96*W96<=0,"",IFERROR(X96/W96-1,"")))
A98: 영업이익 | H98: 1383.556 | I98: -51.233 | J98: 1126.454 | K98: 1657.271 | L98: 1507.257 | M98: 91.847 | N98: 1538.184 | W98: -51.233 | X98: 91.847
A99: OPM | B99: 영업이익 ÷ 매출 | H99: =IF(OR(H98="",H84=""),"",IF(H84<=0,"",IFERROR(H98/H84,""))) | I99: =IF(OR(I98="",I84=""),"",IF(I84<=0,"",IFERROR(I98/I84,""))) | J99: =IF(OR(J98="",J84=""),"",IF(J84<=0,"",IFERROR(J98/J84,""))) | K99: =IF(OR(K98="",K84=""),"",IF(K84<=0,"",IFERROR(K98/K84,""))) | L99: =IF(OR(L98="",L84=""),"",IF(L84<=0,"",IFERROR(L98/L84,""))) | M99: =IF(OR(M98="",M84=""),"",IF(M84<=0,"",IFERROR(M98/M84,""))) | N99: =IF(OR(N98="",N84=""),"",IF(N84<=0,"",IFERROR(N98/N84,""))) | W99: =IF(OR(W98="",W84=""),"",IF(W84<=0,"",IFERROR(W98/W84,""))) | X99: =IF(OR(X98="",X84=""),"",IF(X84<=0,"",IFERROR(X98/X84,"")))
A100: YoY | B100: 전년 같은 분기·전년 대비 | H100: =IF(OR(H98="",D98=""),"",IF(D98<=0,"",IFERROR(H98/D98-1,""))) | I100: =IF(OR(I98="",E98=""),"",IF(E98<=0,"",IFERROR(I98/E98-1,""))) | J100: =IF(OR(J98="",F98=""),"",IF(F98<=0,"",IFERROR(J98/F98-1,""))) | K100: =IF(OR(K98="",G98=""),"",IF(G98<=0,"",IFERROR(K98/G98-1,""))) | L100: =IF(OR(L98="",H98=""),"",IF(H98<=0,"",IFERROR(L98/H98-1,""))) | M100: =IF(OR(M98="",I98=""),"",IF(I98<=0,"",IFERROR(M98/I98-1,""))) | N100: =IF(OR(N98="",J98=""),"",IF(J98<=0,"",IFERROR(N98/J98-1,""))) | W100: =IF(OR(W98="",V98=""),"",IF(V98<=0,"",IFERROR(W98/V98-1,""))) | X100: =IF(OR(X98="",W98=""),"",IF(W98<=0,"",IFERROR(X98/W98-1,"")))
A101: 이자수익 | H101: 3.766 | I101: 2.686 | J101: 6.725 | K101: 2.107 | L101: 9.11 | M101: 5.203 | N101: 13.282 | W101: 2.686 | X101: 5.203
A102: 배당금수익 | H102: 3.515 | I102: 0.181 | J102: 6.274 | K102: 0.315 | L102: 3.781 | M102: 1.323 | N102: 7.56 | W102: 0.181 | X102: 1.323
...

Sheet 재무상태표
A1: 렌토 재무상태표
A2: 재무비율은 기말 잔액 기준 · 분기 손익은 최근 4분기 합산(TTM) | B2: (단위: 백만엔)
A3: 항목 | B3: 참고 | C3: 2026.1Q | D3: 2026.2Q | E3: 2026.3Q | F3: 2026.4Q | G3: 2027.1Q | H3: 2024 | I3: 2025 | J3: 2026
A4: 자산
A5: 유동자산 | C5: 17139.459 | D5: 18481.028 | E5: 17548.563 | F5: 18663.789 | G5: 17169.672 | H5: 14556.098 | I5: 16076.493 | J5: 18663.789
A6: 현금및현금성자산 | C6: 6326.593 | D6: 6976.454 | E6: 6281.004 | F6: 8189.818 | G6: 5996.27 | H6: 4891.824 | I6: 6191.921 | J6: 8189.818
A7: 단기금융상품
A8: 매출채권 | C8: 8000.102 | D8: 8757.168 | E8: 8543.854 | F8: 7969.666 | G8: 8324.461 | H8: 7064.734 | I8: 7476.558 | J8: 7969.666
A9: 재고자산 | C9: 635.533 | D9: 666.606 | E9: 608.659 | F9: 613.561 | G9: 651.937 | H9: 683.339 | I9: 591.072 | J9: 613.561
A10: 기타유동자산 | B10: 총계 − 위 항목 | C10: =IF(OR(C5=""),"",IFERROR(C5-SUM(C6,C7,C8,C9),"")) | D10: =IF(OR(D5=""),"",IFERROR(D5-SUM(D6,D7,D8,D9),"")) | E10: =IF(OR(E5=""),"",IFERROR(E5-SUM(E6,E7,E8,E9),"")) | F10: =IF(OR(F5=""),"",IFERROR(F5-SUM(F6,F7,F8,F9),"")) | G10: =IF(OR(G5=""),"",IFERROR(G5-SUM(G6,G7,G8,G9),"")) | H10: =IF(OR(H5=""),"",IFERROR(H5-SUM(H6,H7,H8,H9),"")) | I10: =IF(OR(I5=""),"",IFERROR(I5-SUM(I6,I7,I8,I9),"")) | J10: =IF(OR(J5=""),"",IFERROR(J5-SUM(J6,J7,J8,J9),""))
A11: 비유동자산 | C11: 42276.788 | D11: 47260.697 | E11: 48961.071 | F11: 49537.88 | G11: 50829.77 | H11: 36740.494 | I11: 41833.883 | J11: 49537.88
A12: 유형자산 | C12: 37517.047 | D12: 41504.612 | E12: 43326.122 | F12: 43690.346 | G12: 45134.99 | H12: 31853.902 | I12: 36903.791 | J12: 43690.346
A13: 무형자산 | C13: 381.609 | D13: 929.522 | E13: 907.516 | F13: 884.19 | G13: 936.829 | H13: 465.595 | I13: 404.668 | J13: 884.19
A14: 투자부동산
A15: 기타비유동자산 | B15: 총계 − 위 항목 | C15: =IF(OR(C11=""),"",IFERROR(C11-SUM(C12,C13,C14),"")) | D15: =IF(OR(D11=""),"",IFERROR(D11-SUM(D12,D13,D14),"")) | E15: =IF(OR(E11=""),"",IFERROR(E11-SUM(E12,E13,E14),"")) | F15: =IF(OR(F11=""),"",IFERROR(F11-SUM(F12,F13,F14),"")) | G15: =IF(OR(G11=""),"",IFERROR(G11-SUM(G12,G13,G14),"")) | H15: =IF(OR(H11=""),"",IFERROR(H11-SUM(H12,H13,H14),"")) | I15: =IF(OR(I11=""),"",IFERROR(I11-SUM(I12,I13,I14),"")) | J15: =IF(OR(J11=""),"",IFERROR(J11-SUM(J12,J13,J14),""))
A16: 자산총계 | C16: 59416.248 | D16: 65741.726 | E16: 66509.635 | F16: 68201.67 | G16: 67999.442 | H16: 51296.592 | I16: 57910.376 | J16: 68201.67
A17: 부채
A18: 유동부채 | C18: 20708.315 | D18: 25580.556 | E18: 25352.692 | F18: 19995.059 | G18: 20960.451 | H18: 21244.683 | I18: 20965.744 | J18: 19995.059
A19: 매입채무 | C19: 499.302 | D19: 430.743 | E19: 395.83 | F19: 371.446 | G19: 345.621 | H19: 3620.328 | I19: 413.853 | J19: 371.446
A20: 단기차입금 | C20: 2343.25 | D20: 4540.418 | E20: 6318 | F20: 1929.4 | G20: 3587.8 | H20: 3711.04 | I20: 2210 | J20: 1929.4
A21: 유동성장기부채 | C21: 5356.427 | D21: 5229.44 | E21: 5202.847 | F21: 6522.78 | G21: 6190.342 | H21: 4492.896 | I21: 5491.81 | J21: 6522.78
A22: 기타유동부채 | B22: 총계 − 위 항목 | C22: =IF(OR(C18=""),"",IFERROR(C18-SUM(C19,C20,C21),"")) | D22: =IF(OR(D18=""),"",IFERROR(D18-SUM(D19,D20,D21),"")) | E22: =IF(OR(E18=""),"",IFERROR(E18-SUM(E19,E20,E21),"")) | F22: =IF(OR(F18=""),"",IFERROR(F18-SUM(F19,F20,F21),"")) | G22: =IF(OR(G18=""),"",IFERROR(G18-SUM(G19,G20,G21),"")) | H22: =IF(OR(H18=""),"",IFERROR(H18-SUM(H19,H20,H21),"")) | I22: =IF(OR(I18=""),"",IFERROR(I18-SUM(I19,I20,I21),"")) | J22: =IF(OR(J18=""),"",IFERROR(J18-SUM(J19,J20,J21),""))
A23: 비유동부채 | C23: 20864.66 | D23: 21305.263 | E23: 21300.11 | F23: 28139.963 | G23: 26847.744 | H23: 17386.122 | I23: 21709.046 | J23: 28139.963
A24: 장기차입금 | C24: 12179.634 | D24: 11854.473 | E24: 11642.258 | F24: 18942.948 | G24: 17695.288 | H24: 10193.566 | I24: 13163.388 | J24: 18942.948
A25: 사채 | C25: 145 | D25: 130 | E25: 130 | F25: 115 | G25: 115 | H25: 175 | I25: 145 | J25: 115
A26: 기타비유동부채 | B26: 총계 − 위 항목 | C26: =IF(OR(C23=""),"",IFERROR(C23-SUM(C24,C25),"")) | D26: =IF(OR(D23=""),"",IFERROR(D23-SUM(D24,D25),"")) | E26: =IF(OR(E23=""),"",IFERROR(E23-SUM(E24,E25),"")) | F26: =IF(OR(F23=""),"",IFERROR(F23-SUM(F24,F25),"")) | G26: =IF(OR(G23=""),"",IFERROR(G23-SUM(G24,G25),"")) | H26: =IF(OR(H23=""),"",IFERROR(H23-SUM(H24,H25),"")) | I26: =IF(OR(I23=""),"",IFERROR(I23-SUM(I24,I25),"")) | J26: =IF(OR(J23=""),"",IFERROR(J23-SUM(J24,J25),""))
A27: 부채총계 | C27: 41572.976 | D27: 46885.819 | E27: 46652.803 | F27: 48135.022 | G27: 47808.195 | H27: 38630.806 | I27: 42674.79 | J27: 48135.022
A28: 총차입금 | B28: 단기+유동성장기+장기+사채 | C28: =SUM(C20,C21,C24,C25) | D28: =SUM(D20,D21,D24,D25) | E28: =SUM(E20,E21,E24,E25) | F28: =SUM(F20,F21,F24,F25) | G28: =SUM(G20,G21,G24,G25) | H28: =SUM(H20,H21,H24,H25) | I28: =SUM(I20,I21,I24,I25) | J28: =SUM(J20,J21,J24,J25)
A29: 순차입금 | B29: 음수 = 순현금 | C29: =C28-C6-N(C7) | D29: =D28-D6-N(D7) | E29: =E28-E6-N(E7) | F29: =F28-F6-N(F7) | G29: =G28-G6-N(G7) | H29: =H28-H6-N(H7) | I29: =I28-I6-N(I7) | J29: =J28-J6-N(J7)
A30: 자본
A31: 지배주주지분 | C31: 17610.026 | D31: 18786.242 | E31: 19788.832 | F31: 20000.738 | G31: 20129.166 | H31: 12224.529 | I31: 14956.97 | J31: 20000.738
A32: 자본금 | C32: 2649.182 | D32: 2649.182 | E32: 2649.182 | F32: 2649.182 | G32: 2649.182 | H32: 1401.12 | I32: 1401.12 | J32: 2649.182
A33: 이익잉여금 | C33: 12572.043 | D33: 13719.552 | E33: 14689.814 | F33: 14782.803 | G33: 14822.333 | H33: 10205.608 | I33: 12458.016 | J33: 14782.803
A34: 비지배지분 | C34: 158.541 | D34: 18.742 | E34: 17.078 | F34: 14.987 | G34: 11.159 | H34: 366.553 | I34: 203.911 | J34: 14.987
A35: 자본총계 | C35: 17843.271 | D35: 18855.906 | E35: 19856.832 | F35: 20066.647 | G35: 20191.247 | H35: 12665.786 | I35: 15235.585 | J35: 20066.647
A36: 현금흐름 요약 | B36: 분기 = TTM (있을 때만)
A37: 영업활동현금흐름 | D37: 2692.35 | F37: 410.553 | H37: 3203.099 | I37: 1997.084 | J37: 410.553
A38: CAPEX (유·무형 취득) | B38: 양수로 입력 | D38: 1186.847 | F38: 1806.409 | H38: 1040.468 | I38: 1183.629 | J38: 1806.409
A39: FCF | C39: =IF(OR(C37="",C38=""),"",IFERROR(C37-C38,"")) | D39: =IF(OR(D37="",D38=""),"",IFERROR(D37-D38,"")) | E39: =IF(OR(E37="",E38=""),"",IFERROR(E37-E38,"")) | F39: =IF(OR(F37="",F38=""),"",IFERROR(F37-F38,"")) | G39: =IF(OR(G37="",G38=""),"",IFERROR(G37-G38,"")) | H39: =IF(OR(H37="",H38=""),"",IFERROR(H37-H38,"")) | I39: =IF(OR(I37="",I38=""),"",IFERROR(I37-I38,"")) | J39: =IF(OR(J37="",J38=""),"",IFERROR(J37-J38,""))
A40: 배당금 지급 | B40: 양수로 입력 | D40: 576.282 | F40: 576.282 | H40: 214.267 | I40: 246.501 | J40: 576.282
A41: 주요 재무 비율 | B41: 기준 (빨간 글씨 = 미달)
A42: 안정성
A43: 부채비율 | B43: 100%↓ | C43: =IF(OR(C27="",C35=""),"",IFERROR(C27/C35,"")) | D43: =IF(OR(D27="",D35=""),"",IFERROR(D27/D35,"")) | E43: =IF(OR(E27="",E35=""),"",IFERROR(E27/E35,"")) | F43: =IF(OR(F27="",F35=""),"",IFERROR(F27/F35,"")) | G43: =IF(OR(G27="",G35=""),"",IFERROR(G27/G35,"")) | H43: =IF(OR(H27="",H35=""),"",IFERROR(H27/H35,"")) | I43: =IF(OR(I27="",I35=""),"",IFERROR(I27/I35,"")) | J43: =IF(OR(J27="",J35=""),"",IFERROR(J27/J35,""))
A44: 순차입금비율 | B44: 0%↓ 순현금 | C44: =IF(OR(C29="",C35=""),"",IFERROR(C29/C35,"")) | D44: =IF(OR(D29="",D35=""),"",IFERROR(D29/D35,"")) | E44: =IF(OR(E29="",E35=""),"",IFERROR(E29/E35,"")) | F44: =IF(OR(F29="",F35=""),"",IFERROR(F29/F35,"")) | G44: =IF(OR(G29="",G35=""),"",IFERROR(G29/G35,"")) | H44: =IF(OR(H29="",H35=""),"",IFERROR(H29/H35,"")) | I44: =IF(OR(I29="",I35=""),"",IFERROR(I29/I35,"")) | J44: =IF(OR(J29="",J35=""),"",IFERROR(J29/J35,""))
A45: 자기자본비율 | B45: 50%↑ | C45: =IF(OR(C35="",C16=""),"",IFERROR(C35/C16,"")) | D45: =IF(OR(D35="",D16=""),"",IFERROR(D35/D16,"")) | E45: =IF(OR(E35="",E16=""),"",IFERROR(E35/E16,"")) | F45: =IF(OR(F35="",F16=""),"",IFERROR(F35/F16,"")) | G45: =IF(OR(G35="",G16=""),"",IFERROR(G35/G16,"")) | H45: =IF(OR(H35="",H16=""),"",IFERROR(H35/H16,"")) | I45: =IF(OR(I35="",I16=""),"",IFERROR(I35/I16,"")) | J45: =IF(OR(J35="",J16=""),"",IFERROR(J35/J16,""))
A46: 유동비율 | B46: 150%↑ | C46: =IF(OR(C5="",C18=""),"",IFERROR(C5/C18,"")) | D46: =IF(OR(D5="",D18=""),"",IFERROR(D5/D18,"")) | E46: =IF(OR(E5="",E18=""),"",IFERROR(E5/E18,"")) | F46: =IF(OR(F5="",F18=""),"",IFERROR(F5/F18,"")) | G46: =IF(OR(G5="",G18=""),"",IFERROR(G5/G18,"")) | H46: =IF(OR(H5="",H18=""),"",IFERROR(H5/H18,"")) | I46: =IF(OR(I5="",I18=""),"",IFERROR(I5/I18,"")) | J46: =IF(OR(J5="",J18=""),"",IFERROR(J5/J18,""))
A47: 당좌비율 | B47: 100%↑ | C47: =IF(OR(C5="",C18=""),"",IFERROR((C5-N(C9))/C18,"")) | D47: =IF(OR(D5="",D18=""),"",IFERROR((D5-N(D9))/D18,"")) | E47: =IF(OR(E5="",E18=""),"",IFERROR((E5-N(E9))/E18,"")) | F47: =IF(OR(F5="",F18=""),"",IFERROR((F5-N(F9))/F18,"")) | G47: =IF(OR(G5="",G18=""),"",IFERROR((G5-N(G9))/G18,"")) | H47: =IF(OR(H5="",H18=""),"",IFERROR((H5-N(H9))/H18,"")) | I47: =IF(OR(I5="",I18=""),"",IFERROR((I5-N(I9))/I18,"")) | J47: =IF(OR(J5="",J18=""),"",IFERROR((J5-N(J9))/J18,""))
A48: 이자보상배율 | B48: 5x↑ (금융원가 기준) | C48: =IFERROR((IF(COUNT('연간'!G19:J19)<4,"",SUM('연간'!G19:J19)))/(IF(COUNT('연간'!G41:J41)<4,"",SUM('연간'!G41:J41))),"") | D48: =IFERROR((IF(COUNT('연간'!H19:K19)<4,"",SUM('연간'!H19:K19)))/(IF(COUNT('연간'!H41:K41)<4,"",SUM('연간'!H41:K41))),"") | E48: =IFERROR((IF(COUNT('연간'!I19:L19)<4,"",SUM('연간'!I19:L19)))/(IF(COUNT('연간'!I41:L41)<4,"",SUM('연간'!I41:L41))),"") | F48: =IFERROR((IF(COUNT('연간'!J19:M19)<4,"",SUM('연간'!J19:M19)))/(IF(COUNT('연간'!J41:M41)<4,"",SUM('연간'!J41:M41))),"") | G48: =IFERROR((IF(COUNT('연간'!K19:N19)<4,"",SUM('연간'!K19:N19)))/(IF(COUNT('연간'!K41:N41)<4,"",SUM('연간'!K41:N41))),"") | H48: =IFERROR(('연간'!V19)/('연간'!V41),"") | I48: =IFERROR(('연간'!W19)/('연간'!W41),"") | J48: =IFERROR(('연간'!X19)/('연간'!X41),"")
A49: 차입금 상환연수 | B49: 4년↓ (버핏) | C49: =IFERROR(IF((IF(COUNT('연간'!G49:J49)<4,"",SUM('연간'!G49:J49)))<=0,"적자",C28/(IF(COUNT('연간'!G49:J49)<4,"",SUM('연간'!G49:J49)))),"") | D49: =IFERROR(IF((IF(COUNT('연간'!H49:K49)<4,"",SUM('연간'!H49:K49)))<=0,"적자",D28/(IF(COUNT('연간'!H49:K49)<4,"",SUM('연간'!H49:K49)))),"") | E49: =IFERROR(IF((IF(COUNT('연간'!I49:L49)<4,"",SUM('연간'!I49:L49)))<=0,"적자",E28/(IF(COUNT('연간'!I49:L49)<4,"",SUM('연간'!I49:L49)))),"") | F49: =IFERROR(IF((IF(COUNT('연간'!J49:M49)<4,"",SUM('연간'!J49:M49)))<=0,"적자",F28/(IF(COUNT('연간'!J49:M49)<4,"",SUM('연간'!J49:M49)))),"") | G49: =IFERROR(IF((IF(COUNT('연간'!K49:N49)<4,"",SUM('연간'!K49:N49)))<=0,"적자",G28/(IF(COUNT('연간'!K49:N49)<4,"",SUM('연간'!K49:N49)))),"") | H49: =IFERROR(IF(('연간'!V49)<=0,"적자",H28/('연간'!V49)),"") | I49: =IFERROR(IF(('연간'!W49)<=0,"적자",I28/('연간'!W49)),"") | J49: =IFERROR(IF(('연간'!X49)<=0,"적자",J28/('연간'!X49)),"")
A50: 수익성
A51: ROE | B51: 15%↑ (버핏) | C51: =IFERROR((IF(COUNT('연간'!G49:J49)<4,"",SUM('연간'!G49:J49)))/C31,"") | D51: =IFERROR((IF(COUNT('연간'!H49:K49)<4,"",SUM('연간'!H49:K49)))/D31,"") | E51: =IFERROR((IF(COUNT('연간'!I49:L49)<4,"",SUM('연간'!I49:L49)))/E31,"") | F51: =IFERROR((IF(COUNT('연간'!J49:M49)<4,"",SUM('연간'!J49:M49)))/F31,"") | G51: =IFERROR((IF(COUNT('연간'!K49:N49)<4,"",SUM('연간'!K49:N49)))/G31,"") | H51: =IFERROR(('연간'!V49)/H31,"") | I51: =IFERROR(('연간'!W49)/I31,"") | J51: =IFERROR(('연간'!X49)/J31,"")
A52: ROA | B52: 5%↑ | C52: =IFERROR((IF(COUNT('연간'!G47:J47)<4,"",SUM('연간'!G47:J47)))/C16,"") | D52: =IFERROR((IF(COUNT('연간'!H47:K47)<4,"",SUM('연간'!H47:K47)))/D16,"") | E52: =IFERROR((IF(COUNT('연간'!I47:L47)<4,"",SUM('연간'!I47:L47)))/E16,"") | F52: =IFERROR((IF(COUNT('연간'!J47:M47)<4,"",SUM('연간'!J47:M47)))/F16,"") | G52: =IFERROR((IF(COUNT('연간'!K47:N47)<4,"",SUM('연간'!K47:N47)))/G16,"") | H52: =IFERROR(('연간'!V47)/H16,"") | I52: =IFERROR(('연간'!W47)/I16,"") | J52: =IFERROR(('연간'!X47)/J16,"")
A53: ROIC | B53: 10%↑ (세후영업이익 기준) | C53: =IFERROR((IF(COUNT('연간'!G19:J19)<4,"",SUM('연간'!G19:J19)))*(1-0.3)/(C35+C29),"") | D53: =IFERROR((IF(COUNT('연간'!H19:K19)<4,"",SUM('연간'!H19:K19)))*(1-0.3)/(D35+D29),"") | E53: =IFERROR((IF(COUNT('연간'!I19:L19)<4,"",SUM('연간'!I19:L19)))*(1-0.3)/(E35+E29),"") | F53: =IFERROR((IF(COUNT('연간'!J19:M19)<4,"",SUM('연간'!J19:M19)))*(1-0.3)/(F35+F29),"") | G53: =IFERROR((IF(COUNT('연간'!K19:N19)<4,"",SUM('연간'!K19:N19)))*(1-0.3)/(G35+G29),"") | H53: =IFERROR(('연간'!V19)*(1-0.3)/(H35+H29),"") | I53: =IFERROR(('연간'!W19)*(1-0.3)/(I35+I29),"") | J53: =IFERROR(('연간'!X19)*(1-0.3)/(J35+J29),"")
A54: 매출총이익률 (GPM) | B54: 40%↑ (해자 신호) | C54: =IFERROR((IF(COUNT('연간'!G13:J13)<4,"",SUM('연간'!G13:J13)))/(IF(COUNT('연간'!G4:J4)<4,"",SUM('연간'!G4:J4))),"") | D54: =IFERROR((IF(COUNT('연간'!H13:K13)<4,"",SUM('연간'!H13:K13)))/(IF(COUNT('연간'!H4:K4)<4,"",SUM('연간'!H4:K4))),"") | E54: =IFERROR((IF(COUNT('연간'!I13:L13)<4,"",SUM('연간'!I13:L13)))/(IF(COUNT('연간'!I4:L4)<4,"",SUM('연간'!I4:L4))),"") | F54: =IFERROR((IF(COUNT('연간'!J13:M13)<4,"",SUM('연간'!J13:M13)))/(IF(COUNT('연간'!J4:M4)<4,"",SUM('연간'!J4:M4))),"") | G54: =IFERROR((IF(COUNT('연간'!K13:N13)<4,"",SUM('연간'!K13:N13)))/(IF(COUNT('연간'!K4:N4)<4,"",SUM('연간'!K4:N4))),"") | H54: =IFERROR(('연간'!V13)/('연간'!V4),"") | I54: =IFERROR(('연간'!W13)/('연간'!W4),"") | J54: =IFERROR(('연간'!X13)/('연간'!X4),"")
A55: 영업이익률 (OPM) | B55: 15%↑ | C55: =IFERROR((IF(COUNT('연간'!G19:J19)<4,"",SUM('연간'!G19:J19)))/(IF(COUNT('연간'!G4:J4)<4,"",SUM('연간'!G4:J4))),"") | D55: =IFERROR((IF(COUNT('연간'!H19:K19)<4,"",SUM('연간'!H19:K19)))/(IF(COUNT('연간'!H4:K4)<4,"",SUM('연간'!H4:K4))),"") | E55: =IFERROR((IF(COUNT('연간'!I19:L19)<4,"",SUM('연간'!I19:L19)))/(IF(COUNT('연간'!I4:L4)<4,"",SUM('연간'!I4:L4))),"") | F55: =IFERROR((IF(COUNT('연간'!J19:M19)<4,"",SUM('연간'!J19:M19)))/(IF(COUNT('연간'!J4:M4)<4,"",SUM('연간'!J4:M4))),"") | G55: =IFERROR((IF(COUNT('연간'!K19:N19)<4,"",SUM('연간'!K19:N19)))/(IF(COUNT('연간'!K4:N4)<4,"",SUM('연간'!K4:N4))),"") | H55: =IFERROR(('연간'!V19)/('연간'!V4),"") | I55: =IFERROR(('연간'!W19)/('연간'!W4),"") | J55: =IFERROR(('연간'!X19)/('연간'!X4),"")
A56: 순이익률 | B56: 10%↑ | C56: =IFERROR((IF(COUNT('연간'!G47:J47)<4,"",SUM('연간'!G47:J47)))/(IF(COUNT('연간'!G4:J4)<4,"",SUM('연간'!G4:J4))),"") | D56: =IFERROR((IF(COUNT('연간'!H47:K47)<4,"",SUM('연간'!H47:K47)))/(IF(COUNT('연간'!H4:K4)<4,"",SUM('연간'!H4:K4))),"") | E56: =IFERROR((IF(COUNT('연간'!I47:L47)<4,"",SUM('연간'!I47:L47)))/(IF(COUNT('연간'!I4:L4)<4,"",SUM('연간'!I4:L4))),"") | F56: =IFERROR((IF(COUNT('연간'!J47:M47)<4,"",SUM('연간'!J47:M47)))/(IF(COUNT('연간'!J4:M4)<4,"",SUM('연간'!J4:M4))),"") | G56: =IFERROR((IF(COUNT('연간'!K47:N47)<4,"",SUM('연간'!K47:N47)))/(IF(COUNT('연간'!K4:N4)<4,"",SUM('연간'!K4:N4))),"") | H56: =IFERROR(('연간'!V47)/('연간'!V4),"") | I56: =IFERROR(('연간'!W47)/('연간'!W4),"") | J56: =IFERROR(('연간'!X47)/('연간'!X4),"")
A57: 효율성 (회전율)
A58: 총자산회전율 | B58: 높을수록↑ | C58: =IFERROR((IF(COUNT('연간'!G4:J4)<4,"",SUM('연간'!G4:J4)))/C16,"") | D58: =IFERROR((IF(COUNT('연간'!H4:K4)<4,"",SUM('연간'!H4:K4)))/D16,"") | E58: =IFERROR((IF(COUNT('연간'!I4:L4)<4,"",SUM('연간'!I4:L4)))/E16,"") | F58: =IFERROR((IF(COUNT('연간'!J4:M4)<4,"",SUM('연간'!J4:M4)))/F16,"") | G58: =IFERROR((IF(COUNT('연간'!K4:N4)<4,"",SUM('연간'!K4:N4)))/G16,"") | H58: =IFERROR(('연간'!V4)/H16,"") | I58: =IFERROR(('연간'!W4)/I16,"") | J58: =IFERROR(('연간'!X4)/J16,"")
A59: 매출채권회전일수 | B59: 짧을수록↑ | C59: =IFERROR(C8/(IF(COUNT('연간'!G4:J4)<4,"",SUM('연간'!G4:J4)))*365,"") | D59: =IFERROR(D8/(IF(COUNT('연간'!H4:K4)<4,"",SUM('연간'!H4:K4)))*365,"") | E59: =IFERROR(E8/(IF(COUNT('연간'!I4:L4)<4,"",SUM('연간'!I4:L4)))*365,"") | F59: =IFERROR(F8/(IF(COUNT('연간'!J4:M4)<4,"",SUM('연간'!J4:M4)))*365,"") | G59: =IFERROR(G8/(IF(COUNT('연간'!K4:N4)<4,"",SUM('연간'!K4:N4)))*365,"") | H59: =IFERROR(H8/('연간'!V4)*365,"") | I59: =IFERROR(I8/('연간'!W4)*365,"") | J59: =IFERROR(J8/('연간'!X4)*365,"")
A60: 재고자산회전일수 | B60: 짧을수록↑ | C60: =IFERROR(C9/(IF(COUNT('연간'!G11:J11)<4,"",SUM('연간'!G11:J11)))*365,"") | D60: =IFERROR(D9/(IF(COUNT('연간'!H11:K11)<4,"",SUM('연간'!H11:K11)))*365,"") | E60: =IFERROR(E9/(IF(COUNT('연간'!I11:L11)<4,"",SUM('연간'!I11:L11)))*365,"") | F60: =IFERROR(F9/(IF(COUNT('연간'!J11:M11)<4,"",SUM('연간'!J11:M11)))*365,"") | G60: =IFERROR(G9/(IF(COUNT('연간'!K11:N11)<4,"",SUM('연간'!K11:N11)))*365,"") | H60: =IFERROR(H9/('연간'!V11)*365,"") | I60: =IFERROR(I9/('연간'!W11)*365,"") | J60: =IFERROR(J9/('연간'!X11)*365,"")
A61: 매입채무회전일수 | B61: 길수록 유리 | C61: =IFERROR(C19/(IF(COUNT('연간'!G11:J11)<4,"",SUM('연간'!G11:J11)))*365,"") | D61: =IFERROR(D19/(IF(COUNT('연간'!H11:K11)<4,"",SUM('연간'!H11:K11)))*365,"") | E61: =IFERROR(E19/(IF(COUNT('연간'!I11:L11)<4,"",SUM('연간'!I11:L11)))*365,"") | F61: =IFERROR(F19/(IF(COUNT('연간'!J11:M11)<4,"",SUM('연간'!J11:M11)))*365,"") | G61: =IFERROR(G19/(IF(COUNT('연간'!K11:N11)<4,"",SUM('연간'!K11:N11)))*365,"") | H61: =IFERROR(H19/('연간'!V11)*365,"") | I61: =IFERROR(I19/('연간'!W11)*365,"") | J61: =IFERROR(J19/('연간'!X11)*365,"")
A62: 현금전환주기 (CCC) | B62: 짧을수록↑ | C62: =IF(OR(C59="",C60="",C61=""),"",IFERROR(C59+C60-C61,"")) | D62: =IF(OR(D59="",D60="",D61=""),"",IFERROR(D59+D60-D61,"")) | E62: =IF(OR(E59="",E60="",E61=""),"",IFERROR(E59+E60-E61,"")) | F62: =IF(OR(F59="",F60="",F61=""),"",IFERROR(F59+F60-F61,"")) | G62: =IF(OR(G59="",G60="",G61=""),"",IFERROR(G59+G60-G61,"")) | H62: =IF(OR(H59="",H60="",H61=""),"",IFERROR(H59+H60-H61,"")) | I62: =IF(OR(I59="",I60="",I61=""),"",IFERROR(I59+I60-I61,"")) | J62: =IF(OR(J59="",J60="",J61=""),"",IFERROR(J59+J60-J61,""))
A63: 현금흐름
A64: 영업현금흐름 / 순이익 | B64: 1x↑ (이익의 질) | C64: =IF(C37="","",IFERROR(C37/(IF(COUNT('연간'!G47:J47)<4,"",SUM('연간'!G47:J47))),"")) | D64: =IF(D37="","",IFERROR(D37/(IF(COUNT('연간'!H47:K47)<4,"",SUM('연간'!H47:K47))),"")) | E64: =IF(E37="","",IFERROR(E37/(IF(COUNT('연간'!I47:L47)<4,"",SUM('연간'!I47:L47))),"")) | F64: =IF(F37="","",IFERROR(F37/(IF(COUNT('연간'!J47:M47)<4,"",SUM('연간'!J47:M47))),"")) | G64: =IF(G37="","",IFERROR(G37/(IF(COUNT('연간'!K47:N47)<4,"",SUM('연간'!K47:N47))),"")) | H64: =IF(H37="","",IFERROR(H37/('연간'!V47),"")) | I64: =IF(I37="","",IFERROR(I37/('연간'!W47),"")) | J64: =IF(J37="","",IFERROR(J37/('연간'!X47),""))
A65: FCF 마진 | B65: 5%↑ | C65: =IF(C39="","",IFERROR(C39/(IF(COUNT('연간'!G4:J4)<4,"",SUM('연간'!G4:J4))),"")) | D65: =IF(D39="","",IFERROR(D39/(IF(COUNT('연간'!H4:K4)<4,"",SUM('연간'!H4:K4))),"")) | E65: =IF(E39="","",IFERROR(E39/(IF(COUNT('연간'!I4:L4)<4,"",SUM('연간'!I4:L4))),"")) | F65: =IF(F39="","",IFERROR(F39/(IF(COUNT('연간'!J4:M4)<4,"",SUM('연간'!J4:M4))),"")) | G65: =IF(G39="","",IFERROR(G39/(IF(COUNT('연간'!K4:N4)<4,"",SUM('연간'!K4:N4))),"")) | H65: =IF(H39="","",IFERROR(H39/('연간'!V4),"")) | I65: =IF(I39="","",IFERROR(I39/('연간'!W4),"")) | J65: =IF(J39="","",IFERROR(J39/('연간'!X4),""))
A66: CAPEX / 매출 | B66: 낮을수록↑ (자본 가벼움) | C66: =IF(C38="","",IFERROR(C38/(IF(COUNT('연간'!G4:J4)<4,"",SUM('연간'!G4:J4))),"")) | D66: =IF(D38="","",IFERROR(D38/(IF(COUNT('연간'!H4:K4)<4,"",SUM('연간'!H4:K4))),"")) | E66: =IF(E38="","",IFERROR(E38/(IF(COUNT('연간'!I4:L4)<4,"",SUM('연간'!I4:L4))),"")) | F66: =IF(F38="","",IFERROR(F38/(IF(COUNT('연간'!J4:M4)<4,"",SUM('연간'!J4:M4))),"")) | G66: =IF(G38="","",IFERROR(G38/(IF(COUNT('연간'!K4:N4)<4,"",SUM('연간'!K4:N4))),"")) | H66: =IF(H38="","",IFERROR(H38/('연간'!V4),"")) | I66: =IF(I38="","",IFERROR(I38/('연간'!W4),"")) | J66: =IF(J38="","",IFERROR(J38/('연간'!X4),""))
A67: 배당성향 | B67: 참고 | C67: =IF(C40="","",IFERROR(C40/(IF(COUNT('연간'!G49:J49)<4,"",SUM('연간'!G49:J49))),"")) | D67: =IF(D40="","",IFERROR(D40/(IF(COUNT('연간'!H49:K49)<4,"",SUM('연간'!H49:K49))),"")) | E67: =IF(E40="","",IFERROR(E40/(IF(COUNT('연간'!I49:L49)<4,"",SUM('연간'!I49:L49))),"")) | F67: =IF(F40="","",IFERROR(F40/(IF(COUNT('연간'!J49:M49)<4,"",SUM('연간'!J49:M49))),"")) | G67: =IF(G40="","",IFERROR(G40/(IF(COUNT('연간'!K49:N49)<4,"",SUM('연간'!K49:N49))),"")) | H67: =IF(H40="","",IFERROR(H40/('연간'!V49),"")) | I67: =IF(I40="","",IFERROR(I40/('연간'!W49),"")) | J67: =IF(J40="","",IFERROR(J40/('연간'!X49),""))
A69: 재무상태표 · 전 항목 | B69: 분기 말 잔액
A70: 항목 | B70: 참고 | C70: 2026.1Q | D70: 2026.2Q | E70: 2026.3Q | F70: 2026.4Q | G70: 2027.1Q | H70: 2024 | I70: 2025 | J70: 2026
A71: 현금 및 예금 | C71: 6326.593 | D71: 6976.454 | E71: 6281.004 | F71: 8189.818 | G71: 5996.27 | H71: 4891.824 | I71: 6191.921 | J71: 8189.818
A72: 받을어음·매출채권 | C72: 8000.102 | D72: 8757.168 | E72: 8543.854 | F72: 7969.666 | G72: 8324.461 | H72: 7064.734 | I72: 7476.558 | J72: 7969.666
A73: 전자기록채권 | C73: 627.486 | D73: 694.909 | E73: 752.307 | F73: 721.12 | G73: 695.806 | H73: 696.494 | I73: 609.169 | J73: 721.12
A74: 상품·제품 | C74: 253.653 | D74: 242.926 | E74: 191.382 | F74: 182.782 | G74: 226.537 | H74: 387.361 | I74: 221.741 | J74: 182.782
A75: 원재료·저장품 | C75: 381.88 | D75: 423.68 | E75: 417.277 | F75: 430.779 | G75: 425.4 | H75: 295.978 | I75: 369.331 | J75: 430.779
A76: 기타 | C76: 1957.942 | D76: 1908.112 | E76: 1899.413 | F76: 1692.635 | G76: 2037.687 | H76: 1492.445 | I76: 1553.607 | J76: 1692.635
A77: 대손충당금 | C77: -408.198 | D77: -522.222 | E77: -536.675 | F77: -523.013 | G77: -536.491 | H77: -272.739 | I77: -345.837 | J77: -523.013
A78: 유동자산 합계 | C78: 17139.459 | D78: 18481.028 | E78: 17548.563 | F78: 18663.789 | G78: 17169.672 | H78: 14556.098 | I78: 16076.493 | J78: 18663.789
A79: 렌털용 자산[자가](순액) | C79: 16445.894 | D79: 18303.841 | E79: 19658.88 | F79: 19898.471 | G79: 21309.752 | H79: 11690.008 | I79: 15932.804 | J79: 19898.471
A80: 렌털용 자산[리스](순액) | C80: 7573.457 | D80: 7948.214 | E80: 8417.172 | F80: 8180.057 | G80: 8136.254 | H80: 7060.584 | I80: 7549.522 | J80: 8180.057
A81: 건물·구축물(순액) | C81: 4754.195 | D81: 4792.93 | E81: 4832.226 | F81: 5135.001 | G81: 5149.53 | H81: 4747.763 | I81: 4720.144 | J81: 5135.001
A82: 기계장치·운반구(순액) | C82: 879.396 | D82: 854.879 | E82: 844.373 | F82: 858.682 | G82: 883.327 | H82: 732.606 | I82: 861.578 | J82: 858.682
... A84: 리스자산(순액) | C84: 347.882 | D84: 365.473 | E84: 340.721 | F84: 340.654 | G84: 297.117 | H84: 389.904 | I84: 369.715 | J84: 340.654
A85: 건설중인자산 | F85: 474.693 | H85: 131.002 | I85: 297.889 | J85: 474.693
A86: 기타(순액) | C86: 737.344 | D86: 875.709 | E86: 866.413 | F86: 910.932 | G86: 994.59 | H86: 325.766 | I86: 395.658 | J86: 910.932
A87: 유형자산 합계 | C87: 37517.047 | D87: 41504.612 | E87: 43326.122 | F87: 43690.346 | G87: 45134.99 | H87: 31853.902 | I87: 36903.791 | J87: 43690.346
A88: 영업권 | D88: 560.972 | E88: 554.434 | F88: 557.538 | G88: 545.222 | I88: 4.817 | J88: 557.538
A89: 기타 | C89: 381.609 | D89: 368.55 | E89: 353.082 | F89: 326.651 | G89: 391.606 | H89: 465.595 | I89: 399.851 | J89: 326.651
A90: 무형자산 합계 | C90: 381.609 | D90: 929.522 | E90: 907.516 | F90: 884.19 | G90: 936.829 | H90: 465.595 | I90: 404.668 | J90: 884.19
A91: 투자유가증권 | C91: 700.437 | D91: 764.024 | E91: 832.943 | F91: 849.099 | G91: 875.732 | H91: 776.896 | I91: 698.025 | J91: 849.099
A92: 이연법인세자산 | C92: 1501.162 | D92: 1729.8 | E92: 1532.94 | F92: 1755.739 | G92: 1522.387 | H92: 1732.167 | I92: 1644.266 | J92: 1755.739
A93: 임차보증금·보증금 | C93: 1694.434 | D93: 1811.192 | E93: 1816.603 | F93: 1811.359 | G93: 1819.594 | H93: 1505.924 | I93: 1700.793 | J93: 1811.359
A94: 기타 | C94: 502.648 | D94: 549.765 | E94: 577.394 | F94: 580.545 | G94: 577.521 | H94: 451.046 | I94: 507.898 | J94: 580.545
A95: 대손충당금 | C95: -20.55 | D95: -28.22 | E95: -32.449 | F95: -33.4 | G95: -37.284 | H95: -45.038 | I95: -25.56 | J95: -33.4
A96: 투자 및 기타자산 합계 | C96: 4378.131 | D96: 4826.562 | E96: 4727.433 | F96: 4963.343 | G96: 4757.95 | H96: 4420.996 | I96: 4525.423 | J96: 4963.343
A97: 비유동자산 합계 | C97: 42276.788 | D97: 47260.697 | E97: 48961.071 | F97: 49537.88 | G97: 50829.77 | H97: 36740.494 | I97: 41833.883 | J97: 49537.88
A98: 자산 합계 | C98: 59416.248 | D98: 65741.726 | E98: 66509.635 | F98: 68201.67 | G98: 67999.442 | H98: 51296.592 | I98: 57910.376 | J98: 68201.67
A99: 지급어음·매입채무 | C99: 499.302 | D99: 430.743 | E99: 395.83 | F99: 371.446 | G99: 345.621 | H99: 3620.328 | I99: 413.853 | J99: 371.446
A100: 전자기록채무 | C100: 3423.34 | D100: 3571.051 | E100: 2673.024 | F100: 468.523 | G100: 433.159 | H100: 0 | I100: 3578.972 | J100: 468.523
... A112: 리스부채 | C112: 6237.349 | D112: 6466.432 | E112: 6645.195 | F112: 6407.949 | G112: 6324.277 | H112: 4804.721 | I112: 6132.695 | J112: 6407.949
A113: 이연법인세부채 | D113: 474.7 | E113: 476.69 | F113: 462.244 | G113: 463.915 | I113: 0 | J113: 462.244
...

Sheet 출처
A1: 출처 · 쓴 결산단신
A3: 공시일 | B3: 문서 | C3: PDF
A4: 2026-10-15 | B4: 2027년 5월 결산기 １분기 결산단신 | C4: https://www2.jpx.co.jp/disc/372A0/140120261013550025.pdf
A5: 2026-07-15 | B5: 2026년 5월 결산기 연간 결산단신 | C5: https://www2.jpx.co.jp/disc/372A0/140120260713592297.pdf
A6: 2026-04-14 | B6: 2026년 5월 결산기 ３분기 결산단신 | C6: https://www2.jpx.co.jp/disc/372A0/140120260410501521.pdf
A7: 2026-01-14 | B7: 2026년 5월 결산기 ２분기 결산단신 | C7: https://www2.jpx.co.jp/disc/372A0/140120260113532876.pdf
A8: 2025-10-15 | B8: 2026년 5월 결산기 １분기 결산단신 | C8: https://www2.jpx.co.jp/disc/372A0/140120251010571552.pdf
A9: 2025-07-15 | B9: 2025년 5월 결산기 연간 결산단신 | C9: https://www2.jpx.co.jp/disc/372A0/140120250702507265.pdf
