Workbook

Sheet 연간
A1: 4299 Model
A2: 모를 땐 보수적으로 | B2: (단위: 백만엔) | C2: 3월 결산 · 일본 기준 · 2027.1Q = 2027년 3월 결산기 1분기 | Y2: (추정: 파란 글씨 = 직접 입력)
A3: 항목 | B3: 참고 | C3: 2024.2Q | D3: 2024.3Q | E3: 2024.4Q | F3: 2025.1Q | G3: 2025.2Q | H3: 2025.3Q | I3: 2025.4Q | J3: 2026.1Q | K3: 2026.2Q | L3: 2026.3Q | M3: 2026.4Q | N3: 2027.1Q | O3: 2017 | P3: 2018 | Q3: 2019 | R3: 2020 | S3: 2021 | T3: 2022 | U3: 2023 | V3: 2024 | W3: 2025 | X3: 2026 | Y3: 2027(MW) | Z3: 2028(MW) | AA3: 2029(MW) | AB3: 2030(MW) | AC3: 2031(MW)
A4: 매출액 | B4: MW 직접 입력 | C4: 4333 | D4: 4336 | E4: 4353 | F4: 4327 | G4: 4489 | H4: 4510 | I4: 4740 | J4: 4454 | K4: 4495 | L4: 4522 | M4: 4745 | N4: 5124 | O4: 12485 | P4: 13493 | Q4: 14834 | R4: 15342 | S4: 15431 | T4: 16681 | U4: 17331 | V4: 17357 | W4: 18066 | X4: 18216 | Y4: =IF(COUNT(Y7)=0,"",SUM(Y7)) | Z4: =IF(COUNT(Z7)=0,"",SUM(Z7)) | AA4: =IF(COUNT(AA7)=0,"",SUM(AA7)) | AB4: =IF(COUNT(AB7)=0,"",SUM(AB7)) | AC4: =IF(COUNT(AC7)=0,"",SUM(AC7))
A5: YoY | G5: =IF(OR(G4="",C4=""),"",IFERROR(G4/C4-1,"")) | H5: =IF(OR(H4="",D4=""),"",IFERROR(H4/D4-1,"")) | I5: =IF(OR(I4="",E4=""),"",IFERROR(I4/E4-1,"")) | J5: =IF(OR(J4="",F4=""),"",IFERROR(J4/F4-1,"")) | K5: =IF(OR(K4="",G4=""),"",IFERROR(K4/G4-1,"")) | L5: =IF(OR(L4="",H4=""),"",IFERROR(L4/H4-1,"")) | M5: =IF(OR(M4="",I4=""),"",IFERROR(M4/I4-1,"")) | N5: =IF(OR(N4="",J4=""),"",IFERROR(N4/J4-1,"")) | P5: =IF(OR(P4="",O4=""),"",IFERROR(P4/O4-1,"")) | Q5: =IF(OR(Q4="",P4=""),"",IFERROR(Q4/P4-1,"")) | R5: =IF(OR(R4="",Q4=""),"",IFERROR(R4/Q4-1,"")) | S5: =IF(OR(S4="",R4=""),"",IFERROR(S4/R4-1,"")) | T5: =IF(OR(T4="",S4=""),"",IFERROR(T4/S4-1,"")) | U5: =IF(OR(U4="",T4=""),"",IFERROR(U4/T4-1,"")) | V5: =IF(OR(V4="",U4=""),"",IFERROR(V4/U4-1,"")) | W5: =IF(OR(W4="",V4=""),"",IFERROR(W4/V4-1,"")) | ... AC5: =IF(OR(AC4="",AB4=""),"",IFERROR(AC4/AB4-1,""))
A6: 제품별 매출 분류 | B6: 사업보고서 매출실적
A7: (제품별 매출 미공시 — 직접 입력)
A8: 비중 | C8: =IF(OR(C7="",C4=""),"",IFERROR(C7/C4,"")) | D8: =IF(OR(D7="",D4=""),"",IFERROR(D7/D4,"")) | E8: =IF(OR(E7="",E4=""),"",IFERROR(E7/E4,"")) | F8: =IF(OR(F7="",F4=""),"",IFERROR(F7/F4,"")) | G8: =IF(OR(G7="",G4=""),"",IFERROR(G7/G4,"")) | H8: =IF(OR(H7="",H4=""),"",IFERROR(H7/H4,"")) | I8: =IF(OR(I7="",I4=""),"",IFERROR(I7/I4,"")) | J8: =IF(OR(J7="",J4=""),"",IFERROR(J7/J4,"")) | ... AC8: =IF(OR(AC7="",AC4=""),"",IFERROR(AC7/AC4,""))
A9: YoY | G9: =IF(OR(G7="",C7=""),"",IFERROR(G7/C7-1,"")) | H9: =IF(OR(H7="",D7=""),"",IFERROR(H7/D7-1,"")) | I9: =IF(OR(I7="",E7=""),"",IFERROR(I7/E7-1,"")) | J9: =IF(OR(J7="",F7=""),"",IFERROR(J7/F7-1,"")) | K9: =IF(OR(K7="",G7=""),"",IFERROR(K7/G7-1,"")) | L9: =IF(OR(L7="",H7=""),"",IFERROR(L7/H7-1,"")) | M9: =IF(OR(M7="",I7=""),"",IFERROR(M7/I7-1,"")) | N9: =IF(OR(N7="",J7=""),"",IFERROR(N7/J7-1,"")) | P9: =IF(OR(P7="",O7=""),"",IFERROR(P7/O7-1,"")) | Q9: =IF(OR(Q7="",P7=""),"",IFERROR(Q7/P7-1,"")) | R9: =IF(OR(R7="",Q7=""),"",IFERROR(R7/Q7-1,"")) | S9: =IF(OR(S7="",R7=""),"",IFERROR(S7/R7-1,"")) | T9: =IF(OR(T7="",S7=""),"",IFERROR(T7/S7-1,"")) | U9: =IF(OR(U7="",T7=""),"",IFERROR(U7/T7-1,"")) | V9: =IF(OR(V7="",U7=""),"",IFERROR(V7/U7-1,"")) | W9: =IF(OR(W7="",V7=""),"",IFERROR(W7/V7-1,"")) | ... AC9: =IF(OR(AC7="",AB7=""),"",IFERROR(AC7/AB7-1,""))
A10: 매출원가
A11: 전체 매출원가 | C11: 3504 | D11: 3449 | E11: 3418 | F11: 3413 | G11: 3598 | H11: 3596 | I11: 3816 | J11: 3573 | K11: 3642 | L11: 3660 | M11: 3809 | N11: 4074 | O11: 10130 | P11: 11034 | Q11: 12123 | R11: 12563 | S11: 12450 | T11: 13374 | U11: 13860 | V11: 13819 | W11: 14423 | X11: 14684
A12: YoY | G12: =IF(OR(G11="",C11=""),"",IF(C11<=0,"",IFERROR(G11/C11-1,""))) | H12: =IF(OR(H11="",D11=""),"",IF(D11<=0,"",IFERROR(H11/D11-1,""))) | I12: =IF(OR(I11="",E11=""),"",IF(E11<=0,"",IFERROR(I11/E11-1,""))) | J12: =IF(OR(J11="",F11=""),"",IF(F11<=0,"",IFERROR(J11/F11-1,""))) | K12: =IF(OR(K11="",G11=""),"",IF(G11<=0,"",IFERROR(K11/G11-1,""))) | L12: =IF(OR(L11="",H11=""),"",IF(H11<=0,"",IFERROR(L11/H11-1,""))) | M12: =IF(OR(M11="",I11=""),"",IF(I11<=0,"",IFERROR(M11/I11-1,""))) | N12: =IF(OR(N11="",J11=""),"",IF(J11<=0,"",IFERROR(N11/J11-1,""))) | P12: =IF(OR(P11="",O11=""),"",IF(O11<=0,"",IFERROR(P11/O11-1,""))) | Q12: =IF(OR(Q11="",P11=""),"",IF(P11<=0,"",IFERROR(Q11/P11-1,""))) | R12: =IF(OR(R11="",Q11=""),"",IF(Q11<=0,"",IFERROR(R11/Q11-1,""))) | S12: =IF(OR(S11="",R11=""),"",IF(R11<=0,"",IFERROR(S11/R11-1,""))) | T12: =IF(OR(T11="",S11=""),"",IF(S11<=0,"",IFERROR(T11/S11-1,""))) | U12: =IF(OR(U11="",T11=""),"",IF(T11<=0,"",IFERROR(U11/T11-1,""))) | V12: =IF(OR(V11="",U11=""),"",IF(U11<=0,"",IFERROR(V11/U11-1,""))) | W12: =IF(OR(W11="",V11=""),"",IF(V11<=0,"",IFERROR(W11/V11-1,""))) | ... AC12: =IF(OR(AC11="",AB11=""),"",IF(AB11<=0,"",IFERROR(AC11/AB11-1,"")))
A13: 매출총이익 | C13: =IF(OR(C4="",C11=""),"",IFERROR(C4-C11,"")) | D13: =IF(OR(D4="",D11=""),"",IFERROR(D4-D11,"")) | E13: =IF(OR(E4="",E11=""),"",IFERROR(E4-E11,"")) | F13: =IF(OR(F4="",F11=""),"",IFERROR(F4-F11,"")) | G13: =IF(OR(G4="",G11=""),"",IFERROR(G4-G11,"")) | H13: =IF(OR(H4="",H11=""),"",IFERROR(H4-H11,"")) | I13: =IF(OR(I4="",I11=""),"",IFERROR(I4-I11,"")) | J13: =IF(OR(J4="",J11=""),"",IFERROR(J4-J11,"")) | ... X13: =IF(OR(X4="",X11=""),"",IFERROR(X4-X11,""))
A14: GPM | C14: =IF(OR(C13="",C4=""),"",IFERROR(C13/C4,"")) | D14: =IF(OR(D13="",D4=""),"",IFERROR(D13/D4,"")) | E14: =IF(OR(E13="",E4=""),"",IFERROR(E13/E4,"")) | F14: =IF(OR(F13="",F4=""),"",IFERROR(F13/F4,"")) | G14: =IF(OR(G13="",G4=""),"",IFERROR(G13/G4,"")) | H14: =IF(OR(H13="",H4=""),"",IFERROR(H13/H4,"")) | I14: =IF(OR(I13="",I4=""),"",IFERROR(I13/I4,"")) | J14: =IF(OR(J13="",J4=""),"",IFERROR(J13/J4,"")) | ... AC14: =IF(OR(AC13="",AC4=""),"",IFERROR(AC13/AC4,""))
A15: YoY | G15: =IF(OR(G13="",C13=""),"",IF(C13<=0,"",IFERROR(G13/C13-1,""))) | H15: =IF(OR(H13="",D13=""),"",IF(D13<=0,"",IFERROR(H13/D13-1,""))) | I15: =IF(OR(I13="",E13=""),"",IF(E13<=0,"",IFERROR(I13/E13-1,""))) | J15: =IF(OR(J13="",F13=""),"",IF(F13<=0,"",IFERROR(J13/F13-1,""))) | K15: =IF(OR(K13="",G13=""),"",IF(G13<=0,"",IFERROR(K13/G13-1,""))) | L15: =IF(OR(L13="",H13=""),"",IF(H13<=0,"",IFERROR(L13/H13-1,""))) | M15: =IF(OR(M13="",I13=""),"",IF(I13<=0,"",IFERROR(M13/I13-1,""))) | N15: =IF(OR(N13="",J13=""),"",IF(J13<=0,"",IFERROR(N13/J13-1,""))) | P15: =IF(OR(P13="",O13=""),"",IF(O13<=0,"",IFERROR(P13/O13-1,""))) | Q15: =IF(OR(Q13="",P13=""),"",IF(P13<=0,"",IFERROR(Q13/P13-1,""))) | R15: =IF(OR(R13="",Q13=""),"",IF(Q13<=0,"",IFERROR(R13/Q13-1,""))) | S15: =IF(OR(S13="",R13=""),"",IF(R13<=0,"",IFERROR(S13/R13-1,""))) | T15: =IF(OR(T13="",S13=""),"",IF(S13<=0,"",IFERROR(T13/S13-1,""))) | U15: =IF(OR(U13="",T13=""),"",IF(T13<=0,"",IFERROR(U13/T13-1,""))) | V15: =IF(OR(V13="",U13=""),"",IF(U13<=0,"",IFERROR(V13/U13-1,""))) | W15: =IF(OR(W13="",V13=""),"",IF(V13<=0,"",IFERROR(W13/V13-1,""))) | ... AC15: =IF(OR(AC13="",AB13=""),"",IF(AB13<=0,"",IFERROR(AC13/AB13-1,"")))
A16: 판매관리비
A17: 전체 판관비 | C17: 410 | D17: 394 | E17: 412 | F17: 614 | G17: 388 | H17: 406 | I17: 429 | J17: 646 | K17: 406 | L17: 417 | M17: 501 | N17: 817 | O17: 1394 | P17: 1478 | Q17: 1725 | R17: 1768 | S17: 1615 | T17: 1590 | U17: 1638 | V17: 1818 | W17: 1837 | X17: 1970
A18: YoY | G18: =IF(OR(G17="",C17=""),"",IF(C17<=0,"",IFERROR(G17/C17-1,""))) | H18: =IF(OR(H17="",D17=""),"",IF(D17<=0,"",IFERROR(H17/D17-1,""))) | I18: =IF(OR(I17="",E17=""),"",IF(E17<=0,"",IFERROR(I17/E17-1,""))) | J18: =IF(OR(J17="",F17=""),"",IF(F17<=0,"",IFERROR(J17/F17-1,""))) | K18: =IF(OR(K17="",G17=""),"",IF(G17<=0,"",IFERROR(K17/G17-1,""))) | L18: =IF(OR(L17="",H17=""),"",IF(H17<=0,"",IFERROR(L17/H17-1,""))) | M18: =IF(OR(M17="",I17=""),"",IF(I17<=0,"",IFERROR(M17/I17-1,""))) | N18: =IF(OR(N17="",J17=""),"",IF(J17<=0,"",IFERROR(N17/J17-1,""))) | P18: =IF(OR(P17="",O17=""),"",IF(O17<=0,"",IFERROR(P17/O17-1,""))) | Q18: =IF(OR(Q17="",P17=""),"",IF(P17<=0,"",IFERROR(Q17/P17-1,""))) | R18: =IF(OR(R17="",Q17=""),"",IF(Q17<=0,"",IFERROR(R17/Q17-1,""))) | S18: =IF(OR(S17="",R17=""),"",IF(R17<=0,"",IFERROR(S17/R17-1,""))) | T18: =IF(OR(T17="",S17=""),"",IF(S17<=0,"",IFERROR(T17/S17-1,""))) | U18: =IF(OR(U17="",T17=""),"",IF(T17<=0,"",IFERROR(U17/T17-1,""))) | V18: =IF(OR(V17="",U17=""),"",IF(U17<=0,"",IFERROR(V17/U17-1,""))) | W18: =IF(OR(W17="",V17=""),"",IF(V17<=0,"",IFERROR(W17/V17-1,""))) | ... AC18: =IF(OR(AC17="",AB17=""),"",IF(AB17<=0,"",IFERROR(AC17/AB17-1,"")))
A19: 영업이익 | B19: MW = 매출 × OPM | C19: 418 | D19: 494 | E19: 522 | F19: 301 | G19: 503 | H19: 507 | I19: 496 | J19: 235 | K19: 447 | L19: 445 | M19: 435 | N19: 232 | O19: 961 | P19: 981 | Q19: 986 | R19: 1012 | S19: 1367 | T19: 1716 | U19: 1833 | V19: 1719 | W19: 1807 | X19: 1562 | Y19: =IF(OR(Y4="",Y20=""),"",IFERROR(Y4*Y20,"")) | Z19: =IF(OR(Z4="",Z20=""),"",IFERROR(Z4*Z20,"")) | AA19: =IF(OR(AA4="",AA20=""),"",IFERROR(AA4*AA20,"")) | AB19: =IF(OR(AB4="",AB20=""),"",IFERROR(AB4*AB20,"")) | AC19: =IF(OR(AC4="",AC20=""),"",IFERROR(AC4*AC20,""))
A20: OPM | B20: MW 입력 | C20: =IF(OR(C19="",C4=""),"",IFERROR(C19/C4,"")) | D20: =IF(OR(D19="",D4=""),"",IFERROR(D19/D4,"")) | E20: =IF(OR(E19="",E4=""),"",IFERROR(E19/E4,"")) | F20: =IF(OR(F19="",F4=""),"",IFERROR(F19/F4,"")) | G20: =IF(OR(G19="",G4=""),"",IFERROR(G19/G4,"")) | H20: =IF(OR(H19="",H4=""),"",IFERROR(H19/H4,"")) | I20: =IF(OR(I19="",I4=""),"",IFERROR(I19/I4,"")) | J20: =IF(OR(J19="",J4=""),"",IFERROR(J19/J4,"")) | ... X20: =IF(OR(X19="",X4=""),"",IFERROR(X19/X4,""))
A21: 증가율 | G21: =IF(OR(G19="",C19=""),"",IFERROR(G19/C19-1,"")) | H21: =IF(OR(H19="",D19=""),"",IFERROR(H19/D19-1,"")) | I21: =IF(OR(I19="",E19=""),"",IFERROR(I19/E19-1,"")) | J21: =IF(OR(J19="",F19=""),"",IFERROR(J19/F19-1,"")) | K21: =IF(OR(K19="",G19=""),"",IFERROR(K19/G19-1,"")) | L21: =IF(OR(L19="",H19=""),"",IFERROR(L19/H19-1,"")) | M21: =IF(OR(M19="",I19=""),"",IFERROR(M19/I19-1,"")) | N21: =IF(OR(N19="",J19=""),"",IFERROR(N19/J19-1,"")) | P21: =IF(OR(P19="",O19=""),"",IFERROR(P19/O19-1,"")) | Q21: =IF(OR(Q19="",P19=""),"",IFERROR(Q19/P19-1,"")) | R21: =IF(OR(R19="",Q19=""),"",IFERROR(R19/Q19-1,"")) | S21: =IF(OR(S19="",R19=""),"",IFERROR(S19/R19-1,"")) | T21: =IF(OR(T19="",S19=""),"",IFERROR(T19/S19-1,"")) | U21: =IF(OR(U19="",T19=""),"",IFERROR(U19/T19-1,"")) | V21: =IF(OR(V19="",U19=""),"",IFERROR(V19/U19-1,"")) | W21: =IF(OR(W19="",V19=""),"",IFERROR(W19/V19-1,"")) | ... AC21: =IF(OR(AC19="",AB19=""),"",IFERROR(AC19/AB19-1,""))
A22: 비용의 성격별 분류 | B22: 참고 데이터
A23: 총 판관비 | O23: =IF(O17="","",O17) | P23: =IF(P17="","",P17) | Q23: =IF(Q17="","",Q17) | R23: =IF(R17="","",R17) | S23: =IF(S17="","",S17) | T23: =IF(T17="","",T17) | U23: =IF(U17="","",U17) | V23: =IF(V17="","",V17) | ... X23: =IF(X17="","",X17)
A24: 급여 | B24: 고정비
A25: % of Sales | O25: =IF(OR(O24="",O4=""),"",IFERROR(O24/O4,"")) | P25: =IF(OR(P24="",P4=""),"",IFERROR(P24/P4,"")) | Q25: =IF(OR(Q24="",Q4=""),"",IFERROR(Q24/Q4,"")) | R25: =IF(OR(R24="",R4=""),"",IFERROR(R24/R4,"")) | S25: =IF(OR(S24="",S4=""),"",IFERROR(S24/S4,"")) | T25: =IF(OR(T24="",T4=""),"",IFERROR(T24/T4,"")) | U25: =IF(OR(U24="",U4=""),"",IFERROR(U24/U4,"")) | V25: =IF(OR(V24="",V4=""),"",IFERROR(V24/V4,"")) | ... X25: =IF(OR(X24="",X4=""),"",IFERROR(X24/X4,""))
A26: 감가상각비 | B26: 고정비
A27: % of Sales | O27: =IF(OR(O26="",O4=""),"",IFERROR(O26/O4,"")) | P27: =IF(OR(P26="",P4=""),"",IFERROR(P26/P4,"")) | Q27: =IF(OR(Q26="",Q4=""),"",IFERROR(Q26/Q4,"")) | R27: =IF(OR(R26="",R4=""),"",IFERROR(R26/R4,"")) | S27: =IF(OR(S26="",S4=""),"",IFERROR(S26/S4,"")) | T27: =IF(OR(T26="",T4=""),"",IFERROR(T26/T4,"")) | U27: =IF(OR(U26="",U4=""),"",IFERROR(U26/U4,"")) | V27: =IF(OR(V26="",V4=""),"",IFERROR(V26/V4,"")) | ... X27: =IF(OR(X26="",X4=""),"",IFERROR(X26/X4,""))
A28: 지급수수료 | B28: 고정비
A29: % of Sales | O29: =IF(OR(O28="",O4=""),"",IFERROR(O28/O4,"")) | P29: =IF(OR(P28="",P4=""),"",IFERROR(P28/P4,"")) | Q29: =IF(OR(Q28="",Q4=""),"",IFERROR(Q28/Q4,"")) | R29: =IF(OR(R28="",R4=""),"",IFERROR(R28/R4,"")) | S29: =IF(OR(S28="",S4=""),"",IFERROR(S28/S4,"")) | T29: =IF(OR(T28="",T4=""),"",IFERROR(T28/T4,"")) | U29: =IF(OR(U28="",U4=""),"",IFERROR(U28/U4,"")) | V29: =IF(OR(V28="",V4=""),"",IFERROR(V28/V4,"")) | ... X29: =IF(OR(X28="",X4=""),"",IFERROR(X28/X4,""))
A30: 연구개발비 | B30: 변동비
A31: % of Sales | O31: =IF(OR(O30="",O4=""),"",IFERROR(O30/O4,"")) | P31: =IF(OR(P30="",P4=""),"",IFERROR(P30/P4,"")) | Q31: =IF(OR(Q30="",Q4=""),"",IFERROR(Q30/Q4,"")) | R31: =IF(OR(R30="",R4=""),"",IFERROR(R30/R4,"")) | S31: =IF(OR(S30="",S4=""),"",IFERROR(S30/S4,"")) | T31: =IF(OR(T30="",T4=""),"",IFERROR(T30/T4,"")) | U31: =IF(OR(U30="",U4=""),"",IFERROR(U30/U4,"")) | V31: =IF(OR(V30="",V4=""),"",IFERROR(V30/V4,"")) | ... X31: =IF(OR(X30="",X4=""),"",IFERROR(X30/X4,""))
A32: 기타비용 | B32: 변동비 | O32: =IF(OR(O23="",O24="",O26="",O28="",O30=""),"",IFERROR(O23-O24-O26-O28-O30,"")) | P32: =IF(OR(P23="",P24="",P26="",P28="",P30=""),"",IFERROR(P23-P24-P26-P28-P30,"")) | Q32: =IF(OR(Q23="",Q24="",Q26="",Q28="",Q30=""),"",IFERROR(Q23-Q24-Q26-Q28-Q30,"")) | R32: =IF(OR(R23="",R24="",R26="",R28="",R30=""),"",IFERROR(R23-R24-R26-R28-R30,"")) | S32: =IF(OR(S23="",S24="",S26="",S28="",S30=""),"",IFERROR(S23-S24-S26-S28-S30,"")) | T32: =IF(OR(T23="",T24="",T26="",T28="",T30=""),"",IFERROR(T23-T24-T26-T28-T30,"")) | U32: =IF(OR(U23="",U24="",U26="",U28="",U30=""),"",IFERROR(U23-U24-U26-U28-U30,"")) | V32: =IF(OR(V23="",V24="",V26="",V28="",V30=""),"",IFERROR(V23-V24-V26-V28-V30,"")) | ... X32: =IF(OR(X23="",X24="",X26="",X28="",X30=""),"",IFERROR(X23-X24-X26-X28-X30,""))
A33: % of Sales | O33: =IF(OR(O32="",O4=""),"",IFERROR(O32/O4,"")) | P33: =IF(OR(P32="",P4=""),"",IFERROR(P32/P4,"")) | Q33: =IF(OR(Q32="",Q4=""),"",IFERROR(Q32/Q4,"")) | R33: =IF(OR(R32="",R4=""),"",IFERROR(R32/R4,"")) | S33: =IF(OR(S32="",S4=""),"",IFERROR(S32/S4,"")) | T33: =IF(OR(T32="",T4=""),"",IFERROR(T32/T4,"")) | U33: =IF(OR(U32="",U4=""),"",IFERROR(U32/U4,"")) | V33: =IF(OR(V32="",V4=""),"",IFERROR(V32/V4,"")) | ... X33: =IF(OR(X32="",X4=""),"",IFERROR(X32/X4,""))
A34: 당기순이익 추정
A35: 특별이익 | O35: 15 | P35: 0 | Y35: =IF(OR(Y4="",Y36=""),"",IFERROR(Y4*Y36,"")) | Z35: =IF(OR(Z4="",Z36=""),"",IFERROR(Z4*Z36,"")) | AA35: =IF(OR(AA4="",AA36=""),"",IFERROR(AA4*AA36,"")) | AB35: =IF(OR(AB4="",AB36=""),"",IFERROR(AB4*AB36,"")) | AC35: =IF(OR(AC4="",AC36=""),"",IFERROR(AC4*AC36,""))
A36: % of Sales | B36: MW = 최근 3년 평균 | C36: =IF(OR(C35="",C4=""),"",IFERROR(C35/C4,"")) | D36: =IF(OR(D35="",D4=""),"",IFERROR(D35/D4,"")) | E36: =IF(OR(E35="",E4=""),"",IFERROR(E35/E4,"")) | F36: =IF(OR(F35="",F4=""),"",IFERROR(F35/F4,"")) | G36: =IF(OR(G35="",G4=""),"",IFERROR(G35/G4,"")) | H36: =IF(OR(H35="",H4=""),"",IFERROR(H35/H4,"")) | I36: =IF(OR(I35="",I4=""),"",IFERROR(I35/I4,"")) | J36: =IF(OR(J35="",J4=""),"",IFERROR(J35/J4,"")) | ... X36: =IF(OR(X35="",X4=""),"",IFERROR(X35/X4,"")) | Y36: =IFERROR(AVERAGE(V36,W36,X36),"") | Z36: =Y36 | AA36: =Z36 | AB36: =AA36 | AC36: =AB36
A37: 특별손실 | Y37: =IF(OR(Y4="",Y38=""),"",IFERROR(Y4*Y38,"")) | Z37: =IF(OR(Z4="",Z38=""),"",IFERROR(Z4*Z38,"")) | AA37: =IF(OR(AA4="",AA38=""),"",IFERROR(AA4*AA38,"")) | AB37: =IF(OR(AB4="",AB38=""),"",IFERROR(AB4*AB38,"")) | AC37: =IF(OR(AC4="",AC38=""),"",IFERROR(AC4*AC38,""))
A38: % of Sales | C38: =IF(OR(C37="",C4=""),"",IFERROR(C37/C4,"")) | D38: =IF(OR(D37="",D4=""),"",IFERROR(D37/D4,"")) | E38: =IF(OR(E37="",E4=""),"",IFERROR(E37/E4,"")) | F38: =IF(OR(F37="",F4=""),"",IFERROR(F37/F4,"")) | G38: =IF(OR(G37="",G4=""),"",IFERROR(G37/G4,"")) | H38: =IF(OR(H37="",H4=""),"",IFERROR(H37/H4,"")) | I38: =IF(OR(I37="",I4=""),"",IFERROR(I37/I4,"")) | J38: =IF(OR(J37="",J4=""),"",IFERROR(J37/J4,"")) | ... X38: =IF(OR(X37="",X4=""),"",IFERROR(X37/X4,"")) | Y38: =IFERROR(AVERAGE(V38,W38,X38),"") | Z38: =Y38 | AA38: =Z38 | AB38: =AA38 | AC38: =AB38
A39: 영업외수익 | C39: 2 | D39: 3 | E39: 7 | F39: 2 | G39: 5 | H39: 6 | I39: 2 | J39: 2 | K39: 15 | L39: 5 | M39: 3 | N39: 2 | O39: 9 | P39: 8 | Q39: 7 | R39: 7 | S39: 9 | T39: 7 | U39: 12 | V39: 14 | W39: 15 | X39: 25 | Y39: =IF(OR(Y4="",Y40=""),"",IFERROR(Y4*Y40,"")) | Z39: =IF(OR(Z4="",Z40=""),"",IFERROR(Z4*Z40,"")) | AA39: =IF(OR(AA4="",AA40=""),"",IFERROR(AA4*AA40,"")) | AB39: =IF(OR(AB4="",AB40=""),"",IFERROR(AB4*AB40,"")) | AC39: =IF(OR(AC4="",AC40=""),"",IFERROR(AC4*AC40,""))
A40: % of Sales | C40: =IF(OR(C39="",C4=""),"",IFERROR(C39/C4,"")) | D40: =IF(OR(D39="",D4=""),"",IFERROR(D39/D4,"")) | E40: =IF(OR(E39="",E4=""),"",IFERROR(E39/E4,"")) | F40: =IF(OR(F39="",F4=""),"",IFERROR(F39/F4,"")) | G40: =IF(OR(G39="",G4=""),"",IFERROR(G39/G4,"")) | H40: =IF(OR(H39="",H4=""),"",IFERROR(H39/H4,"")) | I40: =IF(OR(I39="",I4=""),"",IFERROR(I39/I4,"")) | J40: =IF(OR(J39="",J4=""),"",IFERROR(J39/J4,"")) | ... X40: =IF(OR(X39="",X4=""),"",IFERROR(X39/X4,"")) | Y40: =IFERROR(AVERAGE(V40,W40,X40),"") | Z40: =Y40 | AA40: =Z40 | AB40: =AA40 | AC40: =AB40
A41: 영업외비용 | C41: 2 | D41: 0 | E41: 0 | F41: 0 | G41: 0 | H41: 0 | I41: 0 | J41: 0 | K41: 1 | L41: 0 | M41: 4 | N41: 0 | O41: 0 | P41: 7 | Q41: 0 | R41: 1 | S41: 7 | T41: 4 | U41: 1 | V41: 2 | W41: 0 | X41: 5 | Y41: =IF(OR(Y4="",Y42=""),"",IFERROR(Y4*Y42,"")) | Z41: =IF(OR(Z4="",Z42=""),"",IFERROR(Z4*Z42,"")) | AA41: =IF(OR(AA4="",AA42=""),"",IFERROR(AA4*AA42,"")) | AB41: =IF(OR(AB4="",AB42=""),"",IFERROR(AB4*AB42,"")) | AC41: =IF(OR(AC4="",AC42=""),"",IFERROR(AC4*AC42,""))
A42: % of Sales | C42: =IF(OR(C41="",C4=""),"",IFERROR(C41/C4,"")) | D42: =IF(OR(D41="",D4=""),"",IFERROR(D41/D4,"")) | E42: =IF(OR(E41="",E4=""),"",IFERROR(E41/E4,"")) | F42: =IF(OR(F41="",F4=""),"",IFERROR(F41/F4,"")) | G42: =IF(OR(G41="",G4=""),"",IFERROR(G41/G4,"")) | H42: =IF(OR(H41="",H4=""),"",IFERROR(H41/H4,"")) | I42: =IF(OR(I41="",I4=""),"",IFERROR(I41/I4,"")) | J42: =IF(OR(J41="",J4=""),"",IFERROR(J41/J4,"")) | ... X42: =IF(OR(X41="",X4=""),"",IFERROR(X41/X4,"")) | Y42: =IFERROR(AVERAGE(V42,W42,X42),"") | Z42: =Y42 | AA42: =Z42 | AB42: =AA42 | AC42: =AB42
A43: 법인세비용차감전순이익(손실) | C43: 418 | D43: 497 | E43: 528 | F43: 303 | G43: 508 | H43: 513 | I43: 497 | J43: 237 | K43: 460 | L43: 451 | M43: 435 | N43: 234 | O43: 985 | P43: 982 | Q43: 993 | R43: 1017 | S43: 1369 | T43: 1719 | U43: 1844 | V43: 1730 | W43: 1821 | X43: 1583 | Y43: =IF(OR(Y19=""),"",IFERROR(Y19+N(Y35)-N(Y37)+N(Y39)-N(Y41),"")) | Z43: =IF(OR(Z19=""),"",IFERROR(Z19+N(Z35)-N(Z37)+N(Z39)-N(Z41),"")) | AA43: =IF(OR(AA19=""),"",IFERROR(AA19+N(AA35)-N(AA37)+N(AA39)-N(AA41),"")) | AB43: =IF(OR(AB19=""),"",IFERROR(AB19+N(AB35)-N(AB37)+N(AB39)-N(AB41),"")) | AC43: =IF(OR(AC19=""),"",IFERROR(AC19+N(AC35)-N(AC37)+N(AC39)-N(AC41),""))
A44: YoY | G44: =IF(OR(G43="",C43=""),"",IF(C43<=0,"",IFERROR(G43/C43-1,""))) | H44: =IF(OR(H43="",D43=""),"",IF(D43<=0,"",IFERROR(H43/D43-1,""))) | I44: =IF(OR(I43="",E43=""),"",IF(E43<=0,"",IFERROR(I43/E43-1,""))) | J44: =IF(OR(J43="",F43=""),"",IF(F43<=0,"",IFERROR(J43/F43-1,""))) | K44: =IF(OR(K43="",G43=""),"",IF(G43<=0,"",IFERROR(K43/G43-1,""))) | L44: =IF(OR(L43="",H43=""),"",IF(H43<=0,"",IFERROR(L43/H43-1,""))) | M44: =IF(OR(M43="",I43=""),"",IF(I43<=0,"",IFERROR(M43/I43-1,""))) | N44: =IF(OR(N43="",J43=""),"",IF(J43<=0,"",IFERROR(N43/J43-1,""))) | P44: =IF(OR(P43="",O43=""),"",IF(O43<=0,"",IFERROR(P43/O43-1,""))) | Q44: =IF(OR(Q43="",P43=""),"",IF(P43<=0,"",IFERROR(Q43/P43-1,""))) | R44: =IF(OR(R43="",Q43=""),"",IF(Q43<=0,"",IFERROR(R43/Q43-1,""))) | S44: =IF(OR(S43="",R43=""),"",IF(R43<=0,"",IFERROR(S43/R43-1,""))) | T44: =IF(OR(T43="",S43=""),"",IF(S43<=0,"",IFERROR(T43/S43-1,""))) | U44: =IF(OR(U43="",T43=""),"",IF(T43<=0,"",IFERROR(U43/T43-1,""))) | V44: =IF(OR(V43="",U43=""),"",IF(U43<=0,"",IFERROR(V43/U43-1,""))) | W44: =IF(OR(W43="",V43=""),"",IF(V43<=0,"",IFERROR(W43/V43-1,""))) | ... AC44: =IF(OR(AC43="",AB43=""),"",IF(AB43<=0,"",IFERROR(AC43/AB43-1,"")))
A45: 법인세비용(수익) | C45: 133 | D45: 157 | E45: 166 | F45: 96 | G45: 161 | H45: 162 | I45: 110 | J45: 77 | K45: 148 | L45: 145 | M45: 72 | N45: 85 | O45: 299 | P45: 320 | Q45: 275 | R45: 323 | S45: 433 | T45: 506 | U45: 550 | V45: 547 | W45: 529 | X45: 442 | Y45: =IF(OR(Y43="",Y46=""),"",IFERROR(MAX(Y43,0)*Y46,"")) | Z45: =IF(OR(Z43="",Z46=""),"",IFERROR(MAX(Z43,0)*Z46,"")) | AA45: =IF(OR(AA43="",AA46=""),"",IFERROR(MAX(AA43,0)*AA46,"")) | AB45: =IF(OR(AB43="",AB46=""),"",IFERROR(MAX(AB43,0)*AB46,"")) | AC45: =IF(OR(AC43="",AC46=""),"",IFERROR(MAX(AC43,0)*AC46,""))
A46: 법인세율 | B46: MW 기본 30% | C46: =IF(OR(C45="",C43=""),"",IFERROR(C45/C43,"")) | D46: =IF(OR(D45="",D43=""),"",IFERROR(D45/D43,"")) | E46: =IF(OR(E45="",E43=""),"",IFERROR(E45/E43,"")) | F46: =IF(OR(F45="",F43=""),"",IFERROR(F45/F43,"")) | G46: =IF(OR(G45="",G43=""),"",IFERROR(G45/G43,"")) | H46: =IF(OR(H45="",H43=""),"",IFERROR(H45/H43,"")) | I46: =IF(OR(I45="",I43=""),"",IFERROR(I45/I43,"")) | J46: =IF(OR(J45="",J43=""),"",IFERROR(J45/J43,"")) | ... X46: =IF(OR(X45="",X43=""),"",IFERROR(X45/X43,"")) | Y46: 0.3 | Z46: 0.3 | AA46: 0.3 | AB46: 0.3 | AC46: 0.3
A47: 당기순이익(손실) | C47: 286 | D47: 339 | E47: 363 | F47: 207 | G47: 347 | H47: 350 | I47: 389 | J47: 161 | K47: 311 | L47: 306 | M47: 363 | N47: 149 | O47: 686 | P47: 661 | Q47: 717 | R47: 695 | S47: 937 | T47: 1213 | U47: 1294 | V47: 1184 | W47: 1293 | X47: 1141 | Y47: =IF(OR(Y43=""),"",IFERROR(Y43-Y45,"")) | Z47: =IF(OR(Z43=""),"",IFERROR(Z43-Z45,"")) | AA47: =IF(OR(AA43=""),"",IFERROR(AA43-AA45,"")) | AB47: =IF(OR(AB43=""),"",IFERROR(AB43-AB45,"")) | AC47: =IF(OR(AC43=""),"",IFERROR(AC43-AC45,""))
A48: YoY | G48: =IF(OR(G47="",C47=""),"",IF(C47<=0,"",IFERROR(G47/C47-1,""))) | H48: =IF(OR(H47="",D47=""),"",IF(D47<=0,"",IFERROR(H47/D47-1,""))) | I48: =IF(OR(I47="",E47=""),"",IF(E47<=0,"",IFERROR(I47/E47-1,""))) | J48: =IF(OR(J47="",F47=""),"",IF(F47<=0,"",IFERROR(J47/F47-1,""))) | K48: =IF(OR(K47="",G47=""),"",IF(G47<=0,"",IFERROR(K47/G47-1,""))) | L48: =IF(OR(L47="",H47=""),"",IF(H47<=0,"",IFERROR(L47/H47-1,""))) | M48: =IF(OR(M47="",I47=""),"",IF(I47<=0,"",IFERROR(M47/I47-1,""))) | N48: =IF(OR(N47="",J47=""),"",IF(J47<=0,"",IFERROR(N47/J47-1,""))) | P48: =IF(OR(P47="",O47=""),"",IF(O47<=0,"",IFERROR(P47/O47-1,""))) | Q48: =IF(OR(Q47="",P47=""),"",IF(P47<=0,"",IFERROR(Q47/P47-1,""))) | R48: =IF(OR(R47="",Q47=""),"",IF(Q47<=0,"",IFERROR(R47/Q47-1,""))) | S48: =IF(OR(S47="",R47=""),"",IF(R47<=0,"",IFERROR(S47/R47-1,""))) | T48: =IF(OR(T47="",S47=""),"",IF(S47<=0,"",IFERROR(T47/S47-1,""))) | U48: =IF(OR(U47="",T47=""),"",IF(T47<=0,"",IFERROR(U47/T47-1,""))) | V48: =IF(OR(V47="",U47=""),"",IF(U47<=0,"",IFERROR(V47/U47-1,""))) | W48: =IF(OR(W47="",V47=""),"",IF(V47<=0,"",IFERROR(W47/V47-1,""))) | ... AC48: =IF(OR(AC47="",AB47=""),"",IF(AB47<=0,"",IFERROR(AC47/AB47-1,"")))
A49: 지배주주 순이익 | C49: 286 | D49: 339 | E49: 363 | F49: 207 | G49: 347 | H49: 350 | I49: 389 | J49: 161 | K49: 311 | L49: 306 | M49: 363 | N49: 149 | O49: 686 | P49: 661 | Q49: 717 | R49: 695 | S49: 937 | T49: 1213 | U49: 1294 | V49: 1184 | W49: 1293 | X49: 1141 | Y49: =IF(OR(Y47="",Y50=""),"",IFERROR(Y47*Y50,"")) | Z49: =IF(OR(Z47="",Z50=""),"",IFERROR(Z47*Z50,"")) | AA49: =IF(OR(AA47="",AA50=""),"",IFERROR(AA47*AA50,"")) | AB49: =IF(OR(AB47="",AB50=""),"",IFERROR(AB47*AB50,"")) | AC49: =IF(OR(AC47="",AC50=""),"",IFERROR(AC47*AC50,""))
A50: 지배주주 순이익률 | B50: MW 기본 100% | C50: =IF(OR(C49="",C47=""),"",IFERROR(C49/C47,"")) | D50: =IF(OR(D49="",D47=""),"",IFERROR(D49/D47,"")) | E50: =IF(OR(E49="",E47=""),"",IFERROR(E49/E47,"")) | F50: =IF(OR(F49="",F47=""),"",IFERROR(F49/F47,"")) | G50: =IF(OR(G49="",G47=""),"",IFERROR(G49/G47,"")) | H50: =IF(OR(H49="",H47=""),"",IFERROR(H49/H47,"")) | I50: =IF(OR(I49="",I47=""),"",IFERROR(I49/I47,"")) | J50: =IF(OR(J49="",J47=""),"",IFERROR(J49/J47,"")) | ... X50: =IF(OR(X49="",X47=""),"",IFERROR(X49/X47,"")) | Y50: 1 | Z50: 1 | AA50: 1 | AB50: 1 | AC50: 1
A51: 지배주주 순이익 YoY | G51: =IF(OR(G49="",C49=""),"",IF(C49<=0,"",IFERROR(G49/C49-1,""))) | H51: =IF(OR(H49="",D49=""),"",IF(D49<=0,"",IFERROR(H49/D49-1,""))) | I51: =IF(OR(I49="",E49=""),"",IF(E49<=0,"",IFERROR(I49/E49-1,""))) | J51: =IF(OR(J49="",F49=""),"",IF(F49<=0,"",IFERROR(J49/F49-1,""))) | K51: =IF(OR(K49="",G49=""),"",IF(G49<=0,"",IFERROR(K49/G49-1,""))) | L51: =IF(OR(L49="",H49=""),"",IF(H49<=0,"",IFERROR(L49/H49-1,""))) | M51: =IF(OR(M49="",I49=""),"",IF(I49<=0,"",IFERROR(M49/I49-1,""))) | N51: =IF(OR(N49="",J49=""),"",IF(J49<=0,"",IFERROR(N49/J49-1,""))) | P51: =IF(OR(P49="",O49=""),"",IF(O49<=0,"",IFERROR(P49/O49-1,""))) | Q51: =IF(OR(Q49="",P49=""),"",IF(P49<=0,"",IFERROR(Q49/P49-1,""))) | R51: =IF(OR(R49="",Q49=""),"",IF(Q49<=0,"",IFERROR(R49/Q49-1,""))) | S51: =IF(OR(S49="",R49=""),"",IF(R49<=0,"",IFERROR(S49/R49-1,""))) | T51: =IF(OR(T49="",S49=""),"",IF(S49<=0,"",IFERROR(T49/S49-1,""))) | U51: =IF(OR(U49="",T49=""),"",IF(T49<=0,"",IFERROR(U49/T49-1,""))) | V51: =IF(OR(V49="",U49=""),"",IF(U49<=0,"",IFERROR(V49/U49-1,""))) | W51: =IF(OR(W49="",V49=""),"",IF(V49<=0,"",IFERROR(W49/V49-1,""))) | ... AC51: =IF(OR(AC49="",AB49=""),"",IF(AB49<=0,"",IFERROR(AC49/AB49-1,"")))
A52: 목표주가 산출
A53: 현재 주가 ()
A54: 발행주식수 (보통주)
A55: 시가총액 (백만엔) | B55: =IF(OR(B53="",B54=""),"",B53*B54/1000000.0)
A56: OPM | O56: =IF(O20="","",O20) | P56: =IF(P20="","",P20) | Q56: =IF(Q20="","",Q20) | R56: =IF(R20="","",R20) | S56: =IF(S20="","",S20) | T56: =IF(T20="","",T20) | U56: =IF(U20="","",U20) | V56: =IF(V20="","",V20) | ... AC56: =IF(AC20="","",AC20)
A57: 지배주주 순이익 증가율 | P57: =IF(OR(P49="",O49=""),"",IFERROR(P49/O49-1,"")) | Q57: =IF(OR(Q49="",P49=""),"",IFERROR(Q49/P49-1,"")) | R57: =IF(OR(R49="",Q49=""),"",IFERROR(R49/Q49-1,"")) | S57: =IF(OR(S49="",R49=""),"",IFERROR(S49/R49-1,"")) | T57: =IF(OR(T49="",S49=""),"",IFERROR(T49/S49-1,"")) | U57: =IF(OR(U49="",T49=""),"",IFERROR(U49/T49-1,"")) | V57: =IF(OR(V49="",U49=""),"",IFERROR(V49/U49-1,"")) | W57: =IF(OR(W49="",V49=""),"",IFERROR(W49/V49-1,"")) | ... AC57: =IF(OR(AC49="",AB49=""),"",IFERROR(AC49/AB49-1,""))
A58: P/E (현재 주가) | B58: 시총 ÷ 지배순이익 | X58: =IF(OR($B$55="",X49=""),"",IFERROR($B$55/X49,"")) | Y58: =IF(OR($B$55="",Y49=""),"",IFERROR($B$55/Y49,"")) | Z58: =IF(OR($B$55="",Z49=""),"",IFERROR($B$55/Z49,"")) | AA58: =IF(OR($B$55="",AA49=""),"",IFERROR($B$55/AA49,"")) | AB58: =IF(OR($B$55="",AB49=""),"",IFERROR($B$55/AB49,"")) | AC58: =IF(OR($B$55="",AC49=""),"",IFERROR($B$55/AC49,""))
A59: Target P/E | B59: 직접 입력
A60: EPS | B60: 지배순이익 ÷ 주식수 | O60: =IF(OR(O49="",$B$54=""),"",IFERROR(O49*1000000.0/$B$54,"")) | P60: =IF(OR(P49="",$B$54=""),"",IFERROR(P49*1000000.0/$B$54,"")) | Q60: =IF(OR(Q49="",$B$54=""),"",IFERROR(Q49*1000000.0/$B$54,"")) | R60: =IF(OR(R49="",$B$54=""),"",IFERROR(R49*1000000.0/$B$54,"")) | S60: =IF(OR(S49="",$B$54=""),"",IFERROR(S49*1000000.0/$B$54,"")) | T60: =IF(OR(T49="",$B$54=""),"",IFERROR(T49*1000000.0/$B$54,"")) | U60: =IF(OR(U49="",$B$54=""),"",IFERROR(U49*1000000.0/$B$54,"")) | V60: =IF(OR(V49="",$B$54=""),"",IFERROR(V49*1000000.0/$B$54,"")) | ... AC60: =IF(OR(AC49="",$B$54=""),"",IFERROR(AC49*1000000.0/$B$54,""))
A61: 목표주가 | Y61: =IF(OR(Y60="",Y59=""),"",IFERROR(Y60*Y59,"")) | Z61: =IF(OR(Z60="",Z59=""),"",IFERROR(Z60*Z59,"")) | AA61: =IF(OR(AA60="",AA59=""),"",IFERROR(AA60*AA59,"")) | AB61: =IF(OR(AB60="",AB59=""),"",IFERROR(AB60*AB59,"")) | AC61: =IF(OR(AC60="",AC59=""),"",IFERROR(AC60*AC59,""))
A62: 상승여력 | Y62: =IF(OR(Y61="",$B$53=""),"",IFERROR(Y61/$B$53-1,"")) | Z62: =IF(OR(Z61="",$B$53=""),"",IFERROR(Z61/$B$53-1,"")) | AA62: =IF(OR(AA61="",$B$53=""),"",IFERROR(AA61/$B$53-1,"")) | AB62: =IF(OR(AB61="",$B$53=""),"",IFERROR(AB61/$B$53-1,"")) | AC62: =IF(OR(AC61="",$B$53=""),"",IFERROR(AC61/$B$53-1,""))
A63: 자산가치 산출 | B63: 최신 분기 BS
A64: 현금및현금성자산 | X64: ='재무상태표'!G6 | Y64: ='재무상태표'!G6 | Z64: ='재무상태표'!G6 | AA64: ='재무상태표'!G6 | AB64: ='재무상태표'!G6 | AC64: ='재무상태표'!G6
A65: 단기금융상품 | X65: ='재무상태표'!G7 | Y65: ='재무상태표'!G7 | Z65: ='재무상태표'!G7 | AA65: ='재무상태표'!G7 | AB65: ='재무상태표'!G7 | AC65: ='재무상태표'!G7
A66: 투자부동산 | X66: ='재무상태표'!G14 | Y66: ='재무상태표'!G14 | Z66: ='재무상태표'!G14 | AA66: ='재무상태표'!G14 | AB66: ='재무상태표'!G14 | AC66: ='재무상태표'!G14
A67: 지배자본 | X67: ='재무상태표'!G31 | Y67: ='재무상태표'!G31 | Z67: ='재무상태표'!G31 | AA67: ='재무상태표'!G31 | AB67: ='재무상태표'!G31 | AC67: ='재무상태표'!G31
A68: 부채 | X68: ='재무상태표'!G27 | Y68: ='재무상태표'!G27 | Z68: ='재무상태표'!G27 | AA68: ='재무상태표'!G27 | AB68: ='재무상태표'!G27 | AC68: ='재무상태표'!G27
A69: 부채비율 | X69: =IF(OR(X68="",X67=""),"",IFERROR(X68/X67,"")) | Y69: =IF(OR(Y68="",Y67=""),"",IFERROR(Y68/Y67,"")) | Z69: =IF(OR(Z68="",Z67=""),"",IFERROR(Z68/Z67,"")) | AA69: =IF(OR(AA68="",AA67=""),"",IFERROR(AA68/AA67,"")) | AB69: =IF(OR(AB68="",AB67=""),"",IFERROR(AB68/AB67,"")) | AC69: =IF(OR(AC68="",AC67=""),"",IFERROR(AC68/AC67,""))
A70: 자산가치 | B70: 현금+단기금융+투자부동산 | X70: =SUM(X64,X65,X66) | Y70: =SUM(Y64,Y65,Y66) | Z70: =SUM(Z64,Z65,Z66) | AA70: =SUM(AA64,AA65,AA66) | AB70: =SUM(AB64,AB65,AB66) | AC70: =SUM(AC64,AC65,AC66)
A71: 기업가치 산출
A72: 목표 시가총액 (P/E) | B72: 지배순이익 × Target P/E | Y72: =IF(OR(Y49="",Y59=""),"",IFERROR(Y49*Y59,"")) | Z72: =IF(OR(Z49="",Z59=""),"",IFERROR(Z49*Z59,"")) | AA72: =IF(OR(AA49="",AA59=""),"",IFERROR(AA49*AA59,"")) | AB72: =IF(OR(AB49="",AB59=""),"",IFERROR(AB49*AB59,"")) | AC72: =IF(OR(AC49="",AC59=""),"",IFERROR(AC49*AC59,""))
A73: 기업가치 | B73: 목표시총 + 자산가치 | Y73: =IF(OR(Y72=""),"",IFERROR(Y72+Y70,"")) | Z73: =IF(OR(Z72=""),"",IFERROR(Z72+Z70,"")) | AA73: =IF(OR(AA72=""),"",IFERROR(AA72+AA70,"")) | AB73: =IF(OR(AB72=""),"",IFERROR(AB72+AB70,"")) | AC73: =IF(OR(AC72=""),"",IFERROR(AC72+AC70,""))
A74: 현재 시가총액 | Y74: =$B$55 | Z74: =$B$55 | AA74: =$B$55 | AB74: =$B$55 | AC74: =$B$55
A75: 상승여력 | Y75: =IF(OR(Y73="",Y74=""),"",IFERROR(Y73/Y74-1,"")) | Z75: =IF(OR(Z73="",Z74=""),"",IFERROR(Z73/Z74-1,"")) | AA75: =IF(OR(AA73="",AA74=""),"",IFERROR(AA73/AA74-1,"")) | AB75: =IF(OR(AB73="",AB74=""),"",IFERROR(AB73/AB74-1,"")) | AC75: =IF(OR(AC73="",AC74=""),"",IFERROR(AC73/AC74-1,""))
A77: 출처
A78: 결산단신 XBRL(TDnet·JPX 보관소) — 쓴 문서는 '출처' 시트
A79: 분기 = 누계에서 앞 분기를 뺀 3개월 값
A80: 주가: 야후 파이낸스 일봉
A82: 손익계산서 · 전 항목 | B82: 분기 = 3개월 단독
A83: 항목 | B83: 참고 | C83: 2024.2Q | D83: 2024.3Q | E83: 2024.4Q | F83: 2025.1Q | G83: 2025.2Q | H83: 2025.3Q | I83: 2025.4Q | J83: 2026.1Q | K83: 2026.2Q | L83: 2026.3Q | M83: 2026.4Q | N83: 2027.1Q | O83: 2017 | P83: 2018 | Q83: 2019 | R83: 2020 | S83: 2021 | T83: 2022 | U83: 2023 | V83: 2024 | W83: 2025 | X83: 2026 | Y83: 2027(MW) | Z83: 2028(MW) | AA83: 2029(MW) | AB83: 2030(MW) | AC83: 2031(MW)
A84: 매출액 | C84: 4333 | D84: 4336 | E84: 4353 | F84: 4327 | G84: 4489 | H84: 4510 | I84: 4740 | J84: 4454 | K84: 4495 | L84: 4522 | M84: 4745 | N84: 5124 | T84: 4482 | U84: 4306 | V84: 4353 | W84: 4740 | X84: 4745
A85: YoY | B85: 전년 같은 분기·전년 대비 | G85: =IF(OR(G84="",C84=""),"",IF(C84<=0,"",IFERROR(G84/C84-1,""))) | H85: =IF(OR(H84="",D84=""),"",IF(D84<=0,"",IFERROR(H84/D84-1,""))) | I85: =IF(OR(I84="",E84=""),"",IF(E84<=0,"",IFERROR(I84/E84-1,""))) | J85: =IF(OR(J84="",F84=""),"",IF(F84<=0,"",IFERROR(J84/F84-1,""))) | K85: =IF(OR(K84="",G84=""),"",IF(G84<=0,"",IFERROR(K84/G84-1,""))) | L85: =IF(OR(L84="",H84=""),"",IF(H84<=0,"",IFERROR(L84/H84-1,""))) | M85: =IF(OR(M84="",I84=""),"",IF(I84<=0,"",IFERROR(M84/I84-1,""))) | N85: =IF(OR(N84="",J84=""),"",IF(J84<=0,"",IFERROR(N84/J84-1,""))) | T85: =IF(OR(T84="",S84=""),"",IF(S84<=0,"",IFERROR(T84/S84-1,""))) | U85: =IF(OR(U84="",T84=""),"",IF(T84<=0,"",IFERROR(U84/T84-1,""))) | V85: =IF(OR(V84="",U84=""),"",IF(U84<=0,"",IFERROR(V84/U84-1,""))) | W85: =IF(OR(W84="",V84=""),"",IF(V84<=0,"",IFERROR(W84/V84-1,""))) | X85: =IF(OR(X84="",W84=""),"",IF(W84<=0,"",IFERROR(X84/W84-1,"")))
A86: 매출원가 | C86: 3504 | D86: 3449 | E86: 3418 | F86: 3413 | G86: 3598 | H86: 3596 | I86: 3816 | J86: 3573 | K86: 3642 | L86: 3660 | M86: 3809 | N86: 4074 | T86: 3672 | U86: 3424 | V86: 3418 | W86: 3816 | X86: 3809
A87: YoY | B87: 전년 같은 분기·전년 대비 | G87: =IF(OR(G86="",C86=""),"",IF(G86*C86<=0,"",IFERROR(G86/C86-1,""))) | H87: =IF(OR(H86="",D86=""),"",IF(H86*D86<=0,"",IFERROR(H86/D86-1,""))) | I87: =IF(OR(I86="",E86=""),"",IF(I86*E86<=0,"",IFERROR(I86/E86-1,""))) | J87: =IF(OR(J86="",F86=""),"",IF(J86*F86<=0,"",IFERROR(J86/F86-1,""))) | K87: =IF(OR(K86="",G86=""),"",IF(K86*G86<=0,"",IFERROR(K86/G86-1,""))) | L87: =IF(OR(L86="",H86=""),"",IF(L86*H86<=0,"",IFERROR(L86/H86-1,""))) | M87: =IF(OR(M86="",I86=""),"",IF(M86*I86<=0,"",IFERROR(M86/I86-1,""))) | N87: =IF(OR(N86="",J86=""),"",IF(N86*J86<=0,"",IFERROR(N86/J86-1,""))) | T87: =IF(OR(T86="",S86=""),"",IF(T86*S86<=0,"",IFERROR(T86/S86-1,""))) | U87: =IF(OR(U86="",T86=""),"",IF(U86*T86<=0,"",IFERROR(U86/T86-1,""))) | V87: =IF(OR(V86="",U86=""),"",IF(V86*U86<=0,"",IFERROR(V86/U86-1,""))) | W87: =IF(OR(W86="",V86=""),"",IF(W86*V86<=0,"",IFERROR(W86/V86-1,""))) | X87: =IF(OR(X86="",W86=""),"",IF(X86*W86<=0,"",IFERROR(X86/W86-1,"")))
A88: 매출총이익 | C88: 828 | D88: 888 | E88: 934 | F88: 915 | G88: 890 | H88: 915 | I88: 923 | J88: 881 | K88: 852 | L88: 863 | M88: 936 | N88: 1049 | T88: 809 | U88: 881 | V88: 934 | W88: 923 | X88: 936
A89: YoY | B89: 전년 같은 분기·전년 대비 | G89: =IF(OR(G88="",C88=""),"",IF(C88<=0,"",IFERROR(G88/C88-1,""))) | H89: =IF(OR(H88="",D88=""),"",IF(D88<=0,"",IFERROR(H88/D88-1,""))) | I89: =IF(OR(I88="",E88=""),"",IF(E88<=0,"",IFERROR(I88/E88-1,""))) | J89: =IF(OR(J88="",F88=""),"",IF(F88<=0,"",IFERROR(J88/F88-1,""))) | K89: =IF(OR(K88="",G88=""),"",IF(G88<=0,"",IFERROR(K88/G88-1,""))) | L89: =IF(OR(L88="",H88=""),"",IF(H88<=0,"",IFERROR(L88/H88-1,""))) | M89: =IF(OR(M88="",I88=""),"",IF(I88<=0,"",IFERROR(M88/I88-1,""))) | N89: =IF(OR(N88="",J88=""),"",IF(J88<=0,"",IFERROR(N88/J88-1,""))) | T89: =IF(OR(T88="",S88=""),"",IF(S88<=0,"",IFERROR(T88/S88-1,""))) | U89: =IF(OR(U88="",T88=""),"",IF(T88<=0,"",IFERROR(U88/T88-1,""))) | V89: =IF(OR(V88="",U88=""),"",IF(U88<=0,"",IFERROR(V88/U88-1,""))) | W89: =IF(OR(W88="",V88=""),"",IF(V88<=0,"",IFERROR(W88/V88-1,""))) | X89: =IF(OR(X88="",W88=""),"",IF(W88<=0,"",IFERROR(X88/W88-1,"")))
A90: 판매비와 관리비 | C90: 410 | D90: 394 | E90: 412 | F90: 614 | G90: 388 | H90: 406 | I90: 429 | J90: 646 | K90: 406 | L90: 417 | M90: 501 | N90: 817 | T90: 407 | U90: 404 | V90: 412 | W90: 429 | X90: 501
A91: YoY | B91: 전년 같은 분기·전년 대비 | G91: =IF(OR(G90="",C90=""),"",IF(G90*C90<=0,"",IFERROR(G90/C90-1,""))) | H91: =IF(OR(H90="",D90=""),"",IF(H90*D90<=0,"",IFERROR(H90/D90-1,""))) | I91: =IF(OR(I90="",E90=""),"",IF(I90*E90<=0,"",IFERROR(I90/E90-1,""))) | J91: =IF(OR(J90="",F90=""),"",IF(J90*F90<=0,"",IFERROR(J90/F90-1,""))) | K91: =IF(OR(K90="",G90=""),"",IF(K90*G90<=0,"",IFERROR(K90/G90-1,""))) | L91: =IF(OR(L90="",H90=""),"",IF(L90*H90<=0,"",IFERROR(L90/H90-1,""))) | M91: =IF(OR(M90="",I90=""),"",IF(M90*I90<=0,"",IFERROR(M90/I90-1,""))) | N91: =IF(OR(N90="",J90=""),"",IF(N90*J90<=0,"",IFERROR(N90/J90-1,""))) | T91: =IF(OR(T90="",S90=""),"",IF(T90*S90<=0,"",IFERROR(T90/S90-1,""))) | U91: =IF(OR(U90="",T90=""),"",IF(U90*T90<=0,"",IFERROR(U90/T90-1,""))) | V91: =IF(OR(V90="",U90=""),"",IF(V90*U90<=0,"",IFERROR(V90/U90-1,""))) | W91: =IF(OR(W90="",V90=""),"",IF(W90*V90<=0,"",IFERROR(W90/V90-1,""))) | X91: =IF(OR(X90="",W90=""),"",IF(X90*W90<=0,"",IFERROR(X90/W90-1,"")))
A92: 영업이익 | C92: 418 | D92: 494 | E92: 522 | F92: 301 | G92: 503 | H92: 507 | I92: 496 | J92: 235 | K92: 447 | L92: 445 | M92: 435 | N92: 232 | T92: 402 | U92: 477 | V92: 522 | W92: 496 | X92: 435
A93: OPM | B93: 영업이익 ÷ 매출 | C93: =IF(OR(C92="",C84=""),"",IF(C84<=0,"",IFERROR(C92/C84,""))) | D93: =IF(OR(D92="",D84=""),"",IF(D84<=0,"",IFERROR(D92/D84,""))) | E93: =IF(OR(E92="",E84=""),"",IF(E84<=0,"",IFERROR(E92/E84,""))) | F93: =IF(OR(F92="",F84=""),"",IF(F84<=0,"",IFERROR(F92/F84,""))) | G93: =IF(OR(G92="",G84=""),"",IF(G84<=0,"",IFERROR(G92/G84,""))) | H93: =IF(OR(H92="",H84=""),"",IF(H84<=0,"",IFERROR(H92/H84,""))) | I93: =IF(OR(I92="",I84=""),"",IF(I84<=0,"",IFERROR(I92/I84,""))) | J93: =IF(OR(J92="",J84=""),"",IF(J84<=0,"",IFERROR(J92/J84,""))) | ... N93: =IF(OR(N92="",N84=""),"",IF(N84<=0,"",IFERROR(N92/N84,""))) | T93: =IF(OR(T92="",T84=""),"",IF(T84<=0,"",IFERROR(T92/T84,""))) | U93: =IF(OR(U92="",U84=""),"",IF(U84<=0,"",IFERROR(U92/U84,""))) | V93: =IF(OR(V92="",V84=""),"",IF(V84<=0,"",IFERROR(V92/V84,""))) | W93: =IF(OR(W92="",W84=""),"",IF(W84<=0,"",IFERROR(W92/W84,""))) | X93: =IF(OR(X92="",X84=""),"",IF(X84<=0,"",IFERROR(X92/X84,"")))
A94: YoY | B94: 전년 같은 분기·전년 대비 | G94: =IF(OR(G92="",C92=""),"",IF(C92<=0,"",IFERROR(G92/C92-1,""))) | H94: =IF(OR(H92="",D92=""),"",IF(D92<=0,"",IFERROR(H92/D92-1,""))) | I94: =IF(OR(I92="",E92=""),"",IF(E92<=0,"",IFERROR(I92/E92-1,""))) | J94: =IF(OR(J92="",F92=""),"",IF(F92<=0,"",IFERROR(J92/F92-1,""))) | K94: =IF(OR(K92="",G92=""),"",IF(G92<=0,"",IFERROR(K92/G92-1,""))) | L94: =IF(OR(L92="",H92=""),"",IF(H92<=0,"",IFERROR(L92/H92-1,""))) | M94: =IF(OR(M92="",I92=""),"",IF(I92<=0,"",IFERROR(M92/I92-1,""))) | N94: =IF(OR(N92="",J92=""),"",IF(J92<=0,"",IFERROR(N92/J92-1,""))) | T94: =IF(OR(T92="",S92=""),"",IF(S92<=0,"",IFERROR(T92/S92-1,""))) | U94: =IF(OR(U92="",T92=""),"",IF(T92<=0,"",IFERROR(U92/T92-1,""))) | V94: =IF(OR(V92="",U92=""),"",IF(U92<=0,"",IFERROR(V92/U92-1,""))) | W94: =IF(OR(W92="",V92=""),"",IF(V92<=0,"",IFERROR(W92/V92-1,""))) | X94: =IF(OR(X92="",W92=""),"",IF(W92<=0,"",IFERROR(X92/W92-1,"")))
A95: 보조금 수입 | H95: 0 | I95: 0 | L95: 0 | M95: 0 | W95: 0 | X95: 0
A96: 잡이익 | C96: 2 | D96: 3 | E96: 7 | F96: 2 | G96: 5 | H96: 6 | I96: 2 | J96: 2 | K96: 5 | L96: 5 | M96: 3 | N96: 2 | T96: 5 | U96: 2 | V96: 7 | W96: 2 | X96: 3
A97: 영업외수익 합계 | C97: 2 | D97: 3 | E97: 7 | F97: 2 | G97: 5 | H97: 6 | I97: 2 | J97: 2 | K97: 15 | L97: 5 | M97: 3 | N97: 2 | T97: 2 | U97: 2 | V97: 7 | W97: 2 | X97: 3
A98: YoY | B98: 전년 같은 분기·전년 대비 | G98: =IF(OR(G97="",C97=""),"",IF(G97*C97<=0,"",IFERROR(G97/C97-1,""))) | H98: =IF(OR(H97="",D97=""),"",IF(H97*D97<=0,"",IFERROR(H97/D97-1,""))) | I98: =IF(OR(I97="",E97=""),"",IF(I97*E97<=0,"",IFERROR(I97/E97-1,""))) | J98: =IF(OR(J97="",F97=""),"",IF(J97*F97<=0,"",IFERROR(J97/F97-1,""))) | K98: =IF(OR(K97="",G97=""),"",IF(K97*G97<=0,"",IFERROR(K97/G97-1,""))) | L98: =IF(OR(L97="",H97=""),"",IF(L97*H97<=0,"",IFERROR(L97/H97-1,""))) | M98: =IF(OR(M97="",I97=""),"",IF(M97*I97<=0,"",IFERROR(M97/I97-1,""))) | N98: =IF(OR(N97="",J97=""),"",IF(N97*J97<=0,"",IFERROR(N97/J97-1,""))) | T98: =IF(OR(T97="",S97=""),"",IF(T97*S97<=0,"",IFERROR(T97/S97-1,""))) | U98: =IF(OR(U97="",T97=""),"",IF(U97*T97<=0,"",IFERROR(U97/T97-1,""))) | V98: =IF(OR(V97="",U97=""),"",IF(V97*U97<=0,"",IFERROR(V97/U97-1,""))) | W98: =IF(OR(W97="",V97=""),"",IF(W97*V97<=0,"",IFERROR(W97/V97-1,""))) | X98: =IF(OR(X97="",W97=""),"",IF(X97*W97<=0,"",IFERROR(X97/W97-1,"")))
A99: 잡손실 | C99: 2 | D99: 0 | E99: 0 | F99: 0 | G99: 0 | H99: 0 | I99: 0 | J99: 0 | K99: 1 | L99: 0 | M99: 4 | N99: 0 | T99: 1 | U99: 0 | V99: 0 | W99: 0 | X99: 4
A100: 영업외비용 합계 | C100: 2 | D100: 0 | E100: 0 | F100: 0 | G100: 0 | H100: 0 | I100: 0 | J100: 0 | K100: 1 | L100: 0 | M100: 4 | N100: 0 | T100: 1 | U100: 0 | V100: 0 | W100: 0 | X100: 4
A101: YoY | B101: 전년 같은 분기·전년 대비 | G101: =IF(OR(G100="",C100=""),"",IF(G100*C100<=0,"",IFERROR(G100/C100-1,""))) | H101: =IF(OR(H100="",D100=""),"",IF(H100*D100<=0,"",IFERROR(H100/D100-1,""))) | I101: =IF(OR(I100="",E100=""),"",IF(I100*E100<=0,"",IFERROR(I100/E100-1,""))) | J101: =IF(OR(J100="",F100=""),"",IF(J100*F100<=0,"",IFERROR(J100/F100-1,""))) | K101: =IF(OR(K100="",G100=""),"",IF(K100*G100<=0,"",IFERROR(K100/G100-1,""))) | L101: =IF(OR(L100="",H100=""),"",IF(L100*H100<=0,"",IFERROR(L100/H100-1,""))) | M101: =IF(OR(M100="",I100=""),"",IF(M100*I100<=0,"",IFERROR(M100/I100-1,""))) | N101: =IF(OR(N100="",J100=""),"",IF(N100*J100<=0,"",IFERROR(N100/J100-1,""))) | T101: =IF(OR(T100="",S100=""),"",IF(T100*S100<=0,"",IFERROR(T100/S100-1,""))) | U101: =IF(OR(U100="",T100=""),"",IF(U100*T100<=0,"",IFERROR(U100/T100-1,""))) | V101: =IF(OR(V100="",U100=""),"",IF(V100*U100<=0,"",IFERROR(V100/U100-1,""))) | W101: =IF(OR(W100="",V100=""),"",IF(W100*V100<=0,"",IFERROR(W100/V100-1,""))) | X101: =IF(OR(X100="",W100=""),"",IF(X100*W100<=0,"",IFERROR(X100/W100-1,"")))
A102: 경상이익 | C102: 418 | D102: 497 | E102: 528 | F102: 303 | G102: 508 | H102: 513 | I102: 497 | J102: 237 | K102: 460 | L102: 451 | M102: 435 | N102: 234 | T102: 403 | U102: 479 | V102: 528 | W102: 497 | X102: 435
...

Sheet 재무상태표
A1: 4299 재무상태표
A2: 재무비율은 기말 잔액 기준 · 분기 손익은 최근 4분기 합산(TTM) | B2: (단위: 백만엔)
A3: 항목 | B3: 참고 | C3: 2026.1Q | D3: 2026.2Q | E3: 2026.3Q | F3: 2026.4Q | G3: 2027.1Q | H3: 2022 | I3: 2023 | J3: 2024 | K3: 2025 | L3: 2026
A4: 자산
A5: 유동자산 | C5: 12218 | D5: 12561 | E5: 11047 | F5: 11620 | G5: 10862 | H5: 10286 | I5: 10993 | J5: 12366 | K5: 12575 | L5: 11620
A6: 현금및현금성자산 | C6: 9624 | D6: 9885 | E6: 8263 | F6: 8818 | G6: 7808 | H6: 7386 | I6: 8474 | J6: 9846 | K6: 9469 | L6: 8818
A7: 단기금융상품
A8: 매출채권 | C8: 2367 | D8: 2445 | E8: 2556 | F8: 2544 | G8: 2697 | H8: 2485 | I8: 2323 | J8: 2430 | K8: 2766 | L8: 2544
A9: 재고자산 | C9: 47 | D9: 42 | E9: 73 | F9: 42 | G9: 68 | H9: 64 | I9: 33 | J9: 21 | K9: 14 | L9: 42
A10: 기타유동자산 | B10: 총계 − 위 항목 | C10: =IF(OR(C5=""),"",IFERROR(C5-SUM(C6,C7,C8,C9),"")) | D10: =IF(OR(D5=""),"",IFERROR(D5-SUM(D6,D7,D8,D9),"")) | E10: =IF(OR(E5=""),"",IFERROR(E5-SUM(E6,E7,E8,E9),"")) | F10: =IF(OR(F5=""),"",IFERROR(F5-SUM(F6,F7,F8,F9),"")) | G10: =IF(OR(G5=""),"",IFERROR(G5-SUM(G6,G7,G8,G9),"")) | H10: =IF(OR(H5=""),"",IFERROR(H5-SUM(H6,H7,H8,H9),"")) | I10: =IF(OR(I5=""),"",IFERROR(I5-SUM(I6,I7,I8,I9),"")) | J10: =IF(OR(J5=""),"",IFERROR(J5-SUM(J6,J7,J8,J9),"")) | ... L10: =IF(OR(L5=""),"",IFERROR(L5-SUM(L6,L7,L8,L9),""))
A11: 비유동자산 | C11: 1877 | D11: 1895 | E11: 1905 | F11: 1902 | G11: 2702 | H11: 1970 | I11: 1882 | J11: 1224 | K11: 1854 | L11: 1902
A12: 유형자산 | C12: 71 | D12: 67 | E12: 63 | F12: 56 | G12: 59 | H12: 129 | I12: 105 | J12: 87 | K12: 75 | L12: 56
A13: 무형자산 | C13: 45 | D13: 62 | E13: 72 | F13: 68 | G13: 848 | H13: 41 | I13: 21 | J13: 2 | K13: 22 | L13: 68
A14: 투자부동산
A15: 기타비유동자산 | B15: 총계 − 위 항목 | C15: =IF(OR(C11=""),"",IFERROR(C11-SUM(C12,C13,C14),"")) | D15: =IF(OR(D11=""),"",IFERROR(D11-SUM(D12,D13,D14),"")) | E15: =IF(OR(E11=""),"",IFERROR(E11-SUM(E12,E13,E14),"")) | F15: =IF(OR(F11=""),"",IFERROR(F11-SUM(F12,F13,F14),"")) | G15: =IF(OR(G11=""),"",IFERROR(G11-SUM(G12,G13,G14),"")) | H15: =IF(OR(H11=""),"",IFERROR(H11-SUM(H12,H13,H14),"")) | I15: =IF(OR(I11=""),"",IFERROR(I11-SUM(I12,I13,I14),"")) | J15: =IF(OR(J11=""),"",IFERROR(J11-SUM(J12,J13,J14),"")) | ... L15: =IF(OR(L11=""),"",IFERROR(L11-SUM(L12,L13,L14),""))
A16: 자산총계 | C16: 14095 | D16: 14456 | E16: 12952 | F16: 13522 | G16: 13564 | H16: 12257 | I16: 12875 | J16: 13590 | K16: 14430 | L16: 13522
A17: 부채
A18: 유동부채 | C18: 2184 | D18: 2204 | E18: 2119 | F18: 2326 | G18: 2444 | H18: 2436 | I18: 2221 | J18: 2332 | K18: 2402 | L18: 2326
A19: 매입채무 | C19: 732 | D19: 701 | E19: 724 | F19: 796 | G19: 850 | H19: 792 | I19: 708 | J19: 679 | K19: 764 | L19: 796
A20: 단기차입금
A21: 유동성장기부채
A22: 기타유동부채 | B22: 총계 − 위 항목 | C22: =IF(OR(C18=""),"",IFERROR(C18-SUM(C19,C20,C21),"")) | D22: =IF(OR(D18=""),"",IFERROR(D18-SUM(D19,D20,D21),"")) | E22: =IF(OR(E18=""),"",IFERROR(E18-SUM(E19,E20,E21),"")) | F22: =IF(OR(F18=""),"",IFERROR(F18-SUM(F19,F20,F21),"")) | G22: =IF(OR(G18=""),"",IFERROR(G18-SUM(G19,G20,G21),"")) | H22: =IF(OR(H18=""),"",IFERROR(H18-SUM(H19,H20,H21),"")) | I22: =IF(OR(I18=""),"",IFERROR(I18-SUM(I19,I20,I21),"")) | J22: =IF(OR(J18=""),"",IFERROR(J18-SUM(J19,J20,J21),"")) | ... L22: =IF(OR(L18=""),"",IFERROR(L18-SUM(L19,L20,L21),""))
A23: 비유동부채 | C23: 246 | D23: 247 | E23: 247 | F23: 291 | G23: 296 | H23: 311 | I23: 342 | J23: 323 | K23: 246 | L23: 291
A24: 장기차입금
A25: 사채
A26: 기타비유동부채 | B26: 총계 − 위 항목 | C26: =IF(OR(C23=""),"",IFERROR(C23-SUM(C24,C25),"")) | D26: =IF(OR(D23=""),"",IFERROR(D23-SUM(D24,D25),"")) | E26: =IF(OR(E23=""),"",IFERROR(E23-SUM(E24,E25),"")) | F26: =IF(OR(F23=""),"",IFERROR(F23-SUM(F24,F25),"")) | G26: =IF(OR(G23=""),"",IFERROR(G23-SUM(G24,G25),"")) | H26: =IF(OR(H23=""),"",IFERROR(H23-SUM(H24,H25),"")) | I26: =IF(OR(I23=""),"",IFERROR(I23-SUM(I24,I25),"")) | J26: =IF(OR(J23=""),"",IFERROR(J23-SUM(J24,J25),"")) | ... L26: =IF(OR(L23=""),"",IFERROR(L23-SUM(L24,L25),""))
A27: 부채총계 | C27: 2430 | D27: 2451 | E27: 2366 | F27: 2617 | G27: 2740 | H27: 2747 | I27: 2563 | J27: 2655 | K27: 2648 | L27: 2617
A28: 총차입금 | B28: 단기+유동성장기+장기+사채 | C28: =SUM(C20,C21,C24,C25) | D28: =SUM(D20,D21,D24,D25) | E28: =SUM(E20,E21,E24,E25) | F28: =SUM(F20,F21,F24,F25) | G28: =SUM(G20,G21,G24,G25) | H28: =SUM(H20,H21,H24,H25) | I28: =SUM(I20,I21,I24,I25) | J28: =SUM(J20,J21,J24,J25) | ... L28: =SUM(L20,L21,L24,L25)
A29: 순차입금 | B29: 음수 = 순현금 | C29: =C28-C6-N(C7) | D29: =D28-D6-N(D7) | E29: =E28-E6-N(E7) | F29: =F28-F6-N(F7) | G29: =G28-G6-N(G7) | H29: =H28-H6-N(H7) | I29: =I28-I6-N(I7) | J29: =J28-J6-N(J7) | ... L29: =L28-L6-N(L7)
A30: 자본
A31: 지배주주지분 | C31: 11665 | D31: 12005 | E31: 10587 | F31: 10904 | G31: 10823 | H31: 9510 | I31: 10313 | J31: 10935 | K31: 11782 | L31: 10904
A32: 자본금 | C32: 689 | D32: 689 | E32: 689 | F32: 689 | G32: 689 | H32: 689 | I32: 689 | J32: 689 | K32: 689 | L32: 689
A33: 이익잉여금 | C33: 10569 | D33: 10881 | E33: 10919 | F33: 10113 | G33: 10023 | H33: 8427 | I33: 9215 | J33: 9892 | K33: 10675 | L33: 10113
A34: 비지배지분
A35: 자본총계 | C35: 11665 | D35: 12005 | E35: 10587 | F35: 10904 | G35: 10823 | H35: 9510 | I35: 10313 | J35: 10935 | K35: 11782 | L35: 10904
A36: 현금흐름 요약 | B36: 분기 = TTM (있을 때만)
A37: 영업활동현금흐름 | C37: 1294 | D37: 1291 | E37: 1186 | F37: 1389 | H37: 948 | I37: 1579 | J37: 1389 | K37: 766 | L37: 1389
A38: CAPEX (유·무형 취득) | B38: 양수로 입력
A39: FCF | C39: =IF(OR(C37="",C38=""),"",IFERROR(C37-C38,"")) | D39: =IF(OR(D37="",D38=""),"",IFERROR(D37-D38,"")) | E39: =IF(OR(E37="",E38=""),"",IFERROR(E37-E38,"")) | F39: =IF(OR(F37="",F38=""),"",IFERROR(F37-F38,"")) | G39: =IF(OR(G37="",G38=""),"",IFERROR(G37-G38,"")) | H39: =IF(OR(H37="",H38=""),"",IFERROR(H37-H38,"")) | I39: =IF(OR(I37="",I38=""),"",IFERROR(I37-I38,"")) | J39: =IF(OR(J37="",J38=""),"",IFERROR(J37-J38,"")) | ... L39: =IF(OR(L37="",L38=""),"",IFERROR(L37-L38,""))
A40: 배당금 지급 | B40: 양수로 입력 | C40: 522 | D40: 522 | E40: 534 | F40: 534 | H40: 348 | I40: 506 | J40: 507 | K40: 509 | L40: 534
A41: 주요 재무 비율 | B41: 기준 (빨간 글씨 = 미달)
A42: 안정성
A43: 부채비율 | B43: 100%↓ | C43: =IF(OR(C27="",C35=""),"",IFERROR(C27/C35,"")) | D43: =IF(OR(D27="",D35=""),"",IFERROR(D27/D35,"")) | E43: =IF(OR(E27="",E35=""),"",IFERROR(E27/E35,"")) | F43: =IF(OR(F27="",F35=""),"",IFERROR(F27/F35,"")) | G43: =IF(OR(G27="",G35=""),"",IFERROR(G27/G35,"")) | H43: =IF(OR(H27="",H35=""),"",IFERROR(H27/H35,"")) | I43: =IF(OR(I27="",I35=""),"",IFERROR(I27/I35,"")) | J43: =IF(OR(J27="",J35=""),"",IFERROR(J27/J35,"")) | ... L43: =IF(OR(L27="",L35=""),"",IFERROR(L27/L35,""))
A44: 순차입금비율 | B44: 0%↓ 순현금 | C44: =IF(OR(C29="",C35=""),"",IFERROR(C29/C35,"")) | D44: =IF(OR(D29="",D35=""),"",IFERROR(D29/D35,"")) | E44: =IF(OR(E29="",E35=""),"",IFERROR(E29/E35,"")) | F44: =IF(OR(F29="",F35=""),"",IFERROR(F29/F35,"")) | G44: =IF(OR(G29="",G35=""),"",IFERROR(G29/G35,"")) | H44: =IF(OR(H29="",H35=""),"",IFERROR(H29/H35,"")) | I44: =IF(OR(I29="",I35=""),"",IFERROR(I29/I35,"")) | J44: =IF(OR(J29="",J35=""),"",IFERROR(J29/J35,"")) | ... L44: =IF(OR(L29="",L35=""),"",IFERROR(L29/L35,""))
A45: 자기자본비율 | B45: 50%↑ | C45: =IF(OR(C35="",C16=""),"",IFERROR(C35/C16,"")) | D45: =IF(OR(D35="",D16=""),"",IFERROR(D35/D16,"")) | E45: =IF(OR(E35="",E16=""),"",IFERROR(E35/E16,"")) | F45: =IF(OR(F35="",F16=""),"",IFERROR(F35/F16,"")) | G45: =IF(OR(G35="",G16=""),"",IFERROR(G35/G16,"")) | H45: =IF(OR(H35="",H16=""),"",IFERROR(H35/H16,"")) | I45: =IF(OR(I35="",I16=""),"",IFERROR(I35/I16,"")) | J45: =IF(OR(J35="",J16=""),"",IFERROR(J35/J16,"")) | ... L45: =IF(OR(L35="",L16=""),"",IFERROR(L35/L16,""))
A46: 유동비율 | B46: 150%↑ | C46: =IF(OR(C5="",C18=""),"",IFERROR(C5/C18,"")) | D46: =IF(OR(D5="",D18=""),"",IFERROR(D5/D18,"")) | E46: =IF(OR(E5="",E18=""),"",IFERROR(E5/E18,"")) | F46: =IF(OR(F5="",F18=""),"",IFERROR(F5/F18,"")) | G46: =IF(OR(G5="",G18=""),"",IFERROR(G5/G18,"")) | H46: =IF(OR(H5="",H18=""),"",IFERROR(H5/H18,"")) | I46: =IF(OR(I5="",I18=""),"",IFERROR(I5/I18,"")) | J46: =IF(OR(J5="",J18=""),"",IFERROR(J5/J18,"")) | ... L46: =IF(OR(L5="",L18=""),"",IFERROR(L5/L18,""))
A47: 당좌비율 | B47: 100%↑ | C47: =IF(OR(C5="",C18=""),"",IFERROR((C5-N(C9))/C18,"")) | D47: =IF(OR(D5="",D18=""),"",IFERROR((D5-N(D9))/D18,"")) | E47: =IF(OR(E5="",E18=""),"",IFERROR((E5-N(E9))/E18,"")) | F47: =IF(OR(F5="",F18=""),"",IFERROR((F5-N(F9))/F18,"")) | G47: =IF(OR(G5="",G18=""),"",IFERROR((G5-N(G9))/G18,"")) | H47: =IF(OR(H5="",H18=""),"",IFERROR((H5-N(H9))/H18,"")) | I47: =IF(OR(I5="",I18=""),"",IFERROR((I5-N(I9))/I18,"")) | J47: =IF(OR(J5="",J18=""),"",IFERROR((J5-N(J9))/J18,"")) | ... L47: =IF(OR(L5="",L18=""),"",IFERROR((L5-N(L9))/L18,""))
A48: 이자보상배율 | B48: 5x↑ (금융원가 기준) | C48: =IFERROR((IF(COUNT('연간'!G19:J19)<4,"",SUM('연간'!G19:J19)))/(IF(COUNT('연간'!G41:J41)<4,"",SUM('연간'!G41:J41))),"") | D48: =IFERROR((IF(COUNT('연간'!H19:K19)<4,"",SUM('연간'!H19:K19)))/(IF(COUNT('연간'!H41:K41)<4,"",SUM('연간'!H41:K41))),"") | E48: =IFERROR((IF(COUNT('연간'!I19:L19)<4,"",SUM('연간'!I19:L19)))/(IF(COUNT('연간'!I41:L41)<4,"",SUM('연간'!I41:L41))),"") | F48: =IFERROR((IF(COUNT('연간'!J19:M19)<4,"",SUM('연간'!J19:M19)))/(IF(COUNT('연간'!J41:M41)<4,"",SUM('연간'!J41:M41))),"") | G48: =IFERROR((IF(COUNT('연간'!K19:N19)<4,"",SUM('연간'!K19:N19)))/(IF(COUNT('연간'!K41:N41)<4,"",SUM('연간'!K41:N41))),"") | H48: =IFERROR(('연간'!T19)/('연간'!T41),"") | I48: =IFERROR(('연간'!U19)/('연간'!U41),"") | J48: =IFERROR(('연간'!V19)/('연간'!V41),"") | K48: =IFERROR(('연간'!W19)/('연간'!W41),"") | L48: =IFERROR(('연간'!X19)/('연간'!X41),"")
A49: 차입금 상환연수 | B49: 4년↓ (버핏) | C49: =IFERROR(IF((IF(COUNT('연간'!G49:J49)<4,"",SUM('연간'!G49:J49)))<=0,"적자",C28/(IF(COUNT('연간'!G49:J49)<4,"",SUM('연간'!G49:J49)))),"") | D49: =IFERROR(IF((IF(COUNT('연간'!H49:K49)<4,"",SUM('연간'!H49:K49)))<=0,"적자",D28/(IF(COUNT('연간'!H49:K49)<4,"",SUM('연간'!H49:K49)))),"") | E49: =IFERROR(IF((IF(COUNT('연간'!I49:L49)<4,"",SUM('연간'!I49:L49)))<=0,"적자",E28/(IF(COUNT('연간'!I49:L49)<4,"",SUM('연간'!I49:L49)))),"") | F49: =IFERROR(IF((IF(COUNT('연간'!J49:M49)<4,"",SUM('연간'!J49:M49)))<=0,"적자",F28/(IF(COUNT('연간'!J49:M49)<4,"",SUM('연간'!J49:M49)))),"") | G49: =IFERROR(IF((IF(COUNT('연간'!K49:N49)<4,"",SUM('연간'!K49:N49)))<=0,"적자",G28/(IF(COUNT('연간'!K49:N49)<4,"",SUM('연간'!K49:N49)))),"") | H49: =IFERROR(IF(('연간'!T49)<=0,"적자",H28/('연간'!T49)),"") | I49: =IFERROR(IF(('연간'!U49)<=0,"적자",I28/('연간'!U49)),"") | J49: =IFERROR(IF(('연간'!V49)<=0,"적자",J28/('연간'!V49)),"") | K49: =IFERROR(IF(('연간'!W49)<=0,"적자",K28/('연간'!W49)),"") | L49: =IFERROR(IF(('연간'!X49)<=0,"적자",L28/('연간'!X49)),"")
A50: 수익성
A51: ROE | B51: 15%↑ (버핏) | C51: =IFERROR((IF(COUNT('연간'!G49:J49)<4,"",SUM('연간'!G49:J49)))/C31,"") | D51: =IFERROR((IF(COUNT('연간'!H49:K49)<4,"",SUM('연간'!H49:K49)))/D31,"") | E51: =IFERROR((IF(COUNT('연간'!I49:L49)<4,"",SUM('연간'!I49:L49)))/E31,"") | F51: =IFERROR((IF(COUNT('연간'!J49:M49)<4,"",SUM('연간'!J49:M49)))/F31,"") | G51: =IFERROR((IF(COUNT('연간'!K49:N49)<4,"",SUM('연간'!K49:N49)))/G31,"") | H51: =IFERROR(('연간'!T49)/H31,"") | I51: =IFERROR(('연간'!U49)/I31,"") | J51: =IFERROR(('연간'!V49)/J31,"") | K51: =IFERROR(('연간'!W49)/K31,"") | L51: =IFERROR(('연간'!X49)/L31,"")
A52: ROA | B52: 5%↑ | C52: =IFERROR((IF(COUNT('연간'!G47:J47)<4,"",SUM('연간'!G47:J47)))/C16,"") | D52: =IFERROR((IF(COUNT('연간'!H47:K47)<4,"",SUM('연간'!H47:K47)))/D16,"") | E52: =IFERROR((IF(COUNT('연간'!I47:L47)<4,"",SUM('연간'!I47:L47)))/E16,"") | F52: =IFERROR((IF(COUNT('연간'!J47:M47)<4,"",SUM('연간'!J47:M47)))/F16,"") | G52: =IFERROR((IF(COUNT('연간'!K47:N47)<4,"",SUM('연간'!K47:N47)))/G16,"") | H52: =IFERROR(('연간'!T47)/H16,"") | I52: =IFERROR(('연간'!U47)/I16,"") | J52: =IFERROR(('연간'!V47)/J16,"") | K52: =IFERROR(('연간'!W47)/K16,"") | L52: =IFERROR(('연간'!X47)/L16,"")
A53: ROIC | B53: 10%↑ (세후영업이익 기준) | C53: =IFERROR((IF(COUNT('연간'!G19:J19)<4,"",SUM('연간'!G19:J19)))*(1-0.3)/(C35+C29),"") | D53: =IFERROR((IF(COUNT('연간'!H19:K19)<4,"",SUM('연간'!H19:K19)))*(1-0.3)/(D35+D29),"") | E53: =IFERROR((IF(COUNT('연간'!I19:L19)<4,"",SUM('연간'!I19:L19)))*(1-0.3)/(E35+E29),"") | F53: =IFERROR((IF(COUNT('연간'!J19:M19)<4,"",SUM('연간'!J19:M19)))*(1-0.3)/(F35+F29),"") | G53: =IFERROR((IF(COUNT('연간'!K19:N19)<4,"",SUM('연간'!K19:N19)))*(1-0.3)/(G35+G29),"") | H53: =IFERROR(('연간'!T19)*(1-0.3)/(H35+H29),"") | I53: =IFERROR(('연간'!U19)*(1-0.3)/(I35+I29),"") | J53: =IFERROR(('연간'!V19)*(1-0.3)/(J35+J29),"") | K53: =IFERROR(('연간'!W19)*(1-0.3)/(K35+K29),"") | L53: =IFERROR(('연간'!X19)*(1-0.3)/(L35+L29),"")
A54: 매출총이익률 (GPM) | B54: 40%↑ (해자 신호) | C54: =IFERROR((IF(COUNT('연간'!G13:J13)<4,"",SUM('연간'!G13:J13)))/(IF(COUNT('연간'!G4:J4)<4,"",SUM('연간'!G4:J4))),"") | D54: =IFERROR((IF(COUNT('연간'!H13:K13)<4,"",SUM('연간'!H13:K13)))/(IF(COUNT('연간'!H4:K4)<4,"",SUM('연간'!H4:K4))),"") | E54: =IFERROR((IF(COUNT('연간'!I13:L13)<4,"",SUM('연간'!I13:L13)))/(IF(COUNT('연간'!I4:L4)<4,"",SUM('연간'!I4:L4))),"") | F54: =IFERROR((IF(COUNT('연간'!J13:M13)<4,"",SUM('연간'!J13:M13)))/(IF(COUNT('연간'!J4:M4)<4,"",SUM('연간'!J4:M4))),"") | G54: =IFERROR((IF(COUNT('연간'!K13:N13)<4,"",SUM('연간'!K13:N13)))/(IF(COUNT('연간'!K4:N4)<4,"",SUM('연간'!K4:N4))),"") | H54: =IFERROR(('연간'!T13)/('연간'!T4),"") | I54: =IFERROR(('연간'!U13)/('연간'!U4),"") | J54: =IFERROR(('연간'!V13)/('연간'!V4),"") | K54: =IFERROR(('연간'!W13)/('연간'!W4),"") | L54: =IFERROR(('연간'!X13)/('연간'!X4),"")
A55: 영업이익률 (OPM) | B55: 15%↑ | C55: =IFERROR((IF(COUNT('연간'!G19:J19)<4,"",SUM('연간'!G19:J19)))/(IF(COUNT('연간'!G4:J4)<4,"",SUM('연간'!G4:J4))),"") | D55: =IFERROR((IF(COUNT('연간'!H19:K19)<4,"",SUM('연간'!H19:K19)))/(IF(COUNT('연간'!H4:K4)<4,"",SUM('연간'!H4:K4))),"") | E55: =IFERROR((IF(COUNT('연간'!I19:L19)<4,"",SUM('연간'!I19:L19)))/(IF(COUNT('연간'!I4:L4)<4,"",SUM('연간'!I4:L4))),"") | F55: =IFERROR((IF(COUNT('연간'!J19:M19)<4,"",SUM('연간'!J19:M19)))/(IF(COUNT('연간'!J4:M4)<4,"",SUM('연간'!J4:M4))),"") | G55: =IFERROR((IF(COUNT('연간'!K19:N19)<4,"",SUM('연간'!K19:N19)))/(IF(COUNT('연간'!K4:N4)<4,"",SUM('연간'!K4:N4))),"") | H55: =IFERROR(('연간'!T19)/('연간'!T4),"") | I55: =IFERROR(('연간'!U19)/('연간'!U4),"") | J55: =IFERROR(('연간'!V19)/('연간'!V4),"") | K55: =IFERROR(('연간'!W19)/('연간'!W4),"") | L55: =IFERROR(('연간'!X19)/('연간'!X4),"")
A56: 순이익률 | B56: 10%↑ | C56: =IFERROR((IF(COUNT('연간'!G47:J47)<4,"",SUM('연간'!G47:J47)))/(IF(COUNT('연간'!G4:J4)<4,"",SUM('연간'!G4:J4))),"") | D56: =IFERROR((IF(COUNT('연간'!H47:K47)<4,"",SUM('연간'!H47:K47)))/(IF(COUNT('연간'!H4:K4)<4,"",SUM('연간'!H4:K4))),"") | E56: =IFERROR((IF(COUNT('연간'!I47:L47)<4,"",SUM('연간'!I47:L47)))/(IF(COUNT('연간'!I4:L4)<4,"",SUM('연간'!I4:L4))),"") | F56: =IFERROR((IF(COUNT('연간'!J47:M47)<4,"",SUM('연간'!J47:M47)))/(IF(COUNT('연간'!J4:M4)<4,"",SUM('연간'!J4:M4))),"") | G56: =IFERROR((IF(COUNT('연간'!K47:N47)<4,"",SUM('연간'!K47:N47)))/(IF(COUNT('연간'!K4:N4)<4,"",SUM('연간'!K4:N4))),"") | H56: =IFERROR(('연간'!T47)/('연간'!T4),"") | I56: =IFERROR(('연간'!U47)/('연간'!U4),"") | J56: =IFERROR(('연간'!V47)/('연간'!V4),"") | K56: =IFERROR(('연간'!W47)/('연간'!W4),"") | L56: =IFERROR(('연간'!X47)/('연간'!X4),"")
A57: 효율성 (회전율)
A58: 총자산회전율 | B58: 높을수록↑ | C58: =IFERROR((IF(COUNT('연간'!G4:J4)<4,"",SUM('연간'!G4:J4)))/C16,"") | D58: =IFERROR((IF(COUNT('연간'!H4:K4)<4,"",SUM('연간'!H4:K4)))/D16,"") | E58: =IFERROR((IF(COUNT('연간'!I4:L4)<4,"",SUM('연간'!I4:L4)))/E16,"") | F58: =IFERROR((IF(COUNT('연간'!J4:M4)<4,"",SUM('연간'!J4:M4)))/F16,"") | G58: =IFERROR((IF(COUNT('연간'!K4:N4)<4,"",SUM('연간'!K4:N4)))/G16,"") | H58: =IFERROR(('연간'!T4)/H16,"") | I58: =IFERROR(('연간'!U4)/I16,"") | J58: =IFERROR(('연간'!V4)/J16,"") | K58: =IFERROR(('연간'!W4)/K16,"") | L58: =IFERROR(('연간'!X4)/L16,"")
A59: 매출채권회전일수 | B59: 짧을수록↑ | C59: =IFERROR(C8/(IF(COUNT('연간'!G4:J4)<4,"",SUM('연간'!G4:J4)))*365,"") | D59: =IFERROR(D8/(IF(COUNT('연간'!H4:K4)<4,"",SUM('연간'!H4:K4)))*365,"") | E59: =IFERROR(E8/(IF(COUNT('연간'!I4:L4)<4,"",SUM('연간'!I4:L4)))*365,"") | F59: =IFERROR(F8/(IF(COUNT('연간'!J4:M4)<4,"",SUM('연간'!J4:M4)))*365,"") | G59: =IFERROR(G8/(IF(COUNT('연간'!K4:N4)<4,"",SUM('연간'!K4:N4)))*365,"") | H59: =IFERROR(H8/('연간'!T4)*365,"") | I59: =IFERROR(I8/('연간'!U4)*365,"") | J59: =IFERROR(J8/('연간'!V4)*365,"") | K59: =IFERROR(K8/('연간'!W4)*365,"") | L59: =IFERROR(L8/('연간'!X4)*365,"")
A60: 재고자산회전일수 | B60: 짧을수록↑ | C60: =IFERROR(C9/(IF(COUNT('연간'!G11:J11)<4,"",SUM('연간'!G11:J11)))*365,"") | D60: =IFERROR(D9/(IF(COUNT('연간'!H11:K11)<4,"",SUM('연간'!H11:K11)))*365,"") | E60: =IFERROR(E9/(IF(COUNT('연간'!I11:L11)<4,"",SUM('연간'!I11:L11)))*365,"") | F60: =IFERROR(F9/(IF(COUNT('연간'!J11:M11)<4,"",SUM('연간'!J11:M11)))*365,"") | G60: =IFERROR(G9/(IF(COUNT('연간'!K11:N11)<4,"",SUM('연간'!K11:N11)))*365,"") | H60: =IFERROR(H9/('연간'!T11)*365,"") | I60: =IFERROR(I9/('연간'!U11)*365,"") | J60: =IFERROR(J9/('연간'!V11)*365,"") | K60: =IFERROR(K9/('연간'!W11)*365,"") | L60: =IFERROR(L9/('연간'!X11)*365,"")
A61: 매입채무회전일수 | B61: 길수록 유리 | C61: =IFERROR(C19/(IF(COUNT('연간'!G11:J11)<4,"",SUM('연간'!G11:J11)))*365,"") | D61: =IFERROR(D19/(IF(COUNT('연간'!H11:K11)<4,"",SUM('연간'!H11:K11)))*365,"") | E61: =IFERROR(E19/(IF(COUNT('연간'!I11:L11)<4,"",SUM('연간'!I11:L11)))*365,"") | F61: =IFERROR(F19/(IF(COUNT('연간'!J11:M11)<4,"",SUM('연간'!J11:M11)))*365,"") | G61: =IFERROR(G19/(IF(COUNT('연간'!K11:N11)<4,"",SUM('연간'!K11:N11)))*365,"") | H61: =IFERROR(H19/('연간'!T11)*365,"") | I61: =IFERROR(I19/('연간'!U11)*365,"") | J61: =IFERROR(J19/('연간'!V11)*365,"") | K61: =IFERROR(K19/('연간'!W11)*365,"") | L61: =IFERROR(L19/('연간'!X11)*365,"")
A62: 현금전환주기 (CCC) | B62: 짧을수록↑ | C62: =IF(OR(C59="",C60="",C61=""),"",IFERROR(C59+C60-C61,"")) | D62: =IF(OR(D59="",D60="",D61=""),"",IFERROR(D59+D60-D61,"")) | E62: =IF(OR(E59="",E60="",E61=""),"",IFERROR(E59+E60-E61,"")) | F62: =IF(OR(F59="",F60="",F61=""),"",IFERROR(F59+F60-F61,"")) | G62: =IF(OR(G59="",G60="",G61=""),"",IFERROR(G59+G60-G61,"")) | H62: =IF(OR(H59="",H60="",H61=""),"",IFERROR(H59+H60-H61,"")) | I62: =IF(OR(I59="",I60="",I61=""),"",IFERROR(I59+I60-I61,"")) | J62: =IF(OR(J59="",J60="",J61=""),"",IFERROR(J59+J60-J61,"")) | ... L62: =IF(OR(L59="",L60="",L61=""),"",IFERROR(L59+L60-L61,""))
A63: 현금흐름
A64: 영업현금흐름 / 순이익 | B64: 1x↑ (이익의 질) | C64: =IF(C37="","",IFERROR(C37/(IF(COUNT('연간'!G47:J47)<4,"",SUM('연간'!G47:J47))),"")) | D64: =IF(D37="","",IFERROR(D37/(IF(COUNT('연간'!H47:K47)<4,"",SUM('연간'!H47:K47))),"")) | E64: =IF(E37="","",IFERROR(E37/(IF(COUNT('연간'!I47:L47)<4,"",SUM('연간'!I47:L47))),"")) | F64: =IF(F37="","",IFERROR(F37/(IF(COUNT('연간'!J47:M47)<4,"",SUM('연간'!J47:M47))),"")) | G64: =IF(G37="","",IFERROR(G37/(IF(COUNT('연간'!K47:N47)<4,"",SUM('연간'!K47:N47))),"")) | H64: =IF(H37="","",IFERROR(H37/('연간'!T47),"")) | I64: =IF(I37="","",IFERROR(I37/('연간'!U47),"")) | J64: =IF(J37="","",IFERROR(J37/('연간'!V47),"")) | K64: =IF(K37="","",IFERROR(K37/('연간'!W47),"")) | L64: =IF(L37="","",IFERROR(L37/('연간'!X47),""))
A65: FCF 마진 | B65: 5%↑ | C65: =IF(C39="","",IFERROR(C39/(IF(COUNT('연간'!G4:J4)<4,"",SUM('연간'!G4:J4))),"")) | D65: =IF(D39="","",IFERROR(D39/(IF(COUNT('연간'!H4:K4)<4,"",SUM('연간'!H4:K4))),"")) | E65: =IF(E39="","",IFERROR(E39/(IF(COUNT('연간'!I4:L4)<4,"",SUM('연간'!I4:L4))),"")) | F65: =IF(F39="","",IFERROR(F39/(IF(COUNT('연간'!J4:M4)<4,"",SUM('연간'!J4:M4))),"")) | G65: =IF(G39="","",IFERROR(G39/(IF(COUNT('연간'!K4:N4)<4,"",SUM('연간'!K4:N4))),"")) | H65: =IF(H39="","",IFERROR(H39/('연간'!T4),"")) | I65: =IF(I39="","",IFERROR(I39/('연간'!U4),"")) | J65: =IF(J39="","",IFERROR(J39/('연간'!V4),"")) | K65: =IF(K39="","",IFERROR(K39/('연간'!W4),"")) | L65: =IF(L39="","",IFERROR(L39/('연간'!X4),""))
A66: CAPEX / 매출 | B66: 낮을수록↑ (자본 가벼움) | C66: =IF(C38="","",IFERROR(C38/(IF(COUNT('연간'!G4:J4)<4,"",SUM('연간'!G4:J4))),"")) | D66: =IF(D38="","",IFERROR(D38/(IF(COUNT('연간'!H4:K4)<4,"",SUM('연간'!H4:K4))),"")) | E66: =IF(E38="","",IFERROR(E38/(IF(COUNT('연간'!I4:L4)<4,"",SUM('연간'!I4:L4))),"")) | F66: =IF(F38="","",IFERROR(F38/(IF(COUNT('연간'!J4:M4)<4,"",SUM('연간'!J4:M4))),"")) | G66: =IF(G38="","",IFERROR(G38/(IF(COUNT('연간'!K4:N4)<4,"",SUM('연간'!K4:N4))),"")) | H66: =IF(H38="","",IFERROR(H38/('연간'!T4),"")) | I66: =IF(I38="","",IFERROR(I38/('연간'!U4),"")) | J66: =IF(J38="","",IFERROR(J38/('연간'!V4),"")) | K66: =IF(K38="","",IFERROR(K38/('연간'!W4),"")) | L66: =IF(L38="","",IFERROR(L38/('연간'!X4),""))
A67: 배당성향 | B67: 참고 | C67: =IF(C40="","",IFERROR(C40/(IF(COUNT('연간'!G49:J49)<4,"",SUM('연간'!G49:J49))),"")) | D67: =IF(D40="","",IFERROR(D40/(IF(COUNT('연간'!H49:K49)<4,"",SUM('연간'!H49:K49))),"")) | E67: =IF(E40="","",IFERROR(E40/(IF(COUNT('연간'!I49:L49)<4,"",SUM('연간'!I49:L49))),"")) | F67: =IF(F40="","",IFERROR(F40/(IF(COUNT('연간'!J49:M49)<4,"",SUM('연간'!J49:M49))),"")) | G67: =IF(G40="","",IFERROR(G40/(IF(COUNT('연간'!K49:N49)<4,"",SUM('연간'!K49:N49))),"")) | H67: =IF(H40="","",IFERROR(H40/('연간'!T49),"")) | I67: =IF(I40="","",IFERROR(I40/('연간'!U49),"")) | J67: =IF(J40="","",IFERROR(J40/('연간'!V49),"")) | K67: =IF(K40="","",IFERROR(K40/('연간'!W49),"")) | L67: =IF(L40="","",IFERROR(L40/('연간'!X49),""))
A69: 재무상태표 · 전 항목 | B69: 분기 말 잔액
A70: 항목 | B70: 참고 | C70: 2026.1Q | D70: 2026.2Q | E70: 2026.3Q | F70: 2026.4Q | G70: 2027.1Q | H70: 2022 | I70: 2023 | J70: 2024 | K70: 2025 | L70: 2026
A71: 현금 및 예금 | C71: 9624 | D71: 9885 | E71: 8263 | F71: 8818 | G71: 7808 | H71: 7386 | I71: 8474 | J71: 9846 | K71: 9469 | L71: 8818
A72: 매출채권 | C72: 2367 | D72: 2445 | E72: 2556 | F72: 2544 | G72: 2697 | H72: 2485 | I72: 2323 | J72: 2430 | K72: 2766 | L72: 2544
A73: 계약자산 | C73: 49 | D73: 47 | E73: 30 | F73: 130 | G73: 91 | H73: 274 | I73: 82 | J73: 0 | K73: 204 | L73: 130
A74: 전자기록채권 | F74: 0 | G74: 15 | L74: 0
A75: 재공품 | C75: 47 | D75: 42 | E75: 73 | F75: 38 | G75: 68 | H75: 61 | I75: 30 | J75: 17 | K75: 11 | L75: 38
A76: 저장품 | F76: 4 | H76: 3 | I76: 3 | J76: 4 | K76: 3 | L76: 4
A77: 기타 | C77: 131 | D77: 142 | E77: 125 | F77: 89 | G77: 184 | H77: 77 | I77: 81 | J77: 70 | K77: 122 | L77: 89
A78: 대손충당금 | F78: 0 | G78: -1 | L78: 0
A79: 유동자산 합계 | C79: 12218 | D79: 12561 | E79: 11047 | F79: 11620 | G79: 10862 | H79: 10286 | I79: 10993 | J79: 12366 | K79: 12575 | L79: 11620
A80: 건물 | F80: 181 | H80: 196 | I80: 196 | J80: 197 | K80: 198 | L80: 181
A81: 감가상각누계액 | F81: -134 | H81: -107 | I81: -119 | J81: -129 | K81: -138 | L81: -134
A82: 건물(순액) | F82: 46 | H82: 89 | I82: 78 | J82: 68 | K82: 59 | L82: 46
A83: 공구·기구·비품 | F83: 81 | H83: 99 | I83: 87 | J83: 86 | K83: 82 | L83: 81
A84: 감가상각누계액 | F84: -71 | H84: -59 | I84: -60 | J84: -67 | K84: -66 | L84: -71
A85: 공구·기구·비품(순액) | F85: 10 | H85: 40 | I85: 27 | J85: 19 | K85: 16 | L85: 10
A86: 유형자산 | C86: 71 | D86: 67 | E86: 63 | F86: 56 | G86: 59 | H86: 129 | I86: 105 | J86: 87 | K86: 75 | L86: 56
A87: 영업권 | F87: 0 | G87: 783 | L87: 0
A88: 기타 | F88: 68 | G88: 64 | L88: 68
A89: 무형자산 합계 | C89: 45 | D89: 62 | E89: 72 | F89: 68 | G89: 848 | H89: 41 | I89: 21 | J89: 2 | K89: 22 | L89: 68
A90: 이연법인세자산 | F90: 444 | H90: 429 | I90: 408 | J90: 410 | K90: 428 | L90: 444
A91: 보험적립금 | F91: 545 | H91: 580 | I91: 569 | J91: 542 | K91: 543 | L91: 545
A92: 장기예금 | C92: 600 | D92: 600 | E92: 600 | F92: 600 | G92: 600 | H92: 600 | I92: 600 | J92: 0 | K92: 600 | L92: 600
A93: 기타 | C93: 1163 | D93: 1168 | E93: 1173 | F93: 1180 | G93: 1197 | H93: 193 | I93: 182 | J93: 185 | K93: 188 | L93: 1180
A94: 대손충당금 | C94: -2 | D94: -2 | E94: -2 | F94: -2 | G94: -2 | H94: -2 | I94: -2 | J94: -2 | K94: -2 | L94: -2
A95: 투자 및 기타자산 합계 | C95: 1761 | D95: 1766 | E95: 1770 | F95: 1778 | G95: 1795 | H95: 1800 | I95: 1757 | J95: 1135 | K95: 1757 | L95: 1778
A96: 비유동자산 합계 | C96: 1877 | D96: 1895 | E96: 1905 | F96: 1902 | G96: 2702 | H96: 1970 | I96: 1882 | J96: 1224 | K96: 1854 | L96: 1902
A97: 자산 합계 | C97: 14095 | D97: 14456 | E97: 12952 | F97: 13522 | G97: 13564 | H97: 12257 | I97: 12875 | J97: 13590 | K97: 14430 | L97: 13522
A98: 매입채무 | C98: 732 | D98: 701 | E98: 724 | F98: 796 | G98: 850 | H98: 792 | I98: 708 | J98: 679 | K98: 764 | L98: 796
A99: 미지급법인세 | C99: 97 | D99: 267 | E99: 111 | F99: 182 | G99: 106 | H99: 359 | I99: 292 | J99: 347 | K99: 324 | L99: 182
A100: 계약부채 | C100: 58 | D100: 35 | E100: 42 | F100: 19 | G100: 67 | H100: 30 | I100: 22 | J100: 18 | K100: 67 | L100: 19
A101: 상여충당금 | C101: 360 | D101: 688 | E101: 345 | F101: 677 | G101: 316 | H101: 754 | I101: 647 | J101: 625 | K101: 707 | L101: 677
...

Sheet 섹터 데이터
A1: 4299 섹터·사업 데이터
A2: 2단계 보고서를 만들 때 모은 자료 · 월차 · 출처는 맨 오른쪽
A4: revision 2026 10 30 · 상반기 직전
A5: 항목 | B5: 값 | C5: 출처
A6: 매출 | B6: 98.1 | C6: 2단계 보고서 자료(회사 설명회 자료·공시)
A7: 영업이익 | B7: 3.8
A8: ord | B8: 3.95
A9: 순이익 | B9: 2.2
A10: EPS | B10: 21.07
A12: revision 2026 10 30 · 상반기 new
A13: 항목 | B13: 값 | C13: 출처
A14: 매출 | B14: 103 | C14: 2단계 보고서 자료(회사 설명회 자료·공시)
A15: 영업이익 | B15: 6.3
A16: ord | B16: 6.55
A17: 순이익 | B17: 4.2
A18: EPS | B18: 40.23
A20: revision 2026 10 30 · 상반기 change %
A21: 항목 | B21: 값 | C21: 출처
A22: 매출 | B22: 5 | C22: 2단계 보고서 자료(회사 설명회 자료·공시)
A23: 영업이익 | B23: 65.8
A24: ord | B24: 65.8
A25: 순이익 | B25: 90.9
A27: revision 2026 10 30 · 상반기 last year
A28: 항목 | B28: 값 | C28: 출처
A29: 매출 | B29: 89.49 | C29: 2단계 보고서 자료(회사 설명회 자료·공시)
A30: 영업이익 | B30: 6.82
A31: ord | B31: 6.97
A32: 순이익 | B32: 4.72
A33: EPS | B33: 40.7
A35: revision 2026 10 30 · FY 직전
A36: 항목 | B36: 값 | C36: 출처
A37: 매출 | B37: 200 | C37: 2단계 보고서 자료(회사 설명회 자료·공시)
A38: 영업이익 | B38: 12
A39: ord | B39: 12.2
A40: 순이익 | B40: 7.8
A41: EPS | B41: 74.51
A43: revision 2026 10 30 · FY new
A44: 항목 | B44: 값 | C44: 출처
A45: 매출 | B45: 210 | C45: 2단계 보고서 자료(회사 설명회 자료·공시)
A46: 영업이익 | B46: 14.5
A47: ord | B47: 14.75
A48: 순이익 | B48: 10
A49: EPS | B49: 95.53
A51: revision 2026 10 30 · FY change %
A52: 항목 | B52: 값 | C52: 출처
A53: 매출 | B53: 5 | C53: 2단계 보고서 자료(회사 설명회 자료·공시)
A54: 영업이익 | B54: 20.8
A55: ord | B55: 20.9
A56: 순이익 | B56: 28.2
A58: revision 2026 10 30 · FY last year
A59: 항목 | B59: 값 | C59: 출처
A60: 매출 | B60: 182.16 | C60: 2단계 보고서 자료(회사 설명회 자료·공시)
A61: 영업이익 | B61: 15.62
A62: ord | B62: 15.83
A63: 순이익 | B63: 11.41
A64: EPS | B64: 101.6
A66: this quarter calc
A67: 항목 | B67: 값 | C67: 출처
A68: 매출 | B68: 51.76 | C68: 2단계 보고서 자료(회사 설명회 자료·공시)
A69: 영업이익 | B69: 3.98
A70: ord | B70: 4.21
A71: 순이익 | B71: 2.71
A72: EPS approx | B72: 25.9
A74: this quarter calc · YoY vs 2026 2Q
A75: 항목 | B75: 값 | C75: 출처
A76: 매출 | B76: 15.2 | C76: 2단계 보고서 자료(회사 설명회 자료·공시)
A77: 영업이익 | B77: -11
A78: ord | B78: -8.5
A79: 순이익 | B79: -12.9
A81: this quarter calc · 상반기 YoY
A82: 항목 | B82: 값 | C82: 출처
A83: 매출 | B83: 15.1 | C83: 2단계 보고서 자료(회사 설명회 자료·공시)
A84: 영업이익 | B84: -7.6
A85: ord | B85: -6
A86: 순이익 | B86: -11
A88: this quarter calc · 하반기 implied
A89: 항목 | B89: 값 | C89: 출처
A90: 매출 | B90: 107 | C90: 2단계 보고서 자료(회사 설명회 자료·공시)
A91: 영업이익 | B91: 8.2
A92: ord | B92: 8.2
A93: 순이익 | B93: 5.8
A95: shares mcap
A96: 항목 | B96: 값 | C96: 출처
A97: mcap yahoo | B97: 117.2 | C97: 야후 시총 117.2억 엔(1,124엔 기준) → 주식수 약 1,042만 주(자사주 제외). 수정 예상 NI 10.0/EPS 95.53 = 1,047만 주와 일치
A98: shares approx mn | B98: 10.42
A100: 밸류에이션 now
A101: 항목 | B101: 값 | C101: 출처
A102: PER new guide | B102: 11.77 | C102: 2단계 보고서 자료(회사 설명회 자료·공시)
A103: PER old guide | B103: 15.09
A104: PER trailing FY26 | B104: 11.06
A105: dps fc | B105: 51
A106: div yield % | B106: 4.54
A107: PBR approx | B107: 1.08

Sheet 출처
A1: 출처 · 쓴 결산단신
A3: 공시일 | B3: 문서 | C3: PDF
A4: 2026-08-14 | B4: 2027년 3월 결산기 １분기 결산단신 | C4: https://www2.jpx.co.jp/disc/42990/140120260813519687.pdf
A5: 2026-05-13 | B5: 2026년 3월 결산기 연간 결산단신 | C5: https://www2.jpx.co.jp/disc/42990/140120260512526607.pdf
A6: 2026-01-30 | B6: 2026년 3월 결산기 ３분기 결산단신 | C6: https://www2.jpx.co.jp/disc/42990/140120260129541387.pdf
A7: 2025-10-31 | B7: 2026년 3월 결산기 ２분기 결산단신 | C7: https://www2.jpx.co.jp/disc/42990/140120251030582380.pdf
A8: 2025-07-31 | B8: 2026년 3월 결산기 １분기 결산단신 | C8: https://www2.jpx.co.jp/disc/42990/140120250730523369.pdf
A9: 2025-05-13 | B9: 2025년 3월 결산기 연간 결산단신 | C9: https://www2.jpx.co.jp/disc/42990/140120250512539969.pdf
A10: 2025-01-31 | B10: 2025년 3월 결산기 ３분기 결산단신 | C10: https://www2.jpx.co.jp/disc/42990/140120250130558817.pdf
A11: 2024-10-31 | B11: 2025년 3월 결산기 ２분기 결산단신 | C11: https://www2.jpx.co.jp/disc/42990/140120241031507275.pdf
A12: 2024-07-31 | B12: 2025년 3월 결산기 １분기 결산단신 | C12: https://www2.jpx.co.jp/disc/42990/140120240731558690.pdf
A13: 2024-05-14 | B13: 2024년 3월 결산기 연간 결산단신 | C13: https://www2.jpx.co.jp/disc/42990/140120240514595292.pdf
A14: 2024-01-31 | B14: 2024년 3월 결산기 ３분기 결산단신 | C14: https://www2.jpx.co.jp/disc/42990/140120240131522942.pdf
... A24: 2018-05-10 | B24: 연간 결산단신 | C24: https://www2.jpx.co.jp/disc/42990/140120180509431734.pdf

Sheet 재무제표 한눈에 보기
A1: 4299 재무제표 한눈에 보기 — 최근 40개 분기(달력 분기, 3Q26 = 26.7~9) · 단위 억 엔
A2: 출처: 매출·영업이익 결산단신 XBRL · 재무상태표 등 결산단신 XBRL 36건(2017-10-31~2026-08-14). 부문·지역·수주·수출은 있을 때만(출처는 줄 끝). 총 차입금 = 이자 붙는 부채 전부(단기·장기 차입금, CP, 사채·전환사채, 리스부채)
A4: 항목 | B4: 3Q16 | C4: 4Q16 | D4: 1Q17 | E4: 2Q17 | F4: 3Q17 | G4: 4Q17 | H4: 1Q18 | I4: 2Q18 | J4: 3Q18 | K4: 4Q18 | L4: 1Q19 | M4: 2Q19 | N4: 3Q19 | O4: 4Q19 | P4: 1Q20 | Q4: 2Q20 | R4: 3Q20 | S4: 4Q20 | T4: 1Q21 | U4: 2Q21 | V4: 3Q21 | W4: 4Q21 | X4: 1Q22 | Y4: 2Q22 | Z4: 3Q22 | AA4: 4Q22 | AB4: 1Q23 | AC4: 2Q23 | AD4: 3Q23 | AE4: 4Q23 | AF4: 1Q24 | AG4: 2Q24 | AH4: 3Q24 | AI4: 4Q24 | AJ4: 1Q25 | AK4: 2Q25 | AL4: 3Q25 | AM4: 4Q25 | AN4: 1Q26 | AO4: 2Q26 | AP4: 출처
A5: 매출액 | C5: 30.3 | D5: 32.6 | E5: 30.5 | F5: 34 | G5: 33.9 | H5: 36.5 | I5: 33.6 | J5: 38 | K5: 38.8 | L5: 37.9 | M5: 36.7 | N5: 40.4 | O5: 36.6 | P5: 39.7 | Q5: 37.8 | R5: 38.1 | S5: 38.3 | T5: 40.2 | U5: 37.8 | V5: 41.2 | W5: 43 | X5: 44.8 | Y5: 44.4 | Z5: 43.6 | AA5: 42.3 | AB5: 43.1 | AC5: 43.4 | AD5: 43.3 | AE5: 43.4 | AF5: 43.5 | AG5: 43.3 | AH5: 44.9 | AI5: 45.1 | AJ5: 47.4 | AK5: 44.5 | AL5: 45 | AM5: 45.2 | AN5: 47.5 | AO5: 51.2
A6: 매출액 YoY | G6: 11.9 | H6: 12 | I6: 10.2 | J6: 11.8 | K6: 14.5 | L6: 3.8 | M6: 9.2 | N6: 6.3 | O6: -5.7 | P6: 4.7 | Q6: 3 | R6: -5.7 | S6: 4.6 | T6: 1.3 | U6: 0 | V6: 8.1 | W6: 12.3 | X6: 11.4 | Y6: 17.5 | Z6: 5.8 | AA6: -1.6 | AB6: -3.8 | AC6: -2.3 | AD6: -0.7 | AE6: 2.6 | AF6: 0.9 | AG6: -0.2 | AH6: 3.7 | AI6: 3.9 | AJ6: 9 | AK6: 2.8 | AL6: 0.2 | AM6: 0.2 | AN6: 0.2 | AO6: 15.1
A7: 영업이익 | C7: 3.3 | D7: 1.8 | E7: 1.2 | F7: 2.8 | G7: 3 | H7: 2.8 | I7: 1.7 | J7: 2.5 | K7: 3.3 | L7: 2.3 | M7: 2 | N7: 1 | O7: 3.4 | P7: 3.7 | Q7: 2.9 | R7: 3.7 | S7: 3.6 | T7: 3.5 | U7: 2.9 | V7: 4.6 | W7: 5.6 | X7: 4 | Y7: 4 | Z7: 4.7 | AA7: 4.8 | AB7: 4.8 | AC7: 2.9 | AD7: 4.2 | AE7: 4.9 | AF7: 5.2 | AG7: 3 | AH7: 5 | AI7: 5.1 | AJ7: 5 | AK7: 2.4 | AL7: 4.5 | AM7: 4.5 | AN7: 4.3 | AO7: 2.3
A8: 영업이익률 | C8: 10.9 | D8: 5.5 | E8: 3.9 | F8: 8.2 | G8: 8.8 | H8: 7.7 | I8: 5.1 | J8: 6.6 | K8: 8.5 | L8: 6.1 | M8: 5.4 | N8: 2.5 | O8: 9.3 | P8: 9.3 | Q8: 7.7 | R8: 9.7 | S8: 9.4 | T8: 8.7 | U8: 7.7 | V8: 11.2 | W8: 13 | X8: 8.9 | Y8: 9 | Z8: 10.8 | AA8: 11.3 | AB8: 11.1 | AC8: 6.7 | AD8: 9.7 | AE8: 11.3 | AF8: 12 | AG8: 6.9 | AH8: 11.1 | AI8: 11.3 | AJ8: 10.5 | AK8: 5.4 | AL8: 10 | AM8: 10 | AN8: 9.1 | AO8: 4.5
A9: 영업이익 YoY | G9: -9.1 | H9: 55.6 | I9: 41.7 | J9: -10.7 | K9: 10 | L9: -17.9 | M9: 17.6 | N9: -60 | O9: 3 | P9: 60.9 | Q9: 45 | R9: 270 | S9: 5.9 | T9: -5.4 | U9: 0 | V9: 24.3 | W9: 55.6 | X9: 14.3 | Y9: 37.9 | Z9: 2.2 | AA9: -14.3 | AB9: 20 | AC9: -27.5 | AD9: -10.6 | AE9: 2.1 | AF9: 8.3 | AG9: 3.4 | AH9: 19 | AI9: 4.1 | AJ9: -3.8 | AK9: -20 | AL9: -10 | AM9: -11.8 | AN9: -14 | AO9: -4.2
A10: 유동자산 | D10: 66.8 | F10: 67.8 | G10: 67.2 | H10: 69.8 | I10: 67.5 | J10: 71.7 | K10: 71.3 | L10: 77.4 | M10: 75.8 | N10: 75.4 | O10: 74.5 | P10: 79.5 | Q10: 80.2 | R10: 84.6 | S10: 82.6 | T10: 87.9 | U10: 86.5 | V10: 94.4 | W10: 95.6 | X10: 102.9 | Y10: 101.2 | Z10: 104.8 | AA10: 104.9 | AB10: 109.9 | AC10: 107.9 | AD10: 113.7 | AE10: 110.2 | AF10: 123.7 | AG10: 120.8 | AH10: 125.5 | AI10: 126.2 | AJ10: 125.8 | AK10: 122.2 | AL10: 125.6 | AM10: 110.5 | AN10: 116.2 | AO10: 108.6
A11: 유동부채 | D11: 17.9 | F11: 17.3 | G11: 15.9 | H11: 19.3 | I11: 17.2 | J11: 19.4 | K11: 17.8 | L11: 22.4 | M11: 20.1 | N11: 19.3 | O11: 17.2 | P11: 19 | Q11: 18.5 | R11: 20.8 | S11: 19.8 | T11: 23.1 | U11: 19.1 | V11: 20.7 | W11: 20 | X11: 24.4 | Y11: 22.4 | Z11: 22.3 | AA11: 20.1 | AB11: 22.2 | AC11: 20.5 | AD11: 22.9 | AE11: 19.6 | AF11: 23.3 | AG11: 20.9 | AH11: 21.8 | AI11: 21.7 | AJ11: 24 | AK11: 21.8 | AL11: 22 | AM11: 21.2 | AN11: 23.3 | AO11: 24.4
A12: 부채총계 | D12: 21.5 | F12: 21.1 | G12: 19.7 | H12: 23.6 | I12: 21 | J12: 23.4 | K12: 21.9 | L12: 26.1 | M12: 23.8 | N12: 23 | O12: 20.9 | P12: 22.2 | Q12: 21.7 | R12: 24.1 | S12: 23.1 | T12: 26 | U12: 22 | V12: 23.7 | W12: 23.1 | X12: 27.5 | Y12: 25.5 | Z12: 25.4 | AA12: 23.3 | AB12: 25.6 | AC12: 24 | AD12: 26.3 | AE12: 23.1 | AF12: 26.6 | AG12: 24.2 | AH12: 25 | AI12: 24.9 | AJ12: 26.5 | AK12: 24.3 | AL12: 24.5 | AM12: 23.7 | AN12: 26.2 | AO12: 27.4
A13: 자기자본 | D13: 66.5 | F13: 68.4 | G13: 69.5 | H13: 70.9 | I13: 71.1 | J13: 72.8 | K13: 73.9 | L13: 76.2 | M13: 76.3 | N13: 77 | O13: 78 | P13: 80.9 | Q13: 81.5 | R13: 84.3 | S13: 83.5 | T13: 86.2 | U13: 86.6 | V13: 90.2 | W13: 91.9 | X13: 95.1 | Y13: 95.2 | Z13: 98.8 | AA13: 99.7 | AB13: 103.1 | AC13: 102.6 | AD13: 105.9 | AE13: 105.5 | AF13: 109.3 | AG13: 108.8 | AH13: 112.7 | AI13: 113.6 | AJ13: 117.8 | AK13: 116.7 | AL13: 120 | AM13: 105.9 | AN13: 109 | AO13: 108.2
A14: 유동비율 | D14: 373.2 | F14: 391.9 | G14: 422.6 | H14: 361.7 | I14: 392.4 | J14: 369.6 | K14: 400.6 | L14: 345.5 | M14: 377.1 | N14: 390.7 | O14: 433.1 | P14: 418.4 | Q14: 433.5 | R14: 406.7 | S14: 417.2 | T14: 380.5 | U14: 452.9 | V14: 456 | W14: 478 | X14: 421.7 | Y14: 451.8 | Z14: 470 | AA14: 521.9 | AB14: 495 | AC14: 526.3 | AD14: 496.5 | AE14: 562.2 | AF14: 530.9 | AG14: 578 | AH14: 575.7 | AI14: 581.6 | AJ14: 524.2 | AK14: 560.6 | AL14: 570.9 | AM14: 521.2 | AN14: 498.7 | AO14: 445.1
A15: 부채비율 | D15: 32.3 | F15: 30.8 | G15: 28.3 | H15: 33.3 | I15: 29.5 | J15: 32.1 | K15: 29.6 | L15: 34.3 | M15: 31.2 | N15: 29.9 | O15: 26.8 | P15: 27.4 | Q15: 26.6 | R15: 28.6 | S15: 27.7 | T15: 30.2 | U15: 25.4 | V15: 26.3 | W15: 25.1 | X15: 28.9 | Y15: 26.8 | Z15: 25.7 | AA15: 23.4 | AB15: 24.8 | AC15: 23.4 | AD15: 24.8 | AE15: 21.9 | AF15: 24.3 | AG15: 22.2 | AH15: 22.2 | AI15: 21.9 | AJ15: 22.5 | AK15: 20.8 | AL15: 20.4 | AM15: 22.4 | AN15: 24 | AO15: 25.3
A16: 순차입금/자기자본 | D16: -63.8 | F16: -64.3 | G16: -62.6 | H16: -65.3 | I16: -63.7 | J16: -66.6 | K16: -65.1 | L16: -73.1 | M16: -69.5 | N16: -70.6 | O16: -67.9 | P16: -71.2 | Q16: -69.6 | R16: -69.3 | S16: -69.9 | T16: -73.8 | U16: -74.1 | V16: -77.5 | W16: -74.4 | X16: -77.7 | Y16: -76.5 | Z16: -79 | AA16: -79.6 | AB16: -82.2 | AC16: -79.9 | AD16: -82.2 | AE16: -80.5 | AF16: -90.1 | AG16: -87.4 | AH16: -86.9 | AI16: -85.7 | AJ16: -80.4 | AK16: -82.4 | AL16: -82.3 | AM16: -78 | AN16: -80.9 | AO16: -72.2
A17: 재고자산 | D17: 0.7 | F17: 1.4 | G17: 1.7 | H17: 0.5 | I17: 2.1 | J17: 1 | K17: 0.8 | L17: 0.9 | M17: 2.8 | N17: 0.5 | O17: 1.1 | P17: 0.5 | Q17: 1.3 | R17: 1.1 | S17: 1.1 | T17: 0.2 | U17: 1.2 | V17: 0.4 | W17: 0.9 | X17: 0.6 | Y17: 0.9 | Z17: 0.7 | AA17: 0.7 | AB17: 0.3 | AC17: 0.5 | AD17: 1 | AE17: 0.7 | AF17: 0.2 | AG17: 0.6 | AH17: 0.7 | AI17: 1.1 | AJ17: 0.1 | AK17: 0.5 | AL17: 0.4 | AM17: 0.7 | AN17: 0.4 | AO17: 0.7
A18: 재고자산 회전일수 | D18: 2 | F18: 5 | G18: 6 | H18: 2 | I18: 7 | J18: 3 | K18: 2 | L18: 3 | M18: 9 | N18: 1 | O18: 3 | P18: 1 | Q18: 4 | R18: 3 | S18: 3 | T18: 1 | U18: 4 | V18: 1 | W18: 2 | X18: 1 | Y18: 2 | Z18: 2 | AA18: 2 | AB18: 1 | AC18: 1 | AD18: 3 | AE18: 2 | AF18: 1 | AG18: 2 | AH18: 2 | AI18: 3 | AJ18: 0 | AK18: 1 | AL18: 1 | AM18: 2 | AN18: 1 | AO18: 2
A19: 매출채권 회전일수 | D19: 58 | F19: 52 | G19: 51 | H19: 56 | I19: 52 | J19: 51 | K19: 51 | L19: 48 | M19: 47 | N19: 44 | O19: 49 | P19: 48 | Q19: 51 | R19: 58 | S19: 53 | T19: 53 | U19: 0 | V19: 0 | W19: 0 | X19: 51 | Y19: 51 | Z19: 50 | AA19: 49 | AB19: 49 | AC19: 50 | AD19: 50 | AE19: 49 | AF19: 51 | AG19: 50 | AH19: 50 | AI19: 48 | AJ19: 53 | AK19: 48 | AL19: 49 | AM19: 52 | AN19: 49 | AO19: 48
A20: 매입채무 회전일수 | D20: 16 | F20: 16 | G20: 19 | H20: 17 | I20: 20 | J20: 17 | K20: 19 | L20: 19 | M20: 21 | N20: 16 | O20: 20 | P20: 18 | Q20: 20 | R20: 19 | S20: 18 | T20: 18 | U20: 19 | V20: 18 | W20: 19 | X20: 20 | Y20: 21 | Z20: 19 | AA20: 19 | AB20: 19 | AC20: 20 | AD20: 18 | AE20: 18 | AF20: 18 | AG20: 19 | AH20: 18 | AI20: 19 | AJ20: 18 | AK20: 19 | AL20: 18 | AM20: 18 | AN20: 19 | AO20: 19
A21: 현금전환주기(CCC) | D21: 44 | F21: 41 | G21: 38 | H21: 41 | I21: 39 | J21: 37 | K21: 34 | L21: 32 | M21: 35 | N21: 29 | O21: 32 | P21: 31 | Q21: 35 | R21: 42 | S21: 38 | T21: 36 | U21: -15 | V21: -17 | W21: -17 | X21: 32 | Y21: 32 | Z21: 33 | AA21: 32 | AB21: 31 | AC21: 31 | AD21: 35 | AE21: 33 | AF21: 34 | AG21: 33 | AH21: 34 | AI21: 32 | AJ21: 35 | AK21: 30 | AL21: 32 | AM21: 36 | AN21: 31 | AO21: 31
... A23: 현금 | D23: 42.4 | F23: 44 | G23: 43.5 | H23: 46.3 | I23: 45.3 | J23: 48.5 | K23: 48.1 | L23: 55.7 | M23: 53 | N23: 54.4 | O23: 53 | P23: 57.6 | Q23: 56.7 | R23: 58.4 | S23: 58.4 | T23: 63.6 | U23: 64.2 | V23: 69.9 | W23: 68.4 | X23: 73.9 | Y23: 72.8 | Z23: 78.1 | AA23: 79.4 | AB23: 84.7 | AC23: 82 | AD23: 87 | AE23: 84.9 | AF23: 98.5 | AG23: 95.1 | AH23: 97.9 | AI23: 97.3 | AJ23: 94.7 | AK23: 96.2 | AL23: 98.8 | AM23: 82.6 | AN23: 88.2 | AO23: 78.1
