Workbook

Sheet 연간
A1: 르네사스일렉트로닉스 Model
A2: 모를 땐 보수적으로 | B2: (단위: 백만엔) | C2: 12월 결산 · IFRS · 2026.3Q = 2026년 12월 결산기 3분기 | Y2: (추정: 파란 글씨 = 직접 입력)
A3: 항목 | B3: 참고 | C3: 2023.4Q | D3: 2024.1Q | E3: 2024.2Q | F3: 2024.3Q | G3: 2024.4Q | H3: 2025.1Q | I3: 2025.2Q | J3: 2025.3Q | K3: 2025.4Q | L3: 2026.1Q | M3: 2026.2Q | N3: 2026.3Q | O3: 2016 | P3: 2017 | Q3: 2018 | R3: 2019 | S3: 2020 | T3: 2021 | U3: 2022 | V3: 2023 | W3: 2024 | X3: 2025 | Y3: 2026(MW) | Z3: 2027(MW) | AA3: 2028(MW) | AB3: 2029(MW) | AC3: 2030(MW)
A4: 매출액 | B4: MW = 제품 합계 | C4: 361933 | D4: 351790 | E4: 358807 | F4: 345282 | G4: 292600 | H4: 308777 | I4: 325534 | J4: 335364 | K4: 351537 | L4: 380293 | M4: 418449 | N4: 435917 | P4: 780261 | Q4: 756503 | R4: 718243 | S4: 715673 | T4: 993908 | U4: 1500853 | V4: 1469415 | W4: 1348479 | X4: 1321212 | Y4: =IF(COUNT(Y7,Y10,Y13,Y16,Y19)=0,"",SUM(Y7,Y10,Y13,Y16,Y19)) | Z4: =IF(COUNT(Z7,Z10,Z13,Z16,Z19)=0,"",SUM(Z7,Z10,Z13,Z16,Z19)) | AA4: =IF(COUNT(AA7,AA10,AA13,AA16,AA19)=0,"",SUM(AA7,AA10,AA13,AA16,AA19)) | AB4: =IF(COUNT(AB7,AB10,AB13,AB16,AB19)=0,"",SUM(AB7,AB10,AB13,AB16,AB19)) | AC4: =IF(COUNT(AC7,AC10,AC13,AC16,AC19)=0,"",SUM(AC7,AC10,AC13,AC16,AC19))
A5: YoY | G5: =IF(OR(G4="",C4=""),"",IFERROR(G4/C4-1,"")) | H5: =IF(OR(H4="",D4=""),"",IFERROR(H4/D4-1,"")) | I5: =IF(OR(I4="",E4=""),"",IFERROR(I4/E4-1,"")) | J5: =IF(OR(J4="",F4=""),"",IFERROR(J4/F4-1,"")) | K5: =IF(OR(K4="",G4=""),"",IFERROR(K4/G4-1,"")) | L5: =IF(OR(L4="",H4=""),"",IFERROR(L4/H4-1,"")) | M5: =IF(OR(M4="",I4=""),"",IFERROR(M4/I4-1,"")) | N5: =IF(OR(N4="",J4=""),"",IFERROR(N4/J4-1,"")) | P5: =IF(OR(P4="",O4=""),"",IFERROR(P4/O4-1,"")) | Q5: =IF(OR(Q4="",P4=""),"",IFERROR(Q4/P4-1,"")) | R5: =IF(OR(R4="",Q4=""),"",IFERROR(R4/Q4-1,"")) | S5: =IF(OR(S4="",R4=""),"",IFERROR(S4/R4-1,"")) | T5: =IF(OR(T4="",S4=""),"",IFERROR(T4/S4-1,"")) | U5: =IF(OR(U4="",T4=""),"",IFERROR(U4/T4-1,"")) | V5: =IF(OR(V4="",U4=""),"",IFERROR(V4/U4-1,"")) | W5: =IF(OR(W4="",V4=""),"",IFERROR(W4/V4-1,"")) | ... AC5: =IF(OR(AC4="",AB4=""),"",IFERROR(AC4/AB4-1,""))
A6: 제품별 매출 분류 | B6: 사업보고서 매출실적
A7: AutomotiveReportableSegmentMember | C7: 171962 | D7: 178154 | E7: 190404 | F7: 185464 | G7: 148790 | H7: 155297 | I7: 161009 | J7: 158791 | K7: 164593 | L7: 171749 | M7: 186930 | N7: 189474 | V7: 660409 | W7: 702812 | X7: 639690
A8: 비중 | C8: =IF(OR(C7="",C4=""),"",IFERROR(C7/C4,"")) | D8: =IF(OR(D7="",D4=""),"",IFERROR(D7/D4,"")) | E8: =IF(OR(E7="",E4=""),"",IFERROR(E7/E4,"")) | F8: =IF(OR(F7="",F4=""),"",IFERROR(F7/F4,"")) | G8: =IF(OR(G7="",G4=""),"",IFERROR(G7/G4,"")) | H8: =IF(OR(H7="",H4=""),"",IFERROR(H7/H4,"")) | I8: =IF(OR(I7="",I4=""),"",IFERROR(I7/I4,"")) | J8: =IF(OR(J7="",J4=""),"",IFERROR(J7/J4,"")) | ... AC8: =IF(OR(AC7="",AC4=""),"",IFERROR(AC7/AC4,""))
A9: YoY | G9: =IF(OR(G7="",C7=""),"",IFERROR(G7/C7-1,"")) | H9: =IF(OR(H7="",D7=""),"",IFERROR(H7/D7-1,"")) | I9: =IF(OR(I7="",E7=""),"",IFERROR(I7/E7-1,"")) | J9: =IF(OR(J7="",F7=""),"",IFERROR(J7/F7-1,"")) | K9: =IF(OR(K7="",G7=""),"",IFERROR(K7/G7-1,"")) | L9: =IF(OR(L7="",H7=""),"",IFERROR(L7/H7-1,"")) | M9: =IF(OR(M7="",I7=""),"",IFERROR(M7/I7-1,"")) | N9: =IF(OR(N7="",J7=""),"",IFERROR(N7/J7-1,"")) | P9: =IF(OR(P7="",O7=""),"",IFERROR(P7/O7-1,"")) | Q9: =IF(OR(Q7="",P7=""),"",IFERROR(Q7/P7-1,"")) | R9: =IF(OR(R7="",Q7=""),"",IFERROR(R7/Q7-1,"")) | S9: =IF(OR(S7="",R7=""),"",IFERROR(S7/R7-1,"")) | T9: =IF(OR(T7="",S7=""),"",IFERROR(T7/S7-1,"")) | U9: =IF(OR(U7="",T7=""),"",IFERROR(U7/T7-1,"")) | V9: =IF(OR(V7="",U7=""),"",IFERROR(V7/U7-1,"")) | W9: =IF(OR(W7="",V7=""),"",IFERROR(W7/V7-1,"")) | ... AC9: =IF(OR(AC7="",AB7=""),"",IFERROR(AC7/AB7-1,""))
A10: IndustrialInfrastructureIoTReportableSegmentMember | C10: 187797 | D10: 171575 | E10: 166193 | F10: 158198 | G10: 140794 | H10: 150776 | I10: 147607 | J10: 166529 | K10: 206848 | L10: 198964 | M10: 213242 | N10: 243804 | V10: 799338 | W10: 636760 | X10: 671760
A11: 비중 | C11: =IF(OR(C10="",C4=""),"",IFERROR(C10/C4,"")) | D11: =IF(OR(D10="",D4=""),"",IFERROR(D10/D4,"")) | E11: =IF(OR(E10="",E4=""),"",IFERROR(E10/E4,"")) | F11: =IF(OR(F10="",F4=""),"",IFERROR(F10/F4,"")) | G11: =IF(OR(G10="",G4=""),"",IFERROR(G10/G4,"")) | H11: =IF(OR(H10="",H4=""),"",IFERROR(H10/H4,"")) | I11: =IF(OR(I10="",I4=""),"",IFERROR(I10/I4,"")) | J11: =IF(OR(J10="",J4=""),"",IFERROR(J10/J4,"")) | ... AC11: =IF(OR(AC10="",AC4=""),"",IFERROR(AC10/AC4,""))
A12: YoY | G12: =IF(OR(G10="",C10=""),"",IFERROR(G10/C10-1,"")) | H12: =IF(OR(H10="",D10=""),"",IFERROR(H10/D10-1,"")) | I12: =IF(OR(I10="",E10=""),"",IFERROR(I10/E10-1,"")) | J12: =IF(OR(J10="",F10=""),"",IFERROR(J10/F10-1,"")) | K12: =IF(OR(K10="",G10=""),"",IFERROR(K10/G10-1,"")) | L12: =IF(OR(L10="",H10=""),"",IFERROR(L10/H10-1,"")) | M12: =IF(OR(M10="",I10=""),"",IFERROR(M10/I10-1,"")) | N12: =IF(OR(N10="",J10=""),"",IFERROR(N10/J10-1,"")) | P12: =IF(OR(P10="",O10=""),"",IFERROR(P10/O10-1,"")) | Q12: =IF(OR(Q10="",P10=""),"",IFERROR(Q10/P10-1,"")) | R12: =IF(OR(R10="",Q10=""),"",IFERROR(R10/Q10-1,"")) | S12: =IF(OR(S10="",R10=""),"",IFERROR(S10/R10-1,"")) | T12: =IF(OR(T10="",S10=""),"",IFERROR(T10/S10-1,"")) | U12: =IF(OR(U10="",T10=""),"",IFERROR(U10/T10-1,"")) | V12: =IF(OR(V10="",U10=""),"",IFERROR(V10/U10-1,"")) | W12: =IF(OR(W10="",V10=""),"",IFERROR(W10/V10-1,"")) | ... AC12: =IF(OR(AC10="",AB10=""),"",IFERROR(AC10/AB10-1,""))
A13: 기타 | C13: 2174 | D13: 2061 | E13: 2210 | F13: 1620 | G13: 3016 | H13: 2704 | I13: 16021 | J13: 8881 | K13: -20574 | L13: 9181 | M13: 18277 | N13: 1890 | V13: 9960 | W13: 8907 | X13: 7032
A14: 비중 | C14: =IF(OR(C13="",C4=""),"",IFERROR(C13/C4,"")) | D14: =IF(OR(D13="",D4=""),"",IFERROR(D13/D4,"")) | E14: =IF(OR(E13="",E4=""),"",IFERROR(E13/E4,"")) | F14: =IF(OR(F13="",F4=""),"",IFERROR(F13/F4,"")) | G14: =IF(OR(G13="",G4=""),"",IFERROR(G13/G4,"")) | H14: =IF(OR(H13="",H4=""),"",IFERROR(H13/H4,"")) | I14: =IF(OR(I13="",I4=""),"",IFERROR(I13/I4,"")) | J14: =IF(OR(J13="",J4=""),"",IFERROR(J13/J4,"")) | ... AC14: =IF(OR(AC13="",AC4=""),"",IFERROR(AC13/AC4,""))
A15: YoY | G15: =IF(OR(G13="",C13=""),"",IFERROR(G13/C13-1,"")) | H15: =IF(OR(H13="",D13=""),"",IFERROR(H13/D13-1,"")) | I15: =IF(OR(I13="",E13=""),"",IFERROR(I13/E13-1,"")) | J15: =IF(OR(J13="",F13=""),"",IFERROR(J13/F13-1,"")) | K15: =IF(OR(K13="",G13=""),"",IFERROR(K13/G13-1,"")) | L15: =IF(OR(L13="",H13=""),"",IFERROR(L13/H13-1,"")) | M15: =IF(OR(M13="",I13=""),"",IFERROR(M13/I13-1,"")) | N15: =IF(OR(N13="",J13=""),"",IFERROR(N13/J13-1,"")) | P15: =IF(OR(P13="",O13=""),"",IFERROR(P13/O13-1,"")) | Q15: =IF(OR(Q13="",P13=""),"",IFERROR(Q13/P13-1,"")) | R15: =IF(OR(R13="",Q13=""),"",IFERROR(R13/Q13-1,"")) | S15: =IF(OR(S13="",R13=""),"",IFERROR(S13/R13-1,"")) | T15: =IF(OR(T13="",S13=""),"",IFERROR(T13/S13-1,"")) | U15: =IF(OR(U13="",T13=""),"",IFERROR(U13/T13-1,"")) | V15: =IF(OR(V13="",U13=""),"",IFERROR(V13/U13-1,"")) | W15: =IF(OR(W13="",V13=""),"",IFERROR(W13/V13-1,"")) | ... AC15: =IF(OR(AC13="",AB13=""),"",IFERROR(AC13/AB13-1,""))
A16: AdjustmentMember | C16: 0 | D16: 0 | E16: 0 | F16: 0 | G16: 0 | H16: 0 | I16: 0 | J16: 0 | K16: 0 | L16: -7552 | M16: -13178 | N16: 0 | V16: 0 | W16: 0 | X16: 0
A17: 비중 | C17: =IF(OR(C16="",C4=""),"",IFERROR(C16/C4,"")) | D17: =IF(OR(D16="",D4=""),"",IFERROR(D16/D4,"")) | E17: =IF(OR(E16="",E4=""),"",IFERROR(E16/E4,"")) | F17: =IF(OR(F16="",F4=""),"",IFERROR(F16/F4,"")) | G17: =IF(OR(G16="",G4=""),"",IFERROR(G16/G4,"")) | H17: =IF(OR(H16="",H4=""),"",IFERROR(H16/H4,"")) | I17: =IF(OR(I16="",I4=""),"",IFERROR(I16/I4,"")) | J17: =IF(OR(J16="",J4=""),"",IFERROR(J16/J4,"")) | ... AC17: =IF(OR(AC16="",AC4=""),"",IFERROR(AC16/AC4,""))
A18: YoY | G18: =IF(OR(G16="",C16=""),"",IFERROR(G16/C16-1,"")) | H18: =IF(OR(H16="",D16=""),"",IFERROR(H16/D16-1,"")) | I18: =IF(OR(I16="",E16=""),"",IFERROR(I16/E16-1,"")) | J18: =IF(OR(J16="",F16=""),"",IFERROR(J16/F16-1,"")) | K18: =IF(OR(K16="",G16=""),"",IFERROR(K16/G16-1,"")) | L18: =IF(OR(L16="",H16=""),"",IFERROR(L16/H16-1,"")) | M18: =IF(OR(M16="",I16=""),"",IFERROR(M16/I16-1,"")) | N18: =IF(OR(N16="",J16=""),"",IFERROR(N16/J16-1,"")) | P18: =IF(OR(P16="",O16=""),"",IFERROR(P16/O16-1,"")) | Q18: =IF(OR(Q16="",P16=""),"",IFERROR(Q16/P16-1,"")) | R18: =IF(OR(R16="",Q16=""),"",IFERROR(R16/Q16-1,"")) | S18: =IF(OR(S16="",R16=""),"",IFERROR(S16/R16-1,"")) | T18: =IF(OR(T16="",S16=""),"",IFERROR(T16/S16-1,"")) | U18: =IF(OR(U16="",T16=""),"",IFERROR(U16/T16-1,"")) | V18: =IF(OR(V16="",U16=""),"",IFERROR(V16/U16-1,"")) | W18: =IF(OR(W16="",V16=""),"",IFERROR(W16/V16-1,"")) | ... AC18: =IF(OR(AC16="",AB16=""),"",IFERROR(AC16/AB16-1,""))
A19: EntityTotalMember | H19: 308777 | L19: 380293
A20: 비중 | C20: =IF(OR(C19="",C4=""),"",IFERROR(C19/C4,"")) | D20: =IF(OR(D19="",D4=""),"",IFERROR(D19/D4,"")) | E20: =IF(OR(E19="",E4=""),"",IFERROR(E19/E4,"")) | F20: =IF(OR(F19="",F4=""),"",IFERROR(F19/F4,"")) | G20: =IF(OR(G19="",G4=""),"",IFERROR(G19/G4,"")) | H20: =IF(OR(H19="",H4=""),"",IFERROR(H19/H4,"")) | I20: =IF(OR(I19="",I4=""),"",IFERROR(I19/I4,"")) | J20: =IF(OR(J19="",J4=""),"",IFERROR(J19/J4,"")) | ... AC20: =IF(OR(AC19="",AC4=""),"",IFERROR(AC19/AC4,""))
A21: YoY | G21: =IF(OR(G19="",C19=""),"",IFERROR(G19/C19-1,"")) | H21: =IF(OR(H19="",D19=""),"",IFERROR(H19/D19-1,"")) | I21: =IF(OR(I19="",E19=""),"",IFERROR(I19/E19-1,"")) | J21: =IF(OR(J19="",F19=""),"",IFERROR(J19/F19-1,"")) | K21: =IF(OR(K19="",G19=""),"",IFERROR(K19/G19-1,"")) | L21: =IF(OR(L19="",H19=""),"",IFERROR(L19/H19-1,"")) | M21: =IF(OR(M19="",I19=""),"",IFERROR(M19/I19-1,"")) | N21: =IF(OR(N19="",J19=""),"",IFERROR(N19/J19-1,"")) | P21: =IF(OR(P19="",O19=""),"",IFERROR(P19/O19-1,"")) | Q21: =IF(OR(Q19="",P19=""),"",IFERROR(Q19/P19-1,"")) | R21: =IF(OR(R19="",Q19=""),"",IFERROR(R19/Q19-1,"")) | S21: =IF(OR(S19="",R19=""),"",IFERROR(S19/R19-1,"")) | T21: =IF(OR(T19="",S19=""),"",IFERROR(T19/S19-1,"")) | U21: =IF(OR(U19="",T19=""),"",IFERROR(U19/T19-1,"")) | V21: =IF(OR(V19="",U19=""),"",IFERROR(V19/U19-1,"")) | W21: =IF(OR(W19="",V19=""),"",IFERROR(W19/V19-1,"")) | ... AC21: =IF(OR(AC19="",AB19=""),"",IFERROR(AC19/AB19-1,""))
A22: 매출원가
A23: 전체 매출원가 | C23: 158436 | D23: 154327 | E23: 157876 | F23: 153120 | G23: 133360 | H23: 135915 | I23: 144192 | J23: 143099 | K23: 144214 | L23: 156994 | M23: 173337 | N23: 178857 | P23: 427463 | Q23: 424066 | R23: 423451 | S23: 379984 | T23: 497780 | U23: 646864 | V23: 635087 | W23: 598683 | X23: 567420
A24: YoY | G24: =IF(OR(G23="",C23=""),"",IF(C23<=0,"",IFERROR(G23/C23-1,""))) | H24: =IF(OR(H23="",D23=""),"",IF(D23<=0,"",IFERROR(H23/D23-1,""))) | I24: =IF(OR(I23="",E23=""),"",IF(E23<=0,"",IFERROR(I23/E23-1,""))) | J24: =IF(OR(J23="",F23=""),"",IF(F23<=0,"",IFERROR(J23/F23-1,""))) | K24: =IF(OR(K23="",G23=""),"",IF(G23<=0,"",IFERROR(K23/G23-1,""))) | L24: =IF(OR(L23="",H23=""),"",IF(H23<=0,"",IFERROR(L23/H23-1,""))) | M24: =IF(OR(M23="",I23=""),"",IF(I23<=0,"",IFERROR(M23/I23-1,""))) | N24: =IF(OR(N23="",J23=""),"",IF(J23<=0,"",IFERROR(N23/J23-1,""))) | P24: =IF(OR(P23="",O23=""),"",IF(O23<=0,"",IFERROR(P23/O23-1,""))) | Q24: =IF(OR(Q23="",P23=""),"",IF(P23<=0,"",IFERROR(Q23/P23-1,""))) | R24: =IF(OR(R23="",Q23=""),"",IF(Q23<=0,"",IFERROR(R23/Q23-1,""))) | S24: =IF(OR(S23="",R23=""),"",IF(R23<=0,"",IFERROR(S23/R23-1,""))) | T24: =IF(OR(T23="",S23=""),"",IF(S23<=0,"",IFERROR(T23/S23-1,""))) | U24: =IF(OR(U23="",T23=""),"",IF(T23<=0,"",IFERROR(U23/T23-1,""))) | V24: =IF(OR(V23="",U23=""),"",IF(U23<=0,"",IFERROR(V23/U23-1,""))) | W24: =IF(OR(W23="",V23=""),"",IF(V23<=0,"",IFERROR(W23/V23-1,""))) | ... AC24: =IF(OR(AC23="",AB23=""),"",IF(AB23<=0,"",IFERROR(AC23/AB23-1,"")))
A25: 매출총이익 | C25: =IF(OR(C4="",C23=""),"",IFERROR(C4-C23,"")) | D25: =IF(OR(D4="",D23=""),"",IFERROR(D4-D23,"")) | E25: =IF(OR(E4="",E23=""),"",IFERROR(E4-E23,"")) | F25: =IF(OR(F4="",F23=""),"",IFERROR(F4-F23,"")) | G25: =IF(OR(G4="",G23=""),"",IFERROR(G4-G23,"")) | H25: =IF(OR(H4="",H23=""),"",IFERROR(H4-H23,"")) | I25: =IF(OR(I4="",I23=""),"",IFERROR(I4-I23,"")) | J25: =IF(OR(J4="",J23=""),"",IFERROR(J4-J23,"")) | ... X25: =IF(OR(X4="",X23=""),"",IFERROR(X4-X23,""))
A26: GPM | C26: =IF(OR(C25="",C4=""),"",IFERROR(C25/C4,"")) | D26: =IF(OR(D25="",D4=""),"",IFERROR(D25/D4,"")) | E26: =IF(OR(E25="",E4=""),"",IFERROR(E25/E4,"")) | F26: =IF(OR(F25="",F4=""),"",IFERROR(F25/F4,"")) | G26: =IF(OR(G25="",G4=""),"",IFERROR(G25/G4,"")) | H26: =IF(OR(H25="",H4=""),"",IFERROR(H25/H4,"")) | I26: =IF(OR(I25="",I4=""),"",IFERROR(I25/I4,"")) | J26: =IF(OR(J25="",J4=""),"",IFERROR(J25/J4,"")) | ... AC26: =IF(OR(AC25="",AC4=""),"",IFERROR(AC25/AC4,""))
A27: YoY | G27: =IF(OR(G25="",C25=""),"",IF(C25<=0,"",IFERROR(G25/C25-1,""))) | H27: =IF(OR(H25="",D25=""),"",IF(D25<=0,"",IFERROR(H25/D25-1,""))) | I27: =IF(OR(I25="",E25=""),"",IF(E25<=0,"",IFERROR(I25/E25-1,""))) | J27: =IF(OR(J25="",F25=""),"",IF(F25<=0,"",IFERROR(J25/F25-1,""))) | K27: =IF(OR(K25="",G25=""),"",IF(G25<=0,"",IFERROR(K25/G25-1,""))) | L27: =IF(OR(L25="",H25=""),"",IF(H25<=0,"",IFERROR(L25/H25-1,""))) | M27: =IF(OR(M25="",I25=""),"",IF(I25<=0,"",IFERROR(M25/I25-1,""))) | N27: =IF(OR(N25="",J25=""),"",IF(J25<=0,"",IFERROR(N25/J25-1,""))) | P27: =IF(OR(P25="",O25=""),"",IF(O25<=0,"",IFERROR(P25/O25-1,""))) | Q27: =IF(OR(Q25="",P25=""),"",IF(P25<=0,"",IFERROR(Q25/P25-1,""))) | R27: =IF(OR(R25="",Q25=""),"",IF(Q25<=0,"",IFERROR(R25/Q25-1,""))) | S27: =IF(OR(S25="",R25=""),"",IF(R25<=0,"",IFERROR(S25/R25-1,""))) | T27: =IF(OR(T25="",S25=""),"",IF(S25<=0,"",IFERROR(T25/S25-1,""))) | U27: =IF(OR(U25="",T25=""),"",IF(T25<=0,"",IFERROR(U25/T25-1,""))) | V27: =IF(OR(V25="",U25=""),"",IF(U25<=0,"",IFERROR(V25/U25-1,""))) | W27: =IF(OR(W25="",V25=""),"",IF(V25<=0,"",IFERROR(W25/V25-1,""))) | ... AC27: =IF(OR(AC25="",AB25=""),"",IF(AB25<=0,"",IFERROR(AC25/AB25-1,"")))
A28: 판매관리비
A29: 전체 판관비 | C29: 123159 | D29: 119869 | E29: 131171 | F29: 137385 | G29: 139050 | H29: 135318 | I29: 128369 | J29: 123403 | K29: 134159 | L29: 131834 | M29: 140223 | N29: 140121 | P29: 274398 | Q29: 251021 | R29: 273454 | S29: 266268 | T29: 317199 | U29: 426878 | V29: 466020 | W29: 527475 | X29: 521249
A30: YoY | G30: =IF(OR(G29="",C29=""),"",IF(C29<=0,"",IFERROR(G29/C29-1,""))) | H30: =IF(OR(H29="",D29=""),"",IF(D29<=0,"",IFERROR(H29/D29-1,""))) | I30: =IF(OR(I29="",E29=""),"",IF(E29<=0,"",IFERROR(I29/E29-1,""))) | J30: =IF(OR(J29="",F29=""),"",IF(F29<=0,"",IFERROR(J29/F29-1,""))) | K30: =IF(OR(K29="",G29=""),"",IF(G29<=0,"",IFERROR(K29/G29-1,""))) | L30: =IF(OR(L29="",H29=""),"",IF(H29<=0,"",IFERROR(L29/H29-1,""))) | M30: =IF(OR(M29="",I29=""),"",IF(I29<=0,"",IFERROR(M29/I29-1,""))) | N30: =IF(OR(N29="",J29=""),"",IF(J29<=0,"",IFERROR(N29/J29-1,""))) | P30: =IF(OR(P29="",O29=""),"",IF(O29<=0,"",IFERROR(P29/O29-1,""))) | Q30: =IF(OR(Q29="",P29=""),"",IF(P29<=0,"",IFERROR(Q29/P29-1,""))) | R30: =IF(OR(R29="",Q29=""),"",IF(Q29<=0,"",IFERROR(R29/Q29-1,""))) | S30: =IF(OR(S29="",R29=""),"",IF(R29<=0,"",IFERROR(S29/R29-1,""))) | T30: =IF(OR(T29="",S29=""),"",IF(S29<=0,"",IFERROR(T29/S29-1,""))) | U30: =IF(OR(U29="",T29=""),"",IF(T29<=0,"",IFERROR(U29/T29-1,""))) | V30: =IF(OR(V29="",U29=""),"",IF(U29<=0,"",IFERROR(V29/U29-1,""))) | W30: =IF(OR(W29="",V29=""),"",IF(V29<=0,"",IFERROR(W29/V29-1,""))) | ... AC30: =IF(OR(AC29="",AB29=""),"",IF(AB29<=0,"",IFERROR(AC29/AB29-1,"")))
A31: 영업이익 | B31: MW = 매출 × OPM | C31: 72364 | D31: 77836 | E31: 69672 | F31: 53383 | G31: 22086 | H31: 21525 | I31: 39776 | J31: 72620 | K31: 67245 | L31: 90564 | M31: 102116 | N31: 565311 | P31: 78400 | Q31: 68196 | R31: 6263 | S31: 65142 | T31: 173827 | U31: 424153 | V31: 390766 | W31: 222977 | X31: 201166 | Y31: =IF(OR(Y4="",Y32=""),"",IFERROR(Y4*Y32,"")) | Z31: =IF(OR(Z4="",Z32=""),"",IFERROR(Z4*Z32,"")) | AA31: =IF(OR(AA4="",AA32=""),"",IFERROR(AA4*AA32,"")) | AB31: =IF(OR(AB4="",AB32=""),"",IFERROR(AB4*AB32,"")) | AC31: =IF(OR(AC4="",AC32=""),"",IFERROR(AC4*AC32,""))
A32: OPM | B32: MW 입력 | C32: =IF(OR(C31="",C4=""),"",IFERROR(C31/C4,"")) | D32: =IF(OR(D31="",D4=""),"",IFERROR(D31/D4,"")) | E32: =IF(OR(E31="",E4=""),"",IFERROR(E31/E4,"")) | F32: =IF(OR(F31="",F4=""),"",IFERROR(F31/F4,"")) | G32: =IF(OR(G31="",G4=""),"",IFERROR(G31/G4,"")) | H32: =IF(OR(H31="",H4=""),"",IFERROR(H31/H4,"")) | I32: =IF(OR(I31="",I4=""),"",IFERROR(I31/I4,"")) | J32: =IF(OR(J31="",J4=""),"",IFERROR(J31/J4,"")) | ... X32: =IF(OR(X31="",X4=""),"",IFERROR(X31/X4,""))
A33: 증가율 | G33: =IF(OR(G31="",C31=""),"",IFERROR(G31/C31-1,"")) | H33: =IF(OR(H31="",D31=""),"",IFERROR(H31/D31-1,"")) | I33: =IF(OR(I31="",E31=""),"",IFERROR(I31/E31-1,"")) | J33: =IF(OR(J31="",F31=""),"",IFERROR(J31/F31-1,"")) | K33: =IF(OR(K31="",G31=""),"",IFERROR(K31/G31-1,"")) | L33: =IF(OR(L31="",H31=""),"",IFERROR(L31/H31-1,"")) | M33: =IF(OR(M31="",I31=""),"",IFERROR(M31/I31-1,"")) | N33: =IF(OR(N31="",J31=""),"",IFERROR(N31/J31-1,"")) | P33: =IF(OR(P31="",O31=""),"",IFERROR(P31/O31-1,"")) | Q33: =IF(OR(Q31="",P31=""),"",IFERROR(Q31/P31-1,"")) | R33: =IF(OR(R31="",Q31=""),"",IFERROR(R31/Q31-1,"")) | S33: =IF(OR(S31="",R31=""),"",IFERROR(S31/R31-1,"")) | T33: =IF(OR(T31="",S31=""),"",IFERROR(T31/S31-1,"")) | U33: =IF(OR(U31="",T31=""),"",IFERROR(U31/T31-1,"")) | V33: =IF(OR(V31="",U31=""),"",IFERROR(V31/U31-1,"")) | W33: =IF(OR(W31="",V31=""),"",IFERROR(W31/V31-1,"")) | ... AC33: =IF(OR(AC31="",AB31=""),"",IFERROR(AC31/AB31-1,""))
A34: 비용의 성격별 분류 | B34: 참고 데이터
A35: 총 판관비 | O35: =IF(O29="","",O29) | P35: =IF(P29="","",P29) | Q35: =IF(Q29="","",Q29) | R35: =IF(R29="","",R29) | S35: =IF(S29="","",S29) | T35: =IF(T29="","",T29) | U35: =IF(U29="","",U29) | V35: =IF(V29="","",V29) | ... X35: =IF(X29="","",X29)
A36: 급여 | B36: 고정비
A37: % of Sales | O37: =IF(OR(O36="",O4=""),"",IFERROR(O36/O4,"")) | P37: =IF(OR(P36="",P4=""),"",IFERROR(P36/P4,"")) | Q37: =IF(OR(Q36="",Q4=""),"",IFERROR(Q36/Q4,"")) | R37: =IF(OR(R36="",R4=""),"",IFERROR(R36/R4,"")) | S37: =IF(OR(S36="",S4=""),"",IFERROR(S36/S4,"")) | T37: =IF(OR(T36="",T4=""),"",IFERROR(T36/T4,"")) | U37: =IF(OR(U36="",U4=""),"",IFERROR(U36/U4,"")) | V37: =IF(OR(V36="",V4=""),"",IFERROR(V36/V4,"")) | ... X37: =IF(OR(X36="",X4=""),"",IFERROR(X36/X4,""))
A38: 감가상각비 | B38: 고정비
A39: % of Sales | O39: =IF(OR(O38="",O4=""),"",IFERROR(O38/O4,"")) | P39: =IF(OR(P38="",P4=""),"",IFERROR(P38/P4,"")) | Q39: =IF(OR(Q38="",Q4=""),"",IFERROR(Q38/Q4,"")) | R39: =IF(OR(R38="",R4=""),"",IFERROR(R38/R4,"")) | S39: =IF(OR(S38="",S4=""),"",IFERROR(S38/S4,"")) | T39: =IF(OR(T38="",T4=""),"",IFERROR(T38/T4,"")) | U39: =IF(OR(U38="",U4=""),"",IFERROR(U38/U4,"")) | V39: =IF(OR(V38="",V4=""),"",IFERROR(V38/V4,"")) | ... X39: =IF(OR(X38="",X4=""),"",IFERROR(X38/X4,""))
A40: 지급수수료 | B40: 고정비
A41: % of Sales | O41: =IF(OR(O40="",O4=""),"",IFERROR(O40/O4,"")) | P41: =IF(OR(P40="",P4=""),"",IFERROR(P40/P4,"")) | Q41: =IF(OR(Q40="",Q4=""),"",IFERROR(Q40/Q4,"")) | R41: =IF(OR(R40="",R4=""),"",IFERROR(R40/R4,"")) | S41: =IF(OR(S40="",S4=""),"",IFERROR(S40/S4,"")) | T41: =IF(OR(T40="",T4=""),"",IFERROR(T40/T4,"")) | U41: =IF(OR(U40="",U4=""),"",IFERROR(U40/U4,"")) | V41: =IF(OR(V40="",V4=""),"",IFERROR(V40/V4,"")) | ... X41: =IF(OR(X40="",X4=""),"",IFERROR(X40/X4,""))
A42: 연구개발비 | B42: 변동비
A43: % of Sales | O43: =IF(OR(O42="",O4=""),"",IFERROR(O42/O4,"")) | P43: =IF(OR(P42="",P4=""),"",IFERROR(P42/P4,"")) | Q43: =IF(OR(Q42="",Q4=""),"",IFERROR(Q42/Q4,"")) | R43: =IF(OR(R42="",R4=""),"",IFERROR(R42/R4,"")) | S43: =IF(OR(S42="",S4=""),"",IFERROR(S42/S4,"")) | T43: =IF(OR(T42="",T4=""),"",IFERROR(T42/T4,"")) | U43: =IF(OR(U42="",U4=""),"",IFERROR(U42/U4,"")) | V43: =IF(OR(V42="",V4=""),"",IFERROR(V42/V4,"")) | ... X43: =IF(OR(X42="",X4=""),"",IFERROR(X42/X4,""))
A44: 기타비용 | B44: 변동비 | O44: =IF(OR(O35="",O36="",O38="",O40="",O42=""),"",IFERROR(O35-O36-O38-O40-O42,"")) | P44: =IF(OR(P35="",P36="",P38="",P40="",P42=""),"",IFERROR(P35-P36-P38-P40-P42,"")) | Q44: =IF(OR(Q35="",Q36="",Q38="",Q40="",Q42=""),"",IFERROR(Q35-Q36-Q38-Q40-Q42,"")) | R44: =IF(OR(R35="",R36="",R38="",R40="",R42=""),"",IFERROR(R35-R36-R38-R40-R42,"")) | S44: =IF(OR(S35="",S36="",S38="",S40="",S42=""),"",IFERROR(S35-S36-S38-S40-S42,"")) | T44: =IF(OR(T35="",T36="",T38="",T40="",T42=""),"",IFERROR(T35-T36-T38-T40-T42,"")) | U44: =IF(OR(U35="",U36="",U38="",U40="",U42=""),"",IFERROR(U35-U36-U38-U40-U42,"")) | V44: =IF(OR(V35="",V36="",V38="",V40="",V42=""),"",IFERROR(V35-V36-V38-V40-V42,"")) | ... X44: =IF(OR(X35="",X36="",X38="",X40="",X42=""),"",IFERROR(X35-X36-X38-X40-X42,""))
A45: % of Sales | O45: =IF(OR(O44="",O4=""),"",IFERROR(O44/O4,"")) | P45: =IF(OR(P44="",P4=""),"",IFERROR(P44/P4,"")) | Q45: =IF(OR(Q44="",Q4=""),"",IFERROR(Q44/Q4,"")) | R45: =IF(OR(R44="",R4=""),"",IFERROR(R44/R4,"")) | S45: =IF(OR(S44="",S4=""),"",IFERROR(S44/S4,"")) | T45: =IF(OR(T44="",T4=""),"",IFERROR(T44/T4,"")) | U45: =IF(OR(U44="",U4=""),"",IFERROR(U44/U4,"")) | V45: =IF(OR(V44="",V4=""),"",IFERROR(V44/V4,"")) | ... X45: =IF(OR(X44="",X4=""),"",IFERROR(X44/X4,""))
A46: 당기순이익 추정
A47: 기타이익 | C47: 1788 | D47: 2524 | E47: 5751 | F47: 1248 | G47: 10438 | H47: 551 | I47: 1732 | J47: 3684 | K47: 277 | L47: 3491 | M47: 668 | N47: 451330 | P47: 15369 | Q47: 8953 | R47: 2302 | S47: 4036 | T47: 8031 | U47: 17677 | V47: 38404 | W47: 19961 | X47: 6244 | Y47: =IF(OR(Y4="",Y48=""),"",IFERROR(Y4*Y48,"")) | Z47: =IF(OR(Z4="",Z48=""),"",IFERROR(Z4*Z48,"")) | AA47: =IF(OR(AA4="",AA48=""),"",IFERROR(AA4*AA48,"")) | AB47: =IF(OR(AB4="",AB48=""),"",IFERROR(AB4*AB48,"")) | AC47: =IF(OR(AC4="",AC48=""),"",IFERROR(AC4*AC48,""))
A48: % of Sales | B48: MW = 최근 3년 평균 | C48: =IF(OR(C47="",C4=""),"",IFERROR(C47/C4,"")) | D48: =IF(OR(D47="",D4=""),"",IFERROR(D47/D4,"")) | E48: =IF(OR(E47="",E4=""),"",IFERROR(E47/E4,"")) | F48: =IF(OR(F47="",F4=""),"",IFERROR(F47/F4,"")) | G48: =IF(OR(G47="",G4=""),"",IFERROR(G47/G4,"")) | H48: =IF(OR(H47="",H4=""),"",IFERROR(H47/H4,"")) | I48: =IF(OR(I47="",I4=""),"",IFERROR(I47/I4,"")) | J48: =IF(OR(J47="",J4=""),"",IFERROR(J47/J4,"")) | ... X48: =IF(OR(X47="",X4=""),"",IFERROR(X47/X4,"")) | Y48: =IFERROR(AVERAGE(V48,W48,X48),"") | Z48: =Y48 | AA48: =Z48 | AB48: =AA48 | AC48: =AB48
A49: 기타손실 | C49: 9762 | D49: 2282 | E49: 5839 | F49: 2642 | G49: 8542 | H49: 16570 | I49: 14929 | J49: -74 | K49: 6196 | L49: 4392 | M49: 3441 | N49: 2958 | P49: 5865 | Q49: 22173 | R49: 17377 | S49: 8315 | T49: 13133 | U49: 20635 | V49: 15946 | W49: 19305 | X49: 37621 | Y49: =IF(OR(Y4="",Y50=""),"",IFERROR(Y4*Y50,"")) | Z49: =IF(OR(Z4="",Z50=""),"",IFERROR(Z4*Z50,"")) | AA49: =IF(OR(AA4="",AA50=""),"",IFERROR(AA4*AA50,"")) | AB49: =IF(OR(AB4="",AB50=""),"",IFERROR(AB4*AB50,"")) | AC49: =IF(OR(AC4="",AC50=""),"",IFERROR(AC4*AC50,""))
A50: % of Sales | C50: =IF(OR(C49="",C4=""),"",IFERROR(C49/C4,"")) | D50: =IF(OR(D49="",D4=""),"",IFERROR(D49/D4,"")) | E50: =IF(OR(E49="",E4=""),"",IFERROR(E49/E4,"")) | F50: =IF(OR(F49="",F4=""),"",IFERROR(F49/F4,"")) | G50: =IF(OR(G49="",G4=""),"",IFERROR(G49/G4,"")) | H50: =IF(OR(H49="",H4=""),"",IFERROR(H49/H4,"")) | I50: =IF(OR(I49="",I4=""),"",IFERROR(I49/I4,"")) | J50: =IF(OR(J49="",J4=""),"",IFERROR(J49/J4,"")) | ... X50: =IF(OR(X49="",X4=""),"",IFERROR(X49/X4,"")) | Y50: =IFERROR(AVERAGE(V50,W50,X50),"") | Z50: =Y50 | AA50: =Z50 | AB50: =AA50 | AC50: =AB50
A51: 금융수익 | C51: 6470 | D51: 18050 | E51: 6953 | F51: 15423 | G51: 11674 | H51: 9879 | I51: -3050 | J51: 4332 | K51: 3491 | L51: 5014 | M51: 68007 | N51: -42399 | P51: 2061 | Q51: 1609 | R51: 2186 | S51: 7623 | T51: 4140 | U51: 1409 | V51: 38142 | W51: 52100 | X51: 14652 | Y51: =IF(OR(Y4="",Y52=""),"",IFERROR(Y4*Y52,"")) | Z51: =IF(OR(Z4="",Z52=""),"",IFERROR(Z4*Z52,"")) | AA51: =IF(OR(AA4="",AA52=""),"",IFERROR(AA4*AA52,"")) | AB51: =IF(OR(AB4="",AB52=""),"",IFERROR(AB4*AB52,"")) | AC51: =IF(OR(AC4="",AC52=""),"",IFERROR(AC4*AC52,""))
A52: % of Sales | C52: =IF(OR(C51="",C4=""),"",IFERROR(C51/C4,"")) | D52: =IF(OR(D51="",D4=""),"",IFERROR(D51/D4,"")) | E52: =IF(OR(E51="",E4=""),"",IFERROR(E51/E4,"")) | F52: =IF(OR(F51="",F4=""),"",IFERROR(F51/F4,"")) | G52: =IF(OR(G51="",G4=""),"",IFERROR(G51/G4,"")) | H52: =IF(OR(H51="",H4=""),"",IFERROR(H51/H4,"")) | I52: =IF(OR(I51="",I4=""),"",IFERROR(I51/I4,"")) | J52: =IF(OR(J51="",J4=""),"",IFERROR(J51/J4,"")) | ... X52: =IF(OR(X51="",X4=""),"",IFERROR(X51/X4,"")) | Y52: =IFERROR(AVERAGE(V52,W52,X52),"") | Z52: =Y52 | AA52: =Z52 | AB52: =AA52 | AC52: =AB52
A53: 금융원가 | C53: 166 | D53: 4134 | E53: 2392 | F53: -16 | G53: 4462 | H53: 4557 | I53: 232623 | J53: -43225 | K53: 51686 | L53: 10930 | M53: -266 | N53: 7407 | P53: 5173 | Q53: 2131 | R53: 8774 | S53: 7549 | T53: 35249 | U53: 63280 | V53: 6735 | W53: 10972 | X53: 245641 | Y53: =IF(OR(Y4="",Y54=""),"",IFERROR(Y4*Y54,"")) | Z53: =IF(OR(Z4="",Z54=""),"",IFERROR(Z4*Z54,"")) | AA53: =IF(OR(AA4="",AA54=""),"",IFERROR(AA4*AA54,"")) | AB53: =IF(OR(AB4="",AB54=""),"",IFERROR(AB4*AB54,"")) | AC53: =IF(OR(AC4="",AC54=""),"",IFERROR(AC4*AC54,""))
A54: % of Sales | C54: =IF(OR(C53="",C4=""),"",IFERROR(C53/C4,"")) | D54: =IF(OR(D53="",D4=""),"",IFERROR(D53/D4,"")) | E54: =IF(OR(E53="",E4=""),"",IFERROR(E53/E4,"")) | F54: =IF(OR(F53="",F4=""),"",IFERROR(F53/F4,"")) | G54: =IF(OR(G53="",G4=""),"",IFERROR(G53/G4,"")) | H54: =IF(OR(H53="",H4=""),"",IFERROR(H53/H4,"")) | I54: =IF(OR(I53="",I4=""),"",IFERROR(I53/I4,"")) | J54: =IF(OR(J53="",J4=""),"",IFERROR(J53/J4,"")) | ... X54: =IF(OR(X53="",X4=""),"",IFERROR(X53/X4,"")) | Y54: =IFERROR(AVERAGE(V54,W54,X54),"") | Z54: =Y54 | AA54: =Z54 | AB54: =AA54 | AC54: =AB54
A55: 법인세비용차감전순이익(손실) | C55: 78668 | D55: 91752 | E55: 74233 | F55: 68709 | G55: 29139 | H55: 26769 | I55: -196057 | J55: 120045 | K55: 18968 | L55: 84518 | M55: 170267 | N55: 515401 | P55: 84792 | Q55: 67723 | R55: -325 | S55: 65216 | T55: 142718 | U55: 362282 | V55: 422173 | W55: 263833 | X55: -30275 | Y55: =IF(OR(Y31=""),"",IFERROR(Y31+N(Y47)-N(Y49)+N(Y51)-N(Y53),"")) | Z55: =IF(OR(Z31=""),"",IFERROR(Z31+N(Z47)-N(Z49)+N(Z51)-N(Z53),"")) | AA55: =IF(OR(AA31=""),"",IFERROR(AA31+N(AA47)-N(AA49)+N(AA51)-N(AA53),"")) | AB55: =IF(OR(AB31=""),"",IFERROR(AB31+N(AB47)-N(AB49)+N(AB51)-N(AB53),"")) | AC55: =IF(OR(AC31=""),"",IFERROR(AC31+N(AC47)-N(AC49)+N(AC51)-N(AC53),""))
A56: YoY | G56: =IF(OR(G55="",C55=""),"",IF(C55<=0,"",IFERROR(G55/C55-1,""))) | H56: =IF(OR(H55="",D55=""),"",IF(D55<=0,"",IFERROR(H55/D55-1,""))) | I56: =IF(OR(I55="",E55=""),"",IF(E55<=0,"",IFERROR(I55/E55-1,""))) | J56: =IF(OR(J55="",F55=""),"",IF(F55<=0,"",IFERROR(J55/F55-1,""))) | K56: =IF(OR(K55="",G55=""),"",IF(G55<=0,"",IFERROR(K55/G55-1,""))) | L56: =IF(OR(L55="",H55=""),"",IF(H55<=0,"",IFERROR(L55/H55-1,""))) | M56: =IF(OR(M55="",I55=""),"",IF(I55<=0,"",IFERROR(M55/I55-1,""))) | N56: =IF(OR(N55="",J55=""),"",IF(J55<=0,"",IFERROR(N55/J55-1,""))) | P56: =IF(OR(P55="",O55=""),"",IF(O55<=0,"",IFERROR(P55/O55-1,""))) | Q56: =IF(OR(Q55="",P55=""),"",IF(P55<=0,"",IFERROR(Q55/P55-1,""))) | R56: =IF(OR(R55="",Q55=""),"",IF(Q55<=0,"",IFERROR(R55/Q55-1,""))) | S56: =IF(OR(S55="",R55=""),"",IF(R55<=0,"",IFERROR(S55/R55-1,""))) | T56: =IF(OR(T55="",S55=""),"",IF(S55<=0,"",IFERROR(T55/S55-1,""))) | U56: =IF(OR(U55="",T55=""),"",IF(T55<=0,"",IFERROR(U55/T55-1,""))) | V56: =IF(OR(V55="",U55=""),"",IF(U55<=0,"",IFERROR(V55/U55-1,""))) | W56: =IF(OR(W55="",V55=""),"",IF(V55<=0,"",IFERROR(W55/V55-1,""))) | ... AC56: =IF(OR(AC55="",AB55=""),"",IF(AB55<=0,"",IFERROR(AC55/AB55-1,"")))
A57: 법인세비용(수익) | C57: 12744 | D57: 11714 | E57: 14528 | F57: 11161 | G57: 7008 | H57: 707 | I57: 5326 | J57: 13718 | K57: 1632 | L57: 16271 | M57: 20885 | N57: 143025 | P57: 7517 | Q57: 16664 | R57: 5903 | S57: 19490 | T57: 23031 | U57: 105512 | V57: 84862 | W57: 44411 | X57: 21383 | Y57: =IF(OR(Y55="",Y58=""),"",IFERROR(MAX(Y55,0)*Y58,"")) | Z57: =IF(OR(Z55="",Z58=""),"",IFERROR(MAX(Z55,0)*Z58,"")) | AA57: =IF(OR(AA55="",AA58=""),"",IFERROR(MAX(AA55,0)*AA58,"")) | AB57: =IF(OR(AB55="",AB58=""),"",IFERROR(MAX(AB55,0)*AB58,"")) | AC57: =IF(OR(AC55="",AC58=""),"",IFERROR(MAX(AC55,0)*AC58,""))
A58: 법인세율 | B58: MW 기본 30% | C58: =IF(OR(C57="",C55=""),"",IFERROR(C57/C55,"")) | D58: =IF(OR(D57="",D55=""),"",IFERROR(D57/D55,"")) | E58: =IF(OR(E57="",E55=""),"",IFERROR(E57/E55,"")) | F58: =IF(OR(F57="",F55=""),"",IFERROR(F57/F55,"")) | G58: =IF(OR(G57="",G55=""),"",IFERROR(G57/G55,"")) | H58: =IF(OR(H57="",H55=""),"",IFERROR(H57/H55,"")) | I58: =IF(OR(I57="",I55=""),"",IFERROR(I57/I55,"")) | J58: =IF(OR(J57="",J55=""),"",IFERROR(J57/J55,"")) | ... X58: =IF(OR(X57="",X55=""),"",IFERROR(X57/X55,"")) | Y58: 0.3 | Z58: 0.3 | AA58: 0.3 | AB58: 0.3 | AC58: 0.3
A59: 당기순이익(손실) | C59: 65924 | D59: 80038 | E59: 59705 | F59: 57548 | G59: 22131 | H59: 26062 | I59: -201383 | J59: 106327 | K59: 17336 | L59: 68247 | M59: 149382 | N59: 372376 | P59: 77275 | Q59: 51059 | R59: -6228 | S59: 45726 | T59: 119687 | U59: 256770 | V59: 337311 | W59: 219422 | X59: -51658 | Y59: =IF(OR(Y55=""),"",IFERROR(Y55-Y57,"")) | Z59: =IF(OR(Z55=""),"",IFERROR(Z55-Z57,"")) | AA59: =IF(OR(AA55=""),"",IFERROR(AA55-AA57,"")) | AB59: =IF(OR(AB55=""),"",IFERROR(AB55-AB57,"")) | AC59: =IF(OR(AC55=""),"",IFERROR(AC55-AC57,""))
A60: YoY | G60: =IF(OR(G59="",C59=""),"",IF(C59<=0,"",IFERROR(G59/C59-1,""))) | H60: =IF(OR(H59="",D59=""),"",IF(D59<=0,"",IFERROR(H59/D59-1,""))) | I60: =IF(OR(I59="",E59=""),"",IF(E59<=0,"",IFERROR(I59/E59-1,""))) | J60: =IF(OR(J59="",F59=""),"",IF(F59<=0,"",IFERROR(J59/F59-1,""))) | K60: =IF(OR(K59="",G59=""),"",IF(G59<=0,"",IFERROR(K59/G59-1,""))) | L60: =IF(OR(L59="",H59=""),"",IF(H59<=0,"",IFERROR(L59/H59-1,""))) | M60: =IF(OR(M59="",I59=""),"",IF(I59<=0,"",IFERROR(M59/I59-1,""))) | N60: =IF(OR(N59="",J59=""),"",IF(J59<=0,"",IFERROR(N59/J59-1,""))) | P60: =IF(OR(P59="",O59=""),"",IF(O59<=0,"",IFERROR(P59/O59-1,""))) | Q60: =IF(OR(Q59="",P59=""),"",IF(P59<=0,"",IFERROR(Q59/P59-1,""))) | R60: =IF(OR(R59="",Q59=""),"",IF(Q59<=0,"",IFERROR(R59/Q59-1,""))) | S60: =IF(OR(S59="",R59=""),"",IF(R59<=0,"",IFERROR(S59/R59-1,""))) | T60: =IF(OR(T59="",S59=""),"",IF(S59<=0,"",IFERROR(T59/S59-1,""))) | U60: =IF(OR(U59="",T59=""),"",IF(T59<=0,"",IFERROR(U59/T59-1,""))) | V60: =IF(OR(V59="",U59=""),"",IF(U59<=0,"",IFERROR(V59/U59-1,""))) | W60: =IF(OR(W59="",V59=""),"",IF(V59<=0,"",IFERROR(W59/V59-1,""))) | ... AC60: =IF(OR(AC59="",AB59=""),"",IF(AB59<=0,"",IFERROR(AC59/AB59-1,"")))
A61: 지배주주 순이익 | C61: 66078 | D61: 79866 | E61: 59721 | F61: 57709 | G61: 21788 | H61: 26006 | I61: -201348 | J61: 106256 | K61: 17323 | L61: 68149 | M61: 149184 | N61: 372193 | P61: 77196 | Q61: 50989 | R61: -6317 | S61: 45626 | T61: 119536 | U61: 256615 | V61: 337086 | W61: 219084 | X61: -51763 | Y61: =IF(OR(Y59="",Y62=""),"",IFERROR(Y59*Y62,"")) | Z61: =IF(OR(Z59="",Z62=""),"",IFERROR(Z59*Z62,"")) | AA61: =IF(OR(AA59="",AA62=""),"",IFERROR(AA59*AA62,"")) | AB61: =IF(OR(AB59="",AB62=""),"",IFERROR(AB59*AB62,"")) | AC61: =IF(OR(AC59="",AC62=""),"",IFERROR(AC59*AC62,""))
A62: 지배주주 순이익률 | B62: MW 기본 100% | C62: =IF(OR(C61="",C59=""),"",IFERROR(C61/C59,"")) | D62: =IF(OR(D61="",D59=""),"",IFERROR(D61/D59,"")) | E62: =IF(OR(E61="",E59=""),"",IFERROR(E61/E59,"")) | F62: =IF(OR(F61="",F59=""),"",IFERROR(F61/F59,"")) | G62: =IF(OR(G61="",G59=""),"",IFERROR(G61/G59,"")) | H62: =IF(OR(H61="",H59=""),"",IFERROR(H61/H59,"")) | I62: =IF(OR(I61="",I59=""),"",IFERROR(I61/I59,"")) | J62: =IF(OR(J61="",J59=""),"",IFERROR(J61/J59,"")) | ... X62: =IF(OR(X61="",X59=""),"",IFERROR(X61/X59,"")) | Y62: 1 | Z62: 1 | AA62: 1 | AB62: 1 | AC62: 1
A63: 지배주주 순이익 YoY | G63: =IF(OR(G61="",C61=""),"",IF(C61<=0,"",IFERROR(G61/C61-1,""))) | H63: =IF(OR(H61="",D61=""),"",IF(D61<=0,"",IFERROR(H61/D61-1,""))) | I63: =IF(OR(I61="",E61=""),"",IF(E61<=0,"",IFERROR(I61/E61-1,""))) | J63: =IF(OR(J61="",F61=""),"",IF(F61<=0,"",IFERROR(J61/F61-1,""))) | K63: =IF(OR(K61="",G61=""),"",IF(G61<=0,"",IFERROR(K61/G61-1,""))) | L63: =IF(OR(L61="",H61=""),"",IF(H61<=0,"",IFERROR(L61/H61-1,""))) | M63: =IF(OR(M61="",I61=""),"",IF(I61<=0,"",IFERROR(M61/I61-1,""))) | N63: =IF(OR(N61="",J61=""),"",IF(J61<=0,"",IFERROR(N61/J61-1,""))) | P63: =IF(OR(P61="",O61=""),"",IF(O61<=0,"",IFERROR(P61/O61-1,""))) | Q63: =IF(OR(Q61="",P61=""),"",IF(P61<=0,"",IFERROR(Q61/P61-1,""))) | R63: =IF(OR(R61="",Q61=""),"",IF(Q61<=0,"",IFERROR(R61/Q61-1,""))) | S63: =IF(OR(S61="",R61=""),"",IF(R61<=0,"",IFERROR(S61/R61-1,""))) | T63: =IF(OR(T61="",S61=""),"",IF(S61<=0,"",IFERROR(T61/S61-1,""))) | U63: =IF(OR(U61="",T61=""),"",IF(T61<=0,"",IFERROR(U61/T61-1,""))) | V63: =IF(OR(V61="",U61=""),"",IF(U61<=0,"",IFERROR(V61/U61-1,""))) | W63: =IF(OR(W61="",V61=""),"",IF(V61<=0,"",IFERROR(W61/V61-1,""))) | ... AC63: =IF(OR(AC61="",AB61=""),"",IF(AB61<=0,"",IFERROR(AC61/AB61-1,"")))
A64: 목표주가 산출
A65: 현재 주가 (2026.10.29) | B65: 3058
A66: 발행주식수 (보통주) | B66: 1870614885
A67: 시가총액 (백만엔) | B67: =IF(OR(B65="",B66=""),"",B65*B66/1000000.0)
A68: OPM | O68: =IF(O32="","",O32) | P68: =IF(P32="","",P32) | Q68: =IF(Q32="","",Q32) | R68: =IF(R32="","",R32) | S68: =IF(S32="","",S32) | T68: =IF(T32="","",T32) | U68: =IF(U32="","",U32) | V68: =IF(V32="","",V32) | ... AC68: =IF(AC32="","",AC32)
A69: 지배주주 순이익 증가율 | P69: =IF(OR(P61="",O61=""),"",IFERROR(P61/O61-1,"")) | Q69: =IF(OR(Q61="",P61=""),"",IFERROR(Q61/P61-1,"")) | R69: =IF(OR(R61="",Q61=""),"",IFERROR(R61/Q61-1,"")) | S69: =IF(OR(S61="",R61=""),"",IFERROR(S61/R61-1,"")) | T69: =IF(OR(T61="",S61=""),"",IFERROR(T61/S61-1,"")) | U69: =IF(OR(U61="",T61=""),"",IFERROR(U61/T61-1,"")) | V69: =IF(OR(V61="",U61=""),"",IFERROR(V61/U61-1,"")) | W69: =IF(OR(W61="",V61=""),"",IFERROR(W61/V61-1,"")) | ... AC69: =IF(OR(AC61="",AB61=""),"",IFERROR(AC61/AB61-1,""))
A70: P/E (현재 주가) | B70: 시총 ÷ 지배순이익 | X70: =IF(OR($B$67="",X61=""),"",IFERROR($B$67/X61,"")) | Y70: =IF(OR($B$67="",Y61=""),"",IFERROR($B$67/Y61,"")) | Z70: =IF(OR($B$67="",Z61=""),"",IFERROR($B$67/Z61,"")) | AA70: =IF(OR($B$67="",AA61=""),"",IFERROR($B$67/AA61,"")) | AB70: =IF(OR($B$67="",AB61=""),"",IFERROR($B$67/AB61,"")) | AC70: =IF(OR($B$67="",AC61=""),"",IFERROR($B$67/AC61,""))
A71: Target P/E | B71: 직접 입력
A72: EPS | B72: 지배순이익 ÷ 주식수 | O72: =IF(OR(O61="",$B$66=""),"",IFERROR(O61*1000000.0/$B$66,"")) | P72: =IF(OR(P61="",$B$66=""),"",IFERROR(P61*1000000.0/$B$66,"")) | Q72: =IF(OR(Q61="",$B$66=""),"",IFERROR(Q61*1000000.0/$B$66,"")) | R72: =IF(OR(R61="",$B$66=""),"",IFERROR(R61*1000000.0/$B$66,"")) | S72: =IF(OR(S61="",$B$66=""),"",IFERROR(S61*1000000.0/$B$66,"")) | T72: =IF(OR(T61="",$B$66=""),"",IFERROR(T61*1000000.0/$B$66,"")) | U72: =IF(OR(U61="",$B$66=""),"",IFERROR(U61*1000000.0/$B$66,"")) | V72: =IF(OR(V61="",$B$66=""),"",IFERROR(V61*1000000.0/$B$66,"")) | ... AC72: =IF(OR(AC61="",$B$66=""),"",IFERROR(AC61*1000000.0/$B$66,""))
A73: 목표주가 | Y73: =IF(OR(Y72="",Y71=""),"",IFERROR(Y72*Y71,"")) | Z73: =IF(OR(Z72="",Z71=""),"",IFERROR(Z72*Z71,"")) | AA73: =IF(OR(AA72="",AA71=""),"",IFERROR(AA72*AA71,"")) | AB73: =IF(OR(AB72="",AB71=""),"",IFERROR(AB72*AB71,"")) | AC73: =IF(OR(AC72="",AC71=""),"",IFERROR(AC72*AC71,""))
A74: 상승여력 | Y74: =IF(OR(Y73="",$B$65=""),"",IFERROR(Y73/$B$65-1,"")) | Z74: =IF(OR(Z73="",$B$65=""),"",IFERROR(Z73/$B$65-1,"")) | AA74: =IF(OR(AA73="",$B$65=""),"",IFERROR(AA73/$B$65-1,"")) | AB74: =IF(OR(AB73="",$B$65=""),"",IFERROR(AB73/$B$65-1,"")) | AC74: =IF(OR(AC73="",$B$65=""),"",IFERROR(AC73/$B$65-1,""))
A75: 자산가치 산출 | B75: 최신 분기 BS
A76: 현금및현금성자산 | X76: ='재무상태표'!G6 | Y76: ='재무상태표'!G6 | Z76: ='재무상태표'!G6 | AA76: ='재무상태표'!G6 | AB76: ='재무상태표'!G6 | AC76: ='재무상태표'!G6
A77: 단기금융상품 | X77: ='재무상태표'!G7 | Y77: ='재무상태표'!G7 | Z77: ='재무상태표'!G7 | AA77: ='재무상태표'!G7 | AB77: ='재무상태표'!G7 | AC77: ='재무상태표'!G7
A78: 투자부동산 | X78: ='재무상태표'!G14 | Y78: ='재무상태표'!G14 | Z78: ='재무상태표'!G14 | AA78: ='재무상태표'!G14 | AB78: ='재무상태표'!G14 | AC78: ='재무상태표'!G14
A79: 지배자본 | X79: ='재무상태표'!G31 | Y79: ='재무상태표'!G31 | Z79: ='재무상태표'!G31 | AA79: ='재무상태표'!G31 | AB79: ='재무상태표'!G31 | AC79: ='재무상태표'!G31
A80: 부채 | X80: ='재무상태표'!G27 | Y80: ='재무상태표'!G27 | Z80: ='재무상태표'!G27 | AA80: ='재무상태표'!G27 | AB80: ='재무상태표'!G27 | AC80: ='재무상태표'!G27
A81: 부채비율 | X81: =IF(OR(X80="",X79=""),"",IFERROR(X80/X79,"")) | Y81: =IF(OR(Y80="",Y79=""),"",IFERROR(Y80/Y79,"")) | Z81: =IF(OR(Z80="",Z79=""),"",IFERROR(Z80/Z79,"")) | AA81: =IF(OR(AA80="",AA79=""),"",IFERROR(AA80/AA79,"")) | AB81: =IF(OR(AB80="",AB79=""),"",IFERROR(AB80/AB79,"")) | AC81: =IF(OR(AC80="",AC79=""),"",IFERROR(AC80/AC79,""))
A82: 자산가치 | B82: 현금+단기금융+투자부동산 | X82: =SUM(X76,X77,X78) | Y82: =SUM(Y76,Y77,Y78) | Z82: =SUM(Z76,Z77,Z78) | AA82: =SUM(AA76,AA77,AA78) | AB82: =SUM(AB76,AB77,AB78) | AC82: =SUM(AC76,AC77,AC78)
A83: 기업가치 산출
A84: 목표 시가총액 (P/E) | B84: 지배순이익 × Target P/E | Y84: =IF(OR(Y61="",Y71=""),"",IFERROR(Y61*Y71,"")) | Z84: =IF(OR(Z61="",Z71=""),"",IFERROR(Z61*Z71,"")) | AA84: =IF(OR(AA61="",AA71=""),"",IFERROR(AA61*AA71,"")) | AB84: =IF(OR(AB61="",AB71=""),"",IFERROR(AB61*AB71,"")) | AC84: =IF(OR(AC61="",AC71=""),"",IFERROR(AC61*AC71,""))
A85: 기업가치 | B85: 목표시총 + 자산가치 | Y85: =IF(OR(Y84=""),"",IFERROR(Y84+Y82,"")) | Z85: =IF(OR(Z84=""),"",IFERROR(Z84+Z82,"")) | AA85: =IF(OR(AA84=""),"",IFERROR(AA84+AA82,"")) | AB85: =IF(OR(AB84=""),"",IFERROR(AB84+AB82,"")) | AC85: =IF(OR(AC84=""),"",IFERROR(AC84+AC82,""))
A86: 현재 시가총액 | Y86: =$B$67 | Z86: =$B$67 | AA86: =$B$67 | AB86: =$B$67 | AC86: =$B$67
A87: 상승여력 | Y87: =IF(OR(Y85="",Y86=""),"",IFERROR(Y85/Y86-1,"")) | Z87: =IF(OR(Z85="",Z86=""),"",IFERROR(Z85/Z86-1,"")) | AA87: =IF(OR(AA85="",AA86=""),"",IFERROR(AA85/AA86-1,"")) | AB87: =IF(OR(AB85="",AB86=""),"",IFERROR(AB85/AB86-1,"")) | AC87: =IF(OR(AC85="",AC86=""),"",IFERROR(AC85/AC86-1,""))
A89: 출처
A90: 결산단신 XBRL(TDnet·JPX 보관소) — 쓴 문서는 '출처' 시트
A91: 분기 = 누계에서 앞 분기를 뺀 3개월 값
A92: 주가: 야후 파이낸스 일봉 2026.10.29
A94: 손익계산서 · 전 항목 | B94: 분기 = 3개월 단독
A95: 항목 | B95: 참고 | C95: 2023.4Q | D95: 2024.1Q | E95: 2024.2Q | F95: 2024.3Q | G95: 2024.4Q | H95: 2025.1Q | I95: 2025.2Q | J95: 2025.3Q | K95: 2025.4Q | L95: 2026.1Q | M95: 2026.2Q | N95: 2026.3Q | O95: 2016 | P95: 2017 | Q95: 2018 | R95: 2019 | S95: 2020 | T95: 2021 | U95: 2022 | V95: 2023 | W95: 2024 | X95: 2025 | Y95: 2026(MW) | Z95: 2027(MW) | AA95: 2028(MW) | AB95: 2029(MW) | AC95: 2030(MW)
A96: 매출수익 | C96: 361933 | D96: 351790 | E96: 358807 | F96: 345282 | G96: 292600 | H96: 308777 | I96: 325534 | J96: 335364 | K96: 351537 | L96: 380293 | M96: 418449 | N96: 435917 | U96: 390813 | V96: 361933 | W96: 292600 | X96: 351537
A97: YoY | B97: 전년 같은 분기·전년 대비 | G97: =IF(OR(G96="",C96=""),"",IF(C96<=0,"",IFERROR(G96/C96-1,""))) | H97: =IF(OR(H96="",D96=""),"",IF(D96<=0,"",IFERROR(H96/D96-1,""))) | I97: =IF(OR(I96="",E96=""),"",IF(E96<=0,"",IFERROR(I96/E96-1,""))) | J97: =IF(OR(J96="",F96=""),"",IF(F96<=0,"",IFERROR(J96/F96-1,""))) | K97: =IF(OR(K96="",G96=""),"",IF(G96<=0,"",IFERROR(K96/G96-1,""))) | L97: =IF(OR(L96="",H96=""),"",IF(H96<=0,"",IFERROR(L96/H96-1,""))) | M97: =IF(OR(M96="",I96=""),"",IF(I96<=0,"",IFERROR(M96/I96-1,""))) | N97: =IF(OR(N96="",J96=""),"",IF(J96<=0,"",IFERROR(N96/J96-1,""))) | U97: =IF(OR(U96="",T96=""),"",IF(T96<=0,"",IFERROR(U96/T96-1,""))) | V97: =IF(OR(V96="",U96=""),"",IF(U96<=0,"",IFERROR(V96/U96-1,""))) | W97: =IF(OR(W96="",V96=""),"",IF(V96<=0,"",IFERROR(W96/V96-1,""))) | X97: =IF(OR(X96="",W96=""),"",IF(W96<=0,"",IFERROR(X96/W96-1,"")))
A98: 매출원가 | C98: 158436 | D98: 154327 | E98: 157876 | F98: 153120 | G98: 133360 | H98: 135915 | I98: 144192 | J98: 143099 | K98: 144214 | L98: 156994 | M98: 173337 | N98: 178857 | U98: 172571 | V98: 158436 | W98: 133360 | X98: 144214
A99: YoY | B99: 전년 같은 분기·전년 대비 | G99: =IF(OR(G98="",C98=""),"",IF(G98*C98<=0,"",IFERROR(G98/C98-1,""))) | H99: =IF(OR(H98="",D98=""),"",IF(H98*D98<=0,"",IFERROR(H98/D98-1,""))) | I99: =IF(OR(I98="",E98=""),"",IF(I98*E98<=0,"",IFERROR(I98/E98-1,""))) | J99: =IF(OR(J98="",F98=""),"",IF(J98*F98<=0,"",IFERROR(J98/F98-1,""))) | K99: =IF(OR(K98="",G98=""),"",IF(K98*G98<=0,"",IFERROR(K98/G98-1,""))) | L99: =IF(OR(L98="",H98=""),"",IF(L98*H98<=0,"",IFERROR(L98/H98-1,""))) | M99: =IF(OR(M98="",I98=""),"",IF(M98*I98<=0,"",IFERROR(M98/I98-1,""))) | N99: =IF(OR(N98="",J98=""),"",IF(N98*J98<=0,"",IFERROR(N98/J98-1,""))) | U99: =IF(OR(U98="",T98=""),"",IF(U98*T98<=0,"",IFERROR(U98/T98-1,""))) | V99: =IF(OR(V98="",U98=""),"",IF(V98*U98<=0,"",IFERROR(V98/U98-1,""))) | W99: =IF(OR(W98="",V98=""),"",IF(W98*V98<=0,"",IFERROR(W98/V98-1,""))) | X99: =IF(OR(X98="",W98=""),"",IF(X98*W98<=0,"",IFERROR(X98/W98-1,"")))
A100: 매출총이익 | C100: 203497 | D100: 197463 | E100: 200931 | F100: 192162 | G100: 159240 | H100: 172862 | I100: 181342 | J100: 192265 | K100: 207323 | L100: 223299 | M100: 245112 | N100: 257060 | U100: 218242 | V100: 203497 | W100: 159240 | X100: 207323
A101: YoY | B101: 전년 같은 분기·전년 대비 | G101: =IF(OR(G100="",C100=""),"",IF(C100<=0,"",IFERROR(G100/C100-1,""))) | H101: =IF(OR(H100="",D100=""),"",IF(D100<=0,"",IFERROR(H100/D100-1,""))) | I101: =IF(OR(I100="",E100=""),"",IF(E100<=0,"",IFERROR(I100/E100-1,""))) | J101: =IF(OR(J100="",F100=""),"",IF(F100<=0,"",IFERROR(J100/F100-1,""))) | K101: =IF(OR(K100="",G100=""),"",IF(G100<=0,"",IFERROR(K100/G100-1,""))) | L101: =IF(OR(L100="",H100=""),"",IF(H100<=0,"",IFERROR(L100/H100-1,""))) | M101: =IF(OR(M100="",I100=""),"",IF(I100<=0,"",IFERROR(M100/I100-1,""))) | N101: =IF(OR(N100="",J100=""),"",IF(J100<=0,"",IFERROR(N100/J100-1,""))) | U101: =IF(OR(U100="",T100=""),"",IF(T100<=0,"",IFERROR(U100/T100-1,""))) | V101: =IF(OR(V100="",U100=""),"",IF(U100<=0,"",IFERROR(V100/U100-1,""))) | W101: =IF(OR(W100="",V100=""),"",IF(V100<=0,"",IFERROR(W100/V100-1,""))) | X101: =IF(OR(X100="",W100=""),"",IF(W100<=0,"",IFERROR(X100/W100-1,"")))
A102: 판매비와 관리비 | C102: 123159 | D102: 119869 | E102: 131171 | F102: 137385 | G102: 139050 | H102: 135318 | I102: 128369 | J102: 123403 | K102: 134159 | L102: 131834 | M102: 140223 | N102: 140121 | U102: 117002 | V102: 123159 | W102: 139050 | X102: 134159
...

Sheet 재무상태표
A1: 르네사스일렉트로닉스 재무상태표
A2: 재무비율은 기말 잔액 기준 · 분기 손익은 최근 4분기 합산(TTM) | B2: (단위: 백만엔)
A3: 항목 | B3: 참고 | C3: 2026.1Q | D3: 2026.2Q | E3: 2026.3Q | F3: 2026.4Q | G3: 2027.1Q | H3: 2021 | I3: 2022 | J3: 2023 | K3: 2024 | L3: 2025
A4: 자산
A5: 유동자산 | C5: 740702 | D5: 723559 | E5: 723559 | G5: 1162954 | H5: 517645 | I5: 715119 | J5: 800673 | K5: 617326 | L5: 723559
A6: 현금및현금성자산 | C6: 267629 | D6: 295897 | E6: 295897 | G6: 637182 | H6: 221924 | I6: 336068 | J6: 434681 | K6: 229249 | L6: 295897
A7: 단기금융상품 | C7: 40278 | D7: 38601 | E7: 38601 | G7: 38201 | H7: 737 | I7: 6688 | J7: 4660 | K7: 9236 | L7: 38601
A8: 매출채권 | C8: 198052 | D8: 169124 | E8: 169124 | G8: 203060 | H8: 140478 | I8: 162623 | J8: 168991 | K8: 167113 | L8: 169124
A9: 재고자산 | C9: 199988 | D9: 185903 | E9: 185903 | G9: 231888 | H9: 137759 | I9: 187958 | J9: 163054 | K9: 176544 | L9: 185903
A10: 기타유동자산 | B10: 총계 − 위 항목 | C10: =IF(OR(C5=""),"",IFERROR(C5-SUM(C6,C7,C8,C9),"")) | D10: =IF(OR(D5=""),"",IFERROR(D5-SUM(D6,D7,D8,D9),"")) | E10: =IF(OR(E5=""),"",IFERROR(E5-SUM(E6,E7,E8,E9),"")) | F10: =IF(OR(F5=""),"",IFERROR(F5-SUM(F6,F7,F8,F9),"")) | G10: =IF(OR(G5=""),"",IFERROR(G5-SUM(G6,G7,G8,G9),"")) | H10: =IF(OR(H5=""),"",IFERROR(H5-SUM(H6,H7,H8,H9),"")) | I10: =IF(OR(I5=""),"",IFERROR(I5-SUM(I6,I7,I8,I9),"")) | J10: =IF(OR(J5=""),"",IFERROR(J5-SUM(J6,J7,J8,J9),"")) | ... L10: =IF(OR(L5=""),"",IFERROR(L5-SUM(L6,L7,L8,L9),""))
A11: 비유동자산 | C11: 3486657 | D11: 3453604 | E11: 3453604 | G11: 3539383 | H11: 1908656 | I11: 2097372 | J11: 2366330 | K11: 3873110 | L11: 3453604
A12: 유형자산 | C12: 361512 | D12: 355835 | E12: 355835 | G12: 372526 | H12: 198165 | I12: 208042 | J12: 266139 | K12: 341447 | L12: 355835
A13: 무형자산 | C13: 573169 | D13: 593324 | E13: 593324 | G13: 509994 | H13: 534778 | I13: 488839 | J13: 421847 | K13: 724768 | L13: 593324
A14: 투자부동산
A15: 기타비유동자산 | B15: 총계 − 위 항목 | C15: =IF(OR(C11=""),"",IFERROR(C11-SUM(C12,C13,C14),"")) | D15: =IF(OR(D11=""),"",IFERROR(D11-SUM(D12,D13,D14),"")) | E15: =IF(OR(E11=""),"",IFERROR(E11-SUM(E12,E13,E14),"")) | F15: =IF(OR(F11=""),"",IFERROR(F11-SUM(F12,F13,F14),"")) | G15: =IF(OR(G11=""),"",IFERROR(G11-SUM(G12,G13,G14),"")) | H15: =IF(OR(H11=""),"",IFERROR(H11-SUM(H12,H13,H14),"")) | I15: =IF(OR(I11=""),"",IFERROR(I11-SUM(I12,I13,I14),"")) | J15: =IF(OR(J11=""),"",IFERROR(J11-SUM(J12,J13,J14),"")) | ... L15: =IF(OR(L11=""),"",IFERROR(L11-SUM(L12,L13,L14),""))
A16: 자산총계 | C16: 4227359 | D16: 4177163 | E16: 4177163 | G16: 4702337 | H16: 2426301 | I16: 2812491 | J16: 3167003 | K16: 4490436 | L16: 4177163
A17: 부채
A18: 유동부채 | C18: 601648 | D18: 616380 | E18: 616380 | G18: 779511 | H18: 445888 | I18: 525473 | J18: 828725 | K18: 491438 | L18: 616380
A19: 매입채무 | C19: 217193 | D19: 219167 | E19: 219167 | G19: 235033 | H19: 204330 | I19: 222941 | J19: 243192 | K19: 231029 | L19: 219167
A20: 단기차입금
A21: 유동성장기부채 | H21: 120001 | I21: 120001 | J21: 354104 | K21: 142739 | L21: 108198
A22: 기타유동부채 | B22: 총계 − 위 항목 | C22: =IF(OR(C18=""),"",IFERROR(C18-SUM(C19,C20,C21),"")) | D22: =IF(OR(D18=""),"",IFERROR(D18-SUM(D19,D20,D21),"")) | E22: =IF(OR(E18=""),"",IFERROR(E18-SUM(E19,E20,E21),"")) | F22: =IF(OR(F18=""),"",IFERROR(F18-SUM(F19,F20,F21),"")) | G22: =IF(OR(G18=""),"",IFERROR(G18-SUM(G19,G20,G21),"")) | H22: =IF(OR(H18=""),"",IFERROR(H18-SUM(H19,H20,H21),"")) | I22: =IF(OR(I18=""),"",IFERROR(I18-SUM(I19,I20,I21),"")) | J22: =IF(OR(J18=""),"",IFERROR(J18-SUM(J19,J20,J21),"")) | ... L22: =IF(OR(L18=""),"",IFERROR(L18-SUM(L19,L20,L21),""))
A23: 비유동부채 | C23: 1079297 | D23: 1112332 | E23: 1112332 | G23: 1017833 | H23: 827015 | I23: 749555 | J23: 332690 | K23: 1456700 | L23: 1112332
A24: 장기차입금 | C24: 937128 | D24: 964089 | E24: 964089 | G24: 875321 | H24: 541041 | I24: 536387 | J24: 187568 | K24: 1122281 | L24: 964089
A25: 사채 | C25: 1141267 | H25: 692983 | I25: 635738 | J25: 225636 | K25: 1256535 | L25: 0
A26: 기타비유동부채 | B26: 총계 − 위 항목 | C26: =IF(OR(C23=""),"",IFERROR(C23-SUM(C24,C25),"")) | D26: =IF(OR(D23=""),"",IFERROR(D23-SUM(D24,D25),"")) | E26: =IF(OR(E23=""),"",IFERROR(E23-SUM(E24,E25),"")) | F26: =IF(OR(F23=""),"",IFERROR(F23-SUM(F24,F25),"")) | G26: =IF(OR(G23=""),"",IFERROR(G23-SUM(G24,G25),"")) | H26: =IF(OR(H23=""),"",IFERROR(H23-SUM(H24,H25),"")) | I26: =IF(OR(I23=""),"",IFERROR(I23-SUM(I24,I25),"")) | J26: =IF(OR(J23=""),"",IFERROR(J23-SUM(J24,J25),"")) | ... L26: =IF(OR(L23=""),"",IFERROR(L23-SUM(L24,L25),""))
A27: 부채총계 | C27: 1680945 | D27: 1728712 | E27: 1728712 | G27: 1797344 | H27: 1272903 | I27: 1275028 | J27: 1161415 | K27: 1948138 | L27: 1728712
A28: 총차입금 | B28: 단기+유동성장기+장기+사채 | C28: =SUM(C20,C21,C24,C25) | D28: =SUM(D20,D21,D24,D25) | E28: =SUM(E20,E21,E24,E25) | F28: =SUM(F20,F21,F24,F25) | G28: =SUM(G20,G21,G24,G25) | H28: =SUM(H20,H21,H24,H25) | I28: =SUM(I20,I21,I24,I25) | J28: =SUM(J20,J21,J24,J25) | ... L28: =SUM(L20,L21,L24,L25)
A29: 순차입금 | B29: 음수 = 순현금 | C29: =C28-C6-N(C7) | D29: =D28-D6-N(D7) | E29: =E28-E6-N(E7) | F29: =F28-F6-N(F7) | G29: =G28-G6-N(G7) | H29: =H28-H6-N(H7) | I29: =I28-I6-N(I7) | J29: =J28-J6-N(J7) | ... L29: =L28-L6-N(L7)
A30: 자본
A31: 지배주주지분 | C31: 2540767 | D31: 2443034 | E31: 2443034 | G31: 2899113 | H31: 1150081 | I31: 1533735 | J31: 2001553 | K31: 2537382 | L31: 2443034
A32: 자본금 | C32: 153209 | D32: 153209 | E32: 153209 | G32: 153209 | H32: 147133 | I32: 153209 | J32: 153209 | K32: 153209 | L32: 153209
A33: 이익잉여금 | C33: 1230529 | D33: 1213791 | E33: 1213791 | G33: 1736943 | H33: 570292 | I33: 828582 | J33: 1157236 | K33: 1308948 | L33: 1213791
A34: 비지배지분 | C34: 5647 | D34: 5417 | E34: 5417 | G34: 5880 | H34: 3317 | I34: 3728 | J34: 4035 | K34: 4916 | L34: 5417
A35: 자본총계 | C35: 2546414 | D35: 2448451 | E35: 2448451 | G35: 2904993 | H35: 1153398 | I35: 1537463 | J35: 2005588 | K35: 2542298 | L35: 2448451
A36: 현금흐름 요약 | B36: 분기 = TTM (있을 때만)
A37: 영업활동현금흐름 | C37: 441899 | D37: 511685 | E37: 540102 | H37: 307384 | I37: 479325 | J37: 496627 | K37: 340484 | L37: 452857
A38: CAPEX (유·무형 취득) | B38: 양수로 입력 | C38: 130929 | D38: 129719 | E38: 127522 | H38: 52346 | I38: 88199 | J38: 129127 | K38: 169835 | L38: 133770
A39: FCF | C39: =IF(OR(C37="",C38=""),"",IFERROR(C37-C38,"")) | D39: =IF(OR(D37="",D38=""),"",IFERROR(D37-D38,"")) | E39: =IF(OR(E37="",E38=""),"",IFERROR(E37-E38,"")) | F39: =IF(OR(F37="",F38=""),"",IFERROR(F37-F38,"")) | G39: =IF(OR(G37="",G38=""),"",IFERROR(G37-G38,"")) | H39: =IF(OR(H37="",H38=""),"",IFERROR(H37-H38,"")) | I39: =IF(OR(I37="",I38=""),"",IFERROR(I37-I38,"")) | J39: =IF(OR(J37="",J38=""),"",IFERROR(J37-J38,"")) | ... L39: =IF(OR(L37="",L38=""),"",IFERROR(L37-L38,""))
A40: 배당금 지급 | B40: 양수로 입력 | C40: 52045 | D40: 50813 | E40: 50809 | J40: 0 | K40: 49702 | L40: 50311
A41: 주요 재무 비율 | B41: 기준 (빨간 글씨 = 미달)
A42: 안정성
A43: 부채비율 | B43: 100%↓ | C43: =IF(OR(C27="",C35=""),"",IFERROR(C27/C35,"")) | D43: =IF(OR(D27="",D35=""),"",IFERROR(D27/D35,"")) | E43: =IF(OR(E27="",E35=""),"",IFERROR(E27/E35,"")) | F43: =IF(OR(F27="",F35=""),"",IFERROR(F27/F35,"")) | G43: =IF(OR(G27="",G35=""),"",IFERROR(G27/G35,"")) | H43: =IF(OR(H27="",H35=""),"",IFERROR(H27/H35,"")) | I43: =IF(OR(I27="",I35=""),"",IFERROR(I27/I35,"")) | J43: =IF(OR(J27="",J35=""),"",IFERROR(J27/J35,"")) | ... L43: =IF(OR(L27="",L35=""),"",IFERROR(L27/L35,""))
A44: 순차입금비율 | B44: 0%↓ 순현금 | C44: =IF(OR(C29="",C35=""),"",IFERROR(C29/C35,"")) | D44: =IF(OR(D29="",D35=""),"",IFERROR(D29/D35,"")) | E44: =IF(OR(E29="",E35=""),"",IFERROR(E29/E35,"")) | F44: =IF(OR(F29="",F35=""),"",IFERROR(F29/F35,"")) | G44: =IF(OR(G29="",G35=""),"",IFERROR(G29/G35,"")) | H44: =IF(OR(H29="",H35=""),"",IFERROR(H29/H35,"")) | I44: =IF(OR(I29="",I35=""),"",IFERROR(I29/I35,"")) | J44: =IF(OR(J29="",J35=""),"",IFERROR(J29/J35,"")) | ... L44: =IF(OR(L29="",L35=""),"",IFERROR(L29/L35,""))
A45: 자기자본비율 | B45: 50%↑ | C45: =IF(OR(C35="",C16=""),"",IFERROR(C35/C16,"")) | D45: =IF(OR(D35="",D16=""),"",IFERROR(D35/D16,"")) | E45: =IF(OR(E35="",E16=""),"",IFERROR(E35/E16,"")) | F45: =IF(OR(F35="",F16=""),"",IFERROR(F35/F16,"")) | G45: =IF(OR(G35="",G16=""),"",IFERROR(G35/G16,"")) | H45: =IF(OR(H35="",H16=""),"",IFERROR(H35/H16,"")) | I45: =IF(OR(I35="",I16=""),"",IFERROR(I35/I16,"")) | J45: =IF(OR(J35="",J16=""),"",IFERROR(J35/J16,"")) | ... L45: =IF(OR(L35="",L16=""),"",IFERROR(L35/L16,""))
A46: 유동비율 | B46: 150%↑ | C46: =IF(OR(C5="",C18=""),"",IFERROR(C5/C18,"")) | D46: =IF(OR(D5="",D18=""),"",IFERROR(D5/D18,"")) | E46: =IF(OR(E5="",E18=""),"",IFERROR(E5/E18,"")) | F46: =IF(OR(F5="",F18=""),"",IFERROR(F5/F18,"")) | G46: =IF(OR(G5="",G18=""),"",IFERROR(G5/G18,"")) | H46: =IF(OR(H5="",H18=""),"",IFERROR(H5/H18,"")) | I46: =IF(OR(I5="",I18=""),"",IFERROR(I5/I18,"")) | J46: =IF(OR(J5="",J18=""),"",IFERROR(J5/J18,"")) | ... L46: =IF(OR(L5="",L18=""),"",IFERROR(L5/L18,""))
A47: 당좌비율 | B47: 100%↑ | C47: =IF(OR(C5="",C18=""),"",IFERROR((C5-N(C9))/C18,"")) | D47: =IF(OR(D5="",D18=""),"",IFERROR((D5-N(D9))/D18,"")) | E47: =IF(OR(E5="",E18=""),"",IFERROR((E5-N(E9))/E18,"")) | F47: =IF(OR(F5="",F18=""),"",IFERROR((F5-N(F9))/F18,"")) | G47: =IF(OR(G5="",G18=""),"",IFERROR((G5-N(G9))/G18,"")) | H47: =IF(OR(H5="",H18=""),"",IFERROR((H5-N(H9))/H18,"")) | I47: =IF(OR(I5="",I18=""),"",IFERROR((I5-N(I9))/I18,"")) | J47: =IF(OR(J5="",J18=""),"",IFERROR((J5-N(J9))/J18,"")) | ... L47: =IF(OR(L5="",L18=""),"",IFERROR((L5-N(L9))/L18,""))
A48: 이자보상배율 | B48: 5x↑ (금융원가 기준) | C48: =IFERROR((IF(COUNT('연간'!I31:L31)<4,"",SUM('연간'!I31:L31)))/(IF(COUNT('연간'!I53:L53)<4,"",SUM('연간'!I53:L53))),"") | D48: =IFERROR((IF(COUNT('연간'!J31:M31)<4,"",SUM('연간'!J31:M31)))/(IF(COUNT('연간'!J53:M53)<4,"",SUM('연간'!J53:M53))),"") | E48: =IFERROR((IF(COUNT('연간'!K31:N31)<4,"",SUM('연간'!K31:N31)))/(IF(COUNT('연간'!K53:N53)<4,"",SUM('연간'!K53:N53))),"") | H48: =IFERROR(('연간'!T31)/('연간'!T53),"") | I48: =IFERROR(('연간'!U31)/('연간'!U53),"") | J48: =IFERROR(('연간'!V31)/('연간'!V53),"") | K48: =IFERROR(('연간'!W31)/('연간'!W53),"") | L48: =IFERROR(('연간'!X31)/('연간'!X53),"")
A49: 차입금 상환연수 | B49: 4년↓ (버핏) | C49: =IFERROR(IF((IF(COUNT('연간'!I61:L61)<4,"",SUM('연간'!I61:L61)))<=0,"적자",C28/(IF(COUNT('연간'!I61:L61)<4,"",SUM('연간'!I61:L61)))),"") | D49: =IFERROR(IF((IF(COUNT('연간'!J61:M61)<4,"",SUM('연간'!J61:M61)))<=0,"적자",D28/(IF(COUNT('연간'!J61:M61)<4,"",SUM('연간'!J61:M61)))),"") | E49: =IFERROR(IF((IF(COUNT('연간'!K61:N61)<4,"",SUM('연간'!K61:N61)))<=0,"적자",E28/(IF(COUNT('연간'!K61:N61)<4,"",SUM('연간'!K61:N61)))),"") | H49: =IFERROR(IF(('연간'!T61)<=0,"적자",H28/('연간'!T61)),"") | I49: =IFERROR(IF(('연간'!U61)<=0,"적자",I28/('연간'!U61)),"") | J49: =IFERROR(IF(('연간'!V61)<=0,"적자",J28/('연간'!V61)),"") | K49: =IFERROR(IF(('연간'!W61)<=0,"적자",K28/('연간'!W61)),"") | L49: =IFERROR(IF(('연간'!X61)<=0,"적자",L28/('연간'!X61)),"")
A50: 수익성
A51: ROE | B51: 15%↑ (버핏) | C51: =IFERROR((IF(COUNT('연간'!I61:L61)<4,"",SUM('연간'!I61:L61)))/C31,"") | D51: =IFERROR((IF(COUNT('연간'!J61:M61)<4,"",SUM('연간'!J61:M61)))/D31,"") | E51: =IFERROR((IF(COUNT('연간'!K61:N61)<4,"",SUM('연간'!K61:N61)))/E31,"") | H51: =IFERROR(('연간'!T61)/H31,"") | I51: =IFERROR(('연간'!U61)/I31,"") | J51: =IFERROR(('연간'!V61)/J31,"") | K51: =IFERROR(('연간'!W61)/K31,"") | L51: =IFERROR(('연간'!X61)/L31,"")
A52: ROA | B52: 5%↑ | C52: =IFERROR((IF(COUNT('연간'!I59:L59)<4,"",SUM('연간'!I59:L59)))/C16,"") | D52: =IFERROR((IF(COUNT('연간'!J59:M59)<4,"",SUM('연간'!J59:M59)))/D16,"") | E52: =IFERROR((IF(COUNT('연간'!K59:N59)<4,"",SUM('연간'!K59:N59)))/E16,"") | H52: =IFERROR(('연간'!T59)/H16,"") | I52: =IFERROR(('연간'!U59)/I16,"") | J52: =IFERROR(('연간'!V59)/J16,"") | K52: =IFERROR(('연간'!W59)/K16,"") | L52: =IFERROR(('연간'!X59)/L16,"")
A53: ROIC | B53: 10%↑ (세후영업이익 기준) | C53: =IFERROR((IF(COUNT('연간'!I31:L31)<4,"",SUM('연간'!I31:L31)))*(1-0.3)/(C35+C29),"") | D53: =IFERROR((IF(COUNT('연간'!J31:M31)<4,"",SUM('연간'!J31:M31)))*(1-0.3)/(D35+D29),"") | E53: =IFERROR((IF(COUNT('연간'!K31:N31)<4,"",SUM('연간'!K31:N31)))*(1-0.3)/(E35+E29),"") | H53: =IFERROR(('연간'!T31)*(1-0.3)/(H35+H29),"") | I53: =IFERROR(('연간'!U31)*(1-0.3)/(I35+I29),"") | J53: =IFERROR(('연간'!V31)*(1-0.3)/(J35+J29),"") | K53: =IFERROR(('연간'!W31)*(1-0.3)/(K35+K29),"") | L53: =IFERROR(('연간'!X31)*(1-0.3)/(L35+L29),"")
A54: 매출총이익률 (GPM) | B54: 40%↑ (해자 신호) | C54: =IFERROR((IF(COUNT('연간'!I25:L25)<4,"",SUM('연간'!I25:L25)))/(IF(COUNT('연간'!I4:L4)<4,"",SUM('연간'!I4:L4))),"") | D54: =IFERROR((IF(COUNT('연간'!J25:M25)<4,"",SUM('연간'!J25:M25)))/(IF(COUNT('연간'!J4:M4)<4,"",SUM('연간'!J4:M4))),"") | E54: =IFERROR((IF(COUNT('연간'!K25:N25)<4,"",SUM('연간'!K25:N25)))/(IF(COUNT('연간'!K4:N4)<4,"",SUM('연간'!K4:N4))),"") | H54: =IFERROR(('연간'!T25)/('연간'!T4),"") | I54: =IFERROR(('연간'!U25)/('연간'!U4),"") | J54: =IFERROR(('연간'!V25)/('연간'!V4),"") | K54: =IFERROR(('연간'!W25)/('연간'!W4),"") | L54: =IFERROR(('연간'!X25)/('연간'!X4),"")
A55: 영업이익률 (OPM) | B55: 15%↑ | C55: =IFERROR((IF(COUNT('연간'!I31:L31)<4,"",SUM('연간'!I31:L31)))/(IF(COUNT('연간'!I4:L4)<4,"",SUM('연간'!I4:L4))),"") | D55: =IFERROR((IF(COUNT('연간'!J31:M31)<4,"",SUM('연간'!J31:M31)))/(IF(COUNT('연간'!J4:M4)<4,"",SUM('연간'!J4:M4))),"") | E55: =IFERROR((IF(COUNT('연간'!K31:N31)<4,"",SUM('연간'!K31:N31)))/(IF(COUNT('연간'!K4:N4)<4,"",SUM('연간'!K4:N4))),"") | H55: =IFERROR(('연간'!T31)/('연간'!T4),"") | I55: =IFERROR(('연간'!U31)/('연간'!U4),"") | J55: =IFERROR(('연간'!V31)/('연간'!V4),"") | K55: =IFERROR(('연간'!W31)/('연간'!W4),"") | L55: =IFERROR(('연간'!X31)/('연간'!X4),"")
A56: 순이익률 | B56: 10%↑ | C56: =IFERROR((IF(COUNT('연간'!I59:L59)<4,"",SUM('연간'!I59:L59)))/(IF(COUNT('연간'!I4:L4)<4,"",SUM('연간'!I4:L4))),"") | D56: =IFERROR((IF(COUNT('연간'!J59:M59)<4,"",SUM('연간'!J59:M59)))/(IF(COUNT('연간'!J4:M4)<4,"",SUM('연간'!J4:M4))),"") | E56: =IFERROR((IF(COUNT('연간'!K59:N59)<4,"",SUM('연간'!K59:N59)))/(IF(COUNT('연간'!K4:N4)<4,"",SUM('연간'!K4:N4))),"") | H56: =IFERROR(('연간'!T59)/('연간'!T4),"") | I56: =IFERROR(('연간'!U59)/('연간'!U4),"") | J56: =IFERROR(('연간'!V59)/('연간'!V4),"") | K56: =IFERROR(('연간'!W59)/('연간'!W4),"") | L56: =IFERROR(('연간'!X59)/('연간'!X4),"")
A57: 효율성 (회전율)
A58: 총자산회전율 | B58: 높을수록↑ | C58: =IFERROR((IF(COUNT('연간'!I4:L4)<4,"",SUM('연간'!I4:L4)))/C16,"") | D58: =IFERROR((IF(COUNT('연간'!J4:M4)<4,"",SUM('연간'!J4:M4)))/D16,"") | E58: =IFERROR((IF(COUNT('연간'!K4:N4)<4,"",SUM('연간'!K4:N4)))/E16,"") | H58: =IFERROR(('연간'!T4)/H16,"") | I58: =IFERROR(('연간'!U4)/I16,"") | J58: =IFERROR(('연간'!V4)/J16,"") | K58: =IFERROR(('연간'!W4)/K16,"") | L58: =IFERROR(('연간'!X4)/L16,"")
A59: 매출채권회전일수 | B59: 짧을수록↑ | C59: =IFERROR(C8/(IF(COUNT('연간'!I4:L4)<4,"",SUM('연간'!I4:L4)))*365,"") | D59: =IFERROR(D8/(IF(COUNT('연간'!J4:M4)<4,"",SUM('연간'!J4:M4)))*365,"") | E59: =IFERROR(E8/(IF(COUNT('연간'!K4:N4)<4,"",SUM('연간'!K4:N4)))*365,"") | H59: =IFERROR(H8/('연간'!T4)*365,"") | I59: =IFERROR(I8/('연간'!U4)*365,"") | J59: =IFERROR(J8/('연간'!V4)*365,"") | K59: =IFERROR(K8/('연간'!W4)*365,"") | L59: =IFERROR(L8/('연간'!X4)*365,"")
A60: 재고자산회전일수 | B60: 짧을수록↑ | C60: =IFERROR(C9/(IF(COUNT('연간'!I23:L23)<4,"",SUM('연간'!I23:L23)))*365,"") | D60: =IFERROR(D9/(IF(COUNT('연간'!J23:M23)<4,"",SUM('연간'!J23:M23)))*365,"") | E60: =IFERROR(E9/(IF(COUNT('연간'!K23:N23)<4,"",SUM('연간'!K23:N23)))*365,"") | H60: =IFERROR(H9/('연간'!T23)*365,"") | I60: =IFERROR(I9/('연간'!U23)*365,"") | J60: =IFERROR(J9/('연간'!V23)*365,"") | K60: =IFERROR(K9/('연간'!W23)*365,"") | L60: =IFERROR(L9/('연간'!X23)*365,"")
A61: 매입채무회전일수 | B61: 길수록 유리 | C61: =IFERROR(C19/(IF(COUNT('연간'!I23:L23)<4,"",SUM('연간'!I23:L23)))*365,"") | D61: =IFERROR(D19/(IF(COUNT('연간'!J23:M23)<4,"",SUM('연간'!J23:M23)))*365,"") | E61: =IFERROR(E19/(IF(COUNT('연간'!K23:N23)<4,"",SUM('연간'!K23:N23)))*365,"") | H61: =IFERROR(H19/('연간'!T23)*365,"") | I61: =IFERROR(I19/('연간'!U23)*365,"") | J61: =IFERROR(J19/('연간'!V23)*365,"") | K61: =IFERROR(K19/('연간'!W23)*365,"") | L61: =IFERROR(L19/('연간'!X23)*365,"")
A62: 현금전환주기 (CCC) | B62: 짧을수록↑ | C62: =IF(OR(C59="",C60="",C61=""),"",IFERROR(C59+C60-C61,"")) | D62: =IF(OR(D59="",D60="",D61=""),"",IFERROR(D59+D60-D61,"")) | E62: =IF(OR(E59="",E60="",E61=""),"",IFERROR(E59+E60-E61,"")) | F62: =IF(OR(F59="",F60="",F61=""),"",IFERROR(F59+F60-F61,"")) | G62: =IF(OR(G59="",G60="",G61=""),"",IFERROR(G59+G60-G61,"")) | H62: =IF(OR(H59="",H60="",H61=""),"",IFERROR(H59+H60-H61,"")) | I62: =IF(OR(I59="",I60="",I61=""),"",IFERROR(I59+I60-I61,"")) | J62: =IF(OR(J59="",J60="",J61=""),"",IFERROR(J59+J60-J61,"")) | ... L62: =IF(OR(L59="",L60="",L61=""),"",IFERROR(L59+L60-L61,""))
A63: 현금흐름
A64: 영업현금흐름 / 순이익 | B64: 1x↑ (이익의 질) | C64: =IF(C37="","",IFERROR(C37/(IF(COUNT('연간'!I59:L59)<4,"",SUM('연간'!I59:L59))),"")) | D64: =IF(D37="","",IFERROR(D37/(IF(COUNT('연간'!J59:M59)<4,"",SUM('연간'!J59:M59))),"")) | E64: =IF(E37="","",IFERROR(E37/(IF(COUNT('연간'!K59:N59)<4,"",SUM('연간'!K59:N59))),"")) | H64: =IF(H37="","",IFERROR(H37/('연간'!T59),"")) | I64: =IF(I37="","",IFERROR(I37/('연간'!U59),"")) | J64: =IF(J37="","",IFERROR(J37/('연간'!V59),"")) | K64: =IF(K37="","",IFERROR(K37/('연간'!W59),"")) | L64: =IF(L37="","",IFERROR(L37/('연간'!X59),""))
A65: FCF 마진 | B65: 5%↑ | C65: =IF(C39="","",IFERROR(C39/(IF(COUNT('연간'!I4:L4)<4,"",SUM('연간'!I4:L4))),"")) | D65: =IF(D39="","",IFERROR(D39/(IF(COUNT('연간'!J4:M4)<4,"",SUM('연간'!J4:M4))),"")) | E65: =IF(E39="","",IFERROR(E39/(IF(COUNT('연간'!K4:N4)<4,"",SUM('연간'!K4:N4))),"")) | H65: =IF(H39="","",IFERROR(H39/('연간'!T4),"")) | I65: =IF(I39="","",IFERROR(I39/('연간'!U4),"")) | J65: =IF(J39="","",IFERROR(J39/('연간'!V4),"")) | K65: =IF(K39="","",IFERROR(K39/('연간'!W4),"")) | L65: =IF(L39="","",IFERROR(L39/('연간'!X4),""))
A66: CAPEX / 매출 | B66: 낮을수록↑ (자본 가벼움) | C66: =IF(C38="","",IFERROR(C38/(IF(COUNT('연간'!I4:L4)<4,"",SUM('연간'!I4:L4))),"")) | D66: =IF(D38="","",IFERROR(D38/(IF(COUNT('연간'!J4:M4)<4,"",SUM('연간'!J4:M4))),"")) | E66: =IF(E38="","",IFERROR(E38/(IF(COUNT('연간'!K4:N4)<4,"",SUM('연간'!K4:N4))),"")) | H66: =IF(H38="","",IFERROR(H38/('연간'!T4),"")) | I66: =IF(I38="","",IFERROR(I38/('연간'!U4),"")) | J66: =IF(J38="","",IFERROR(J38/('연간'!V4),"")) | K66: =IF(K38="","",IFERROR(K38/('연간'!W4),"")) | L66: =IF(L38="","",IFERROR(L38/('연간'!X4),""))
A67: 배당성향 | B67: 참고 | C67: =IF(C40="","",IFERROR(C40/(IF(COUNT('연간'!I61:L61)<4,"",SUM('연간'!I61:L61))),"")) | D67: =IF(D40="","",IFERROR(D40/(IF(COUNT('연간'!J61:M61)<4,"",SUM('연간'!J61:M61))),"")) | E67: =IF(E40="","",IFERROR(E40/(IF(COUNT('연간'!K61:N61)<4,"",SUM('연간'!K61:N61))),"")) | H67: =IF(H40="","",IFERROR(H40/('연간'!T61),"")) | I67: =IF(I40="","",IFERROR(I40/('연간'!U61),"")) | J67: =IF(J40="","",IFERROR(J40/('연간'!V61),"")) | K67: =IF(K40="","",IFERROR(K40/('연간'!W61),"")) | L67: =IF(L40="","",IFERROR(L40/('연간'!X61),""))
A69: 재무상태표 · 전 항목 | B69: 분기 말 잔액
A70: 항목 | B70: 참고 | C70: 2026.1Q | D70: 2026.2Q | E70: 2026.3Q | F70: 2026.4Q | G70: 2027.1Q | H70: 2021 | I70: 2022 | J70: 2023 | K70: 2024 | L70: 2025
A71: 현금및현금성자산 | C71: 267629 | D71: 295897 | E71: 295897 | G71: 637182 | H71: 221924 | I71: 336068 | J71: 434681 | K71: 229249 | L71: 295897
A72: 영업채권 및 기타채권 | C72: 198052 | D72: 169124 | E72: 169124 | G72: 203060 | H72: 140478 | I72: 162623 | J72: 168991 | K72: 167113 | L72: 169124
A73: 재고자산 | C73: 199988 | D73: 185903 | E73: 185903 | G73: 231888 | H73: 137759 | I73: 187958 | J73: 163054 | K73: 176544 | L73: 185903
A74: 기타금융자산 | C74: 40278 | D74: 38601 | E74: 38601 | G74: 38201 | H74: 737 | I74: 6688 | J74: 4660 | K74: 9236 | L74: 38601
A75: 미수법인세 | C75: 14600 | D75: 10757 | E75: 10757 | G75: 17277 | H75: 4395 | I75: 4462 | J75: 7495 | K75: 12454 | L75: 10757
A76: 기타유동자산 | C76: 20155 | D76: 23277 | E76: 23277 | G76: 35346 | H76: 12352 | I76: 17320 | J76: 21792 | K76: 22730 | L76: 23277
A77: 소계 | E77: 723559 | G77: 890657
A78: 매각예정 자산 | E78: 0 | G78: 315803
A79: 유동자산 합계 | C79: 740702 | D79: 723559 | E79: 723559 | G79: 1162954 | H79: 517645 | I79: 715119 | J79: 800673 | K79: 617326 | L79: 723559
A80: 유형자산 | C80: 361512 | D80: 355835 | E80: 355835 | G80: 372526 | H80: 198165 | I80: 208042 | J80: 266139 | K80: 341447 | L80: 355835
A81: 영업권 | C81: 2286199 | D81: 2239337 | E81: 2239337 | G81: 1953475 | H81: 1089452 | I81: 1264275 | J81: 1362131 | K81: 2256169 | L81: 2239337
A82: 무형자산 | C82: 573169 | D82: 593324 | E82: 593324 | G82: 509994 | H82: 534778 | I82: 488839 | J82: 421847 | K82: 724768 | L82: 593324
A83: 지분법 투자 | C83: 996 | D83: 825 | E83: 825 | G83: 1451 | J83: 0 | K83: 328 | L83: 825
A84: 기타금융자산 | C84: 163512 | D84: 168363 | E84: 168363 | G84: 587741 | H84: 34633 | I84: 84149 | J84: 255230 | K84: 450702 | L84: 168363
A85: 이연법인세자산 | C85: 53300 | D85: 51414 | E85: 51414 | G85: 54047 | H85: 42537 | I85: 37876 | J85: 43385 | K85: 47107 | L85: 51414
A86: 기타비유동자산 | C86: 47969 | D86: 44506 | E86: 44506 | G86: 60149 | H86: 9091 | I86: 14191 | J86: 17598 | K86: 52589 | L86: 44506
A87: 비유동자산 합계 | C87: 3486657 | D87: 3453604 | E87: 3453604 | G87: 3539383 | H87: 1908656 | I87: 2097372 | J87: 2366330 | K87: 3873110 | L87: 3453604
A88: 자산 합계 | C88: 4227359 | D88: 4177163 | E88: 4177163 | G88: 4702337 | H88: 2426301 | I88: 2812491 | J88: 3167003 | K88: 4490436 | L88: 4177163
A89: 영업채무 및 기타채무 | C89: 217193 | D89: 219167 | E89: 219167 | G89: 235033 | H89: 204330 | I89: 222941 | J89: 243192 | K89: 231029 | L89: 219167
A90: 사채 및 차입금 | C90: 245531 | D90: 242478 | E90: 242478 | G90: 251002 | H90: 121105 | I90: 120005 | J90: 425312 | K90: 144137 | L90: 242478
A91: 기타금융부채 | C91: 7394 | D91: 9477 | E91: 9477 | G91: 11079 | H91: 11595 | I91: 13838 | J91: 24311 | K91: 8071 | L91: 9477
A92: 미지급법인세 | C92: 19297 | D92: 24377 | E92: 24377 | G92: 151030 | H92: 22050 | I92: 79025 | J92: 41414 | K92: 5930 | L92: 24377
A93: 충당금 | C93: 3707 | D93: 4099 | E93: 4099 | G93: 2796 | H93: 11185 | I93: 8099 | J93: 11215 | K93: 11273 | L93: 4099
A94: 기타유동부채 | C94: 108526 | D94: 116782 | E94: 116782 | G94: 128571 | H94: 75623 | I94: 81565 | J94: 83281 | K94: 90998 | L94: 116782
A95: 소계 | E95: 616380 | G95: 653184
A96: 매각예정 자산 직접 관련 부채 | E96: 0 | G96: 226
A97: 유동부채 합계 | C97: 601648 | D97: 616380 | E97: 616380 | G97: 779511 | H97: 445888 | I97: 525473 | J97: 828725 | K97: 491438 | L97: 616380
A98: 영업채무 및 기타채무 | C98: 1736 | D98: 7070 | E98: 7070 | G98: 376 | H98: 15100 | I98: 3382 | J98: 4140 | K98: 22938 | L98: 7070
A99: 사채 및 차입금 | C99: 1141267 | H99: 692983 | I99: 635738 | J99: 225636 | K99: 1256535
A100: 차입금 | C100: 937128 | D100: 964089 | E100: 964089 | G100: 875321 | K100: 1122281 | L100: 964089
A101: 기타금융부채 | C101: 14996 | D101: 14598 | E101: 14598 | G101: 15417 | H101: 11868 | I101: 11301 | J101: 11371 | K101: 15616 | L101: 14598
...

Sheet 섹터 데이터
A1: 르네사스일렉트로닉스 섹터·사업 데이터
A2: 2단계 보고서를 만들 때 모은 자료 · 월차 · 출처는 맨 오른쪽
A4: G3
A5: 항목 | B5: 값 | H5: 출처
A6: 매출 | B6: 4300 | H6: 2단계 보고서 자료(회사 설명회 자료·공시)
A7: 매출총이익률 | B7: 57.5
A8: 영업이익률 | B8: 32.5
A9: gp | B9: 2472.5
A10: 영업이익 | B10: 1397.5
A11: 순이익 | B11: 1193.2
A13: CONS3
A14: 항목 | B14: 값 | H14: 출처
A15: 매출 | B15: 4354.8 | H15: 2단계 보고서 자료(회사 설명회 자료·공시)
A16: EPS | B16: 68.24
A17: 순이익 | B17: 1247.1
A19: CONS FY
A20: 항목 | B20: 값 | H20: 출처
A21: 매출 | B21: 16627.4 | H21: 2단계 보고서 자료(회사 설명회 자료·공시)
A22: EPS | B22: 240.92
A23: 애널리스트 수 | B23: 6
A24: 매출 애널리스트 수 | B24: 11
A25: eps27 | B25: 274.5
A26: tp | B26: 5134.6
A27: tp med | B27: 5500
A28: tp 애널리스트 수 | B28: 13
A30: E3
A31: 항목 | B31: 값 | H31: 출처
A32: 매출 | B32: 4414 | H32: 2단계 보고서 자료(회사 설명회 자료·공시)
A33: 영업이익률 | B33: 34
A34: 영업이익 | B34: 1501
A35: 순이익 | B35: 1282
A36: EPS | B36: 70.2
A37: g4 | B37: 4400
A39: A3
A40: 항목 | B40: 값 | H40: 출처
A41: 매출 | B41: 4352 | H41: 2단계 보고서 자료(회사 설명회 자료·공시)
A42: gp | B42: 2583
A43: 영업이익 | B43: 1505
A44: 순이익 | B44: 1250
A45: 매출총이익률 | B45: 59.4
A46: 영업이익률 | B46: 34.6
A47: ebitda | B47: 1734
A48: 달러 | B48: 161
A50: G4
A51: 항목 | B51: 값 | H51: 출처
A52: 매출 | B52: 4540 | H52: 2단계 보고서 자료(회사 설명회 자료·공시)
A53: 매출총이익률 | B53: 58
A54: 영업이익률 | B54: 32
A55: gp | B55: 2633.2
A56: 영업이익 | B56: 1452.8
A57: 순이익 | B57: 1206.6
A59: GFY
A60: 항목 | B60: 값 | H60: 출처
A61: 매출 | B61: 16668 | H61: 2단계 보고서 자료(회사 설명회 자료·공시)
A62: 매출총이익률 | B62: 58.6
A63: 영업이익률 | B63: 33.2
A64: gp | B64: 9767
A65: 영업이익 | B65: 5534
A66: 순이익 | B66: 4619
A67: EPS | B67: 253.1
A69: NM9
A70: 항목 | B70: 값 | H70: 출처
A71: 매출 | B71: 12128 | H71: 2단계 보고서 자료(회사 설명회 자료·공시)
A72: gp | B72: 7139
A73: 영업이익 | B73: 4087
A74: 순이익 | B74: 3412
A76: TI
A77: 항목 | B77: 값 | H77: 출처
A78: 2022-Q2 | B78: 5212 | H78: 2단계 보고서 자료(회사 설명회 자료·공시)
A79: 2022-Q3 | B79: 5241
A80: 2022-Q4 | B80: 4670
A81: 2023-Q1 | B81: 4379
A82: 2023-Q2 | B82: 4531
A83: 2023-Q3 | B83: 4532
A84: 2023-Q4 | B84: 4077
A85: 2024-Q1 | B85: 3661
A86: 2024-Q2 | B86: 3822
A87: 2024-Q3 | B87: 4151
A88: 2024-Q4 | B88: 4007
A89: 2025-Q1 | B89: 4069
A90: 2025-Q2 | B90: 4448
... A95: 2026-Q3 | B95: 6055
A97: beat
A98: 항목 | B98: g 매출 | C98: a 매출 | D98: 매출 b | E98: g 영업이익 | F98: a 영업이익 | G98: 영업이익률 b | H98: 출처
A99: 2023-Q1 | B99: 3550 | C99: 3597 | D99: 1.3 | E99: 1154 | F99: 1248 | G99: 2.2 | H99: 2단계 보고서 자료(회사 설명회 자료·공시)
A100: 2023-Q2 | B100: 3600 | C100: 3687 | D100: 2.4 | E100: 1152 | F100: 1291 | G100: 3
A101: 2023-Q3 | B101: 3700 | C101: 3794 | D101: 2.5 | E101: 1202 | F101: 1323 | G101: 2.4
A102: 2023-Q4 | B102: 3580 | C102: 3619 | D102: 1.1 | E102: 1092 | F102: 1155 | G102: 1.4
A103: 2024-Q1 | B103: 3450 | C103: 3518 | D103: 2 | E103: 1035 | F103: 1135 | G103: 2.3
A104: 2024-Q2 | B104: 3550 | C104: 3588 | D104: 1.1 | E104: 1083 | F104: 1106 | G104: 0.3
A105: 2024-Q3 | B105: 3480 | C105: 3453 | D105: -0.8 | E105: 957 | F105: 984 | G105: 1
A106: 2024-Q4 | B106: 2785 | C106: 2926 | D106: 5.1 | E106: 627 | F106: 754 | G106: 3.3
A107: 2025-Q1 | B107: 3090 | C107: 3088 | D107: -0.1 | E107: 742 | F107: 838 | G107: 3.1
A108: 2025-Q2 | B108: 3020 | C108: 3246 | D108: 7.5 | E108: 755 | F108: 919 | G108: 3.3
A109: 2025-Q3 | B109: 3300 | C109: 3342 | D109: 1.3 | E109: 891 | F109: 1032 | G109: 3.9
A110: 2025-Q4 | B110: 3400 | C110: 3509 | D110: 3.2 | E110: 935 | F110: 1080 | G110: 3.3
A111: 2026-Q1 | B111: 3750 | C111: 3723 | D111: -0.7 | E111: 1200 | F111: 1254 | G111: 1.7
... A113: 2026-Q3 | B113: 4300 | C113: 4352 | D113: 1.2 | E113: 1398 | F113: 1505 | G113: 2.1

Sheet 출처
A1: 출처 · 쓴 결산단신
A3: 공시일 | B3: 문서 | C3: PDF
A4: 2026-10-29 | B4: 2026년 12월 결산기 ３분기 결산단신 | C4: https://www2.jpx.co.jp/disc/67230/140120261028557610.pdf
A5: 2026-07-31 | B5: 2026년 12월 결산기 ２분기 결산단신 | C5: https://www2.jpx.co.jp/disc/67230/140120260730503658.pdf
A6: 2026-04-24 | B6: 2026년 12월 결산기 １분기 결산단신 | C6: https://www2.jpx.co.jp/disc/67230/140120260423508891.pdf
A7: 2026-02-05 | B7: 2025년 12월 결산기 연간 결산단신 | C7: https://www2.jpx.co.jp/disc/67230/140120260204546960.pdf
A8: 2025-10-30 | B8: 2025년 12월 결산기 ３분기 결산단신 | C8: https://www2.jpx.co.jp/disc/67230/140120251029581425.pdf
A9: 2025-07-25 | B9: 2025년 12월 결산기 ２분기 결산단신 | C9: https://www2.jpx.co.jp/disc/67230/140120250724519666.pdf
A10: 2025-04-24 | B10: 2025년 12월 결산기 １분기 결산단신 | C10: https://www2.jpx.co.jp/disc/67230/140120250423521276.pdf
A11: 2025-02-06 | B11: 2024년 12월 결산기 연간 결산단신 | C11: https://www2.jpx.co.jp/disc/67230/140120250205564373.pdf
A12: 2024-10-31 | B12: 2024년 12월 결산기 ３분기 결산단신 | C12: https://www2.jpx.co.jp/disc/67230/140120241030506365.pdf
A13: 2024-07-25 | B13: 2024년 12월 결산기 ２분기 결산단신 | C13: https://www2.jpx.co.jp/disc/67230/140120240724554093.pdf
A14: 2024-04-25 | B14: 2024년 12월 결산기 １분기 결산단신 | C14: https://www2.jpx.co.jp/disc/67230/140120240423574840.pdf
... A23: 2019-02-08 | B23: 2018년 12월 결산기 연간 결산단신 | C23: https://www2.jpx.co.jp/disc/67230/140120190208473218.pdf
