Workbook

Sheet 연간
A1: 미라이공업 Model
A2: 모를 땐 보수적으로 | B2: (단위: 백만엔) | C2: 2월 결산 · 일본 기준 · 2027.4Q = 2027년 2월 결산기 4분기 | Y2: (추정: 파란 글씨 = 직접 입력)
A3: 항목 | B3: 참고 | C3: 2025.1Q | D3: 2025.2Q | E3: 2025.3Q | F3: 2025.4Q | G3: 2026.1Q | H3: 2026.2Q | I3: 2026.3Q | J3: 2026.4Q | K3: 2027.1Q | L3: 2027.2Q | M3: 2027.3Q | N3: 2027.4Q | O3: 2018 | P3: 2019 | Q3: 2020 | R3: 2021 | S3: 2022 | T3: 2023 | U3: 2024 | V3: 2025 | W3: 2026 | X3: 2027 | Y3: 2028(MW) | Z3: 2029(MW) | AA3: 2030(MW) | AB3: 2031(MW) | AC3: 2032(MW)
A4: 매출액 | B4: MW = 제품 합계 | C4: 11142 | D4: 11221 | E4: 12606 | F4: 9122 | G4: 11677 | H4: 11269 | I4: 12432 | J4: 9735 | K4: 12764 | L4: 12097 | P4: 35175 | Q4: 36035 | R4: 37573 | S4: 36069 | T4: 36905 | U4: 39568 | V4: 44091 | W4: 45113 | X4: 45673 | Y4: =IF(COUNT(Y7,Y10,Y13)=0,"",SUM(Y7,Y10,Y13)) | Z4: =IF(COUNT(Z7,Z10,Z13)=0,"",SUM(Z7,Z10,Z13)) | AA4: =IF(COUNT(AA7,AA10,AA13)=0,"",SUM(AA7,AA10,AA13)) | AB4: =IF(COUNT(AB7,AB10,AB13)=0,"",SUM(AB7,AB10,AB13)) | AC4: =IF(COUNT(AC7,AC10,AC13)=0,"",SUM(AC7,AC10,AC13))
A5: YoY | G5: =IF(OR(G4="",C4=""),"",IFERROR(G4/C4-1,"")) | H5: =IF(OR(H4="",D4=""),"",IFERROR(H4/D4-1,"")) | I5: =IF(OR(I4="",E4=""),"",IFERROR(I4/E4-1,"")) | J5: =IF(OR(J4="",F4=""),"",IFERROR(J4/F4-1,"")) | K5: =IF(OR(K4="",G4=""),"",IFERROR(K4/G4-1,"")) | L5: =IF(OR(L4="",H4=""),"",IFERROR(L4/H4-1,"")) | M5: =IF(OR(M4="",I4=""),"",IFERROR(M4/I4-1,"")) | N5: =IF(OR(N4="",J4=""),"",IFERROR(N4/J4-1,"")) | P5: =IF(OR(P4="",O4=""),"",IFERROR(P4/O4-1,"")) | Q5: =IF(OR(Q4="",P4=""),"",IFERROR(Q4/P4-1,"")) | R5: =IF(OR(R4="",Q4=""),"",IFERROR(R4/Q4-1,"")) | S5: =IF(OR(S4="",R4=""),"",IFERROR(S4/R4-1,"")) | T5: =IF(OR(T4="",S4=""),"",IFERROR(T4/S4-1,"")) | U5: =IF(OR(U4="",T4=""),"",IFERROR(U4/T4-1,"")) | V5: =IF(OR(V4="",U4=""),"",IFERROR(V4/U4-1,"")) | W5: =IF(OR(W4="",V4=""),"",IFERROR(W4/V4-1,"")) | ... AC5: =IF(OR(AC4="",AB4=""),"",IFERROR(AC4/AB4-1,""))
A6: 제품별 매출 분류 | B6: 사업보고서 매출실적
A7: 전기자재 및 관재 | C7: 8649 | D7: 8708 | E7: 9766 | F7: 6997 | G7: 9019 | H7: 8540 | I7: 9492 | J7: 7733 | K7: 9883 | L7: 9150 | V7: 34120 | W7: 34784 | X7: 34733
A8: 비중 | C8: =IF(OR(C7="",C4=""),"",IFERROR(C7/C4,"")) | D8: =IF(OR(D7="",D4=""),"",IFERROR(D7/D4,"")) | E8: =IF(OR(E7="",E4=""),"",IFERROR(E7/E4,"")) | F8: =IF(OR(F7="",F4=""),"",IFERROR(F7/F4,"")) | G8: =IF(OR(G7="",G4=""),"",IFERROR(G7/G4,"")) | H8: =IF(OR(H7="",H4=""),"",IFERROR(H7/H4,"")) | I8: =IF(OR(I7="",I4=""),"",IFERROR(I7/I4,"")) | J8: =IF(OR(J7="",J4=""),"",IFERROR(J7/J4,"")) | ... AC8: =IF(OR(AC7="",AC4=""),"",IFERROR(AC7/AC4,""))
A9: YoY | G9: =IF(OR(G7="",C7=""),"",IFERROR(G7/C7-1,"")) | H9: =IF(OR(H7="",D7=""),"",IFERROR(H7/D7-1,"")) | I9: =IF(OR(I7="",E7=""),"",IFERROR(I7/E7-1,"")) | J9: =IF(OR(J7="",F7=""),"",IFERROR(J7/F7-1,"")) | K9: =IF(OR(K7="",G7=""),"",IFERROR(K7/G7-1,"")) | L9: =IF(OR(L7="",H7=""),"",IFERROR(L7/H7-1,"")) | M9: =IF(OR(M7="",I7=""),"",IFERROR(M7/I7-1,"")) | N9: =IF(OR(N7="",J7=""),"",IFERROR(N7/J7-1,"")) | P9: =IF(OR(P7="",O7=""),"",IFERROR(P7/O7-1,"")) | Q9: =IF(OR(Q7="",P7=""),"",IFERROR(Q7/P7-1,"")) | R9: =IF(OR(R7="",Q7=""),"",IFERROR(R7/Q7-1,"")) | S9: =IF(OR(S7="",R7=""),"",IFERROR(S7/R7-1,"")) | T9: =IF(OR(T7="",S7=""),"",IFERROR(T7/S7-1,"")) | U9: =IF(OR(U7="",T7=""),"",IFERROR(U7/T7-1,"")) | V9: =IF(OR(V7="",U7=""),"",IFERROR(V7/U7-1,"")) | W9: =IF(OR(W7="",V7=""),"",IFERROR(W7/V7-1,"")) | ... AC9: =IF(OR(AC7="",AB7=""),"",IFERROR(AC7/AB7-1,""))
A10: 배선 기구 | C10: 1710 | D10: 1804 | E10: 2089 | F10: 1224 | G10: 1903 | H10: 1972 | I10: 2221 | J10: 1233 | K10: 2148 | L10: 2177 | V10: 6827 | W10: 7329 | X10: 8037
A11: 비중 | C11: =IF(OR(C10="",C4=""),"",IFERROR(C10/C4,"")) | D11: =IF(OR(D10="",D4=""),"",IFERROR(D10/D4,"")) | E11: =IF(OR(E10="",E4=""),"",IFERROR(E10/E4,"")) | F11: =IF(OR(F10="",F4=""),"",IFERROR(F10/F4,"")) | G11: =IF(OR(G10="",G4=""),"",IFERROR(G10/G4,"")) | H11: =IF(OR(H10="",H4=""),"",IFERROR(H10/H4,"")) | I11: =IF(OR(I10="",I4=""),"",IFERROR(I10/I4,"")) | J11: =IF(OR(J10="",J4=""),"",IFERROR(J10/J4,"")) | ... AC11: =IF(OR(AC10="",AC4=""),"",IFERROR(AC10/AC4,""))
A12: YoY | G12: =IF(OR(G10="",C10=""),"",IFERROR(G10/C10-1,"")) | H12: =IF(OR(H10="",D10=""),"",IFERROR(H10/D10-1,"")) | I12: =IF(OR(I10="",E10=""),"",IFERROR(I10/E10-1,"")) | J12: =IF(OR(J10="",F10=""),"",IFERROR(J10/F10-1,"")) | K12: =IF(OR(K10="",G10=""),"",IFERROR(K10/G10-1,"")) | L12: =IF(OR(L10="",H10=""),"",IFERROR(L10/H10-1,"")) | M12: =IF(OR(M10="",I10=""),"",IFERROR(M10/I10-1,"")) | N12: =IF(OR(N10="",J10=""),"",IFERROR(N10/J10-1,"")) | P12: =IF(OR(P10="",O10=""),"",IFERROR(P10/O10-1,"")) | Q12: =IF(OR(Q10="",P10=""),"",IFERROR(Q10/P10-1,"")) | R12: =IF(OR(R10="",Q10=""),"",IFERROR(R10/Q10-1,"")) | S12: =IF(OR(S10="",R10=""),"",IFERROR(S10/R10-1,"")) | T12: =IF(OR(T10="",S10=""),"",IFERROR(T10/S10-1,"")) | U12: =IF(OR(U10="",T10=""),"",IFERROR(U10/T10-1,"")) | V12: =IF(OR(V10="",U10=""),"",IFERROR(V10/U10-1,"")) | W12: =IF(OR(W10="",V10=""),"",IFERROR(W10/V10-1,"")) | ... AC12: =IF(OR(AC10="",AB10=""),"",IFERROR(AC10/AB10-1,""))
A13: 기타 | C13: 782 | D13: 709 | E13: 751 | F13: 901 | G13: 754 | H13: 757 | I13: 720 | J13: 768 | K13: 732 | L13: 769 | V13: 3143 | W13: 2999 | X13: 2902
A14: 비중 | C14: =IF(OR(C13="",C4=""),"",IFERROR(C13/C4,"")) | D14: =IF(OR(D13="",D4=""),"",IFERROR(D13/D4,"")) | E14: =IF(OR(E13="",E4=""),"",IFERROR(E13/E4,"")) | F14: =IF(OR(F13="",F4=""),"",IFERROR(F13/F4,"")) | G14: =IF(OR(G13="",G4=""),"",IFERROR(G13/G4,"")) | H14: =IF(OR(H13="",H4=""),"",IFERROR(H13/H4,"")) | I14: =IF(OR(I13="",I4=""),"",IFERROR(I13/I4,"")) | J14: =IF(OR(J13="",J4=""),"",IFERROR(J13/J4,"")) | ... AC14: =IF(OR(AC13="",AC4=""),"",IFERROR(AC13/AC4,""))
A15: YoY | G15: =IF(OR(G13="",C13=""),"",IFERROR(G13/C13-1,"")) | H15: =IF(OR(H13="",D13=""),"",IFERROR(H13/D13-1,"")) | I15: =IF(OR(I13="",E13=""),"",IFERROR(I13/E13-1,"")) | J15: =IF(OR(J13="",F13=""),"",IFERROR(J13/F13-1,"")) | K15: =IF(OR(K13="",G13=""),"",IFERROR(K13/G13-1,"")) | L15: =IF(OR(L13="",H13=""),"",IFERROR(L13/H13-1,"")) | M15: =IF(OR(M13="",I13=""),"",IFERROR(M13/I13-1,"")) | N15: =IF(OR(N13="",J13=""),"",IFERROR(N13/J13-1,"")) | P15: =IF(OR(P13="",O13=""),"",IFERROR(P13/O13-1,"")) | Q15: =IF(OR(Q13="",P13=""),"",IFERROR(Q13/P13-1,"")) | R15: =IF(OR(R13="",Q13=""),"",IFERROR(R13/Q13-1,"")) | S15: =IF(OR(S13="",R13=""),"",IFERROR(S13/R13-1,"")) | T15: =IF(OR(T13="",S13=""),"",IFERROR(T13/S13-1,"")) | U15: =IF(OR(U13="",T13=""),"",IFERROR(U13/T13-1,"")) | V15: =IF(OR(V13="",U13=""),"",IFERROR(V13/U13-1,"")) | W15: =IF(OR(W13="",V13=""),"",IFERROR(W13/V13-1,"")) | ... AC15: =IF(OR(AC13="",AB13=""),"",IFERROR(AC13/AB13-1,""))
A16: 매출원가
A17: 전체 매출원가 | C17: 6663 | D17: 6803 | E17: 7481 | F17: 5369 | G17: 7250 | H17: 6961 | I17: 7391 | J17: 5756 | K17: 7689 | L17: 7471 | P17: 21374 | Q17: 22417 | R17: 23238 | S17: 22118 | T17: 23111 | U17: 25606 | V17: 26316 | W17: 27358 | X17: 28012
A18: YoY | G18: =IF(OR(G17="",C17=""),"",IF(C17<=0,"",IFERROR(G17/C17-1,""))) | H18: =IF(OR(H17="",D17=""),"",IF(D17<=0,"",IFERROR(H17/D17-1,""))) | I18: =IF(OR(I17="",E17=""),"",IF(E17<=0,"",IFERROR(I17/E17-1,""))) | J18: =IF(OR(J17="",F17=""),"",IF(F17<=0,"",IFERROR(J17/F17-1,""))) | K18: =IF(OR(K17="",G17=""),"",IF(G17<=0,"",IFERROR(K17/G17-1,""))) | L18: =IF(OR(L17="",H17=""),"",IF(H17<=0,"",IFERROR(L17/H17-1,""))) | M18: =IF(OR(M17="",I17=""),"",IF(I17<=0,"",IFERROR(M17/I17-1,""))) | N18: =IF(OR(N17="",J17=""),"",IF(J17<=0,"",IFERROR(N17/J17-1,""))) | P18: =IF(OR(P17="",O17=""),"",IF(O17<=0,"",IFERROR(P17/O17-1,""))) | Q18: =IF(OR(Q17="",P17=""),"",IF(P17<=0,"",IFERROR(Q17/P17-1,""))) | R18: =IF(OR(R17="",Q17=""),"",IF(Q17<=0,"",IFERROR(R17/Q17-1,""))) | S18: =IF(OR(S17="",R17=""),"",IF(R17<=0,"",IFERROR(S17/R17-1,""))) | T18: =IF(OR(T17="",S17=""),"",IF(S17<=0,"",IFERROR(T17/S17-1,""))) | U18: =IF(OR(U17="",T17=""),"",IF(T17<=0,"",IFERROR(U17/T17-1,""))) | V18: =IF(OR(V17="",U17=""),"",IF(U17<=0,"",IFERROR(V17/U17-1,""))) | W18: =IF(OR(W17="",V17=""),"",IF(V17<=0,"",IFERROR(W17/V17-1,""))) | ... AC18: =IF(OR(AC17="",AB17=""),"",IF(AB17<=0,"",IFERROR(AC17/AB17-1,"")))
A19: 매출총이익 | C19: =IF(OR(C4="",C17=""),"",IFERROR(C4-C17,"")) | D19: =IF(OR(D4="",D17=""),"",IFERROR(D4-D17,"")) | E19: =IF(OR(E4="",E17=""),"",IFERROR(E4-E17,"")) | F19: =IF(OR(F4="",F17=""),"",IFERROR(F4-F17,"")) | G19: =IF(OR(G4="",G17=""),"",IFERROR(G4-G17,"")) | H19: =IF(OR(H4="",H17=""),"",IFERROR(H4-H17,"")) | I19: =IF(OR(I4="",I17=""),"",IFERROR(I4-I17,"")) | J19: =IF(OR(J4="",J17=""),"",IFERROR(J4-J17,"")) | ... X19: =IF(OR(X4="",X17=""),"",IFERROR(X4-X17,""))
A20: GPM | C20: =IF(OR(C19="",C4=""),"",IFERROR(C19/C4,"")) | D20: =IF(OR(D19="",D4=""),"",IFERROR(D19/D4,"")) | E20: =IF(OR(E19="",E4=""),"",IFERROR(E19/E4,"")) | F20: =IF(OR(F19="",F4=""),"",IFERROR(F19/F4,"")) | G20: =IF(OR(G19="",G4=""),"",IFERROR(G19/G4,"")) | H20: =IF(OR(H19="",H4=""),"",IFERROR(H19/H4,"")) | I20: =IF(OR(I19="",I4=""),"",IFERROR(I19/I4,"")) | J20: =IF(OR(J19="",J4=""),"",IFERROR(J19/J4,"")) | ... AC20: =IF(OR(AC19="",AC4=""),"",IFERROR(AC19/AC4,""))
A21: YoY | G21: =IF(OR(G19="",C19=""),"",IF(C19<=0,"",IFERROR(G19/C19-1,""))) | H21: =IF(OR(H19="",D19=""),"",IF(D19<=0,"",IFERROR(H19/D19-1,""))) | I21: =IF(OR(I19="",E19=""),"",IF(E19<=0,"",IFERROR(I19/E19-1,""))) | J21: =IF(OR(J19="",F19=""),"",IF(F19<=0,"",IFERROR(J19/F19-1,""))) | K21: =IF(OR(K19="",G19=""),"",IF(G19<=0,"",IFERROR(K19/G19-1,""))) | L21: =IF(OR(L19="",H19=""),"",IF(H19<=0,"",IFERROR(L19/H19-1,""))) | M21: =IF(OR(M19="",I19=""),"",IF(I19<=0,"",IFERROR(M19/I19-1,""))) | N21: =IF(OR(N19="",J19=""),"",IF(J19<=0,"",IFERROR(N19/J19-1,""))) | P21: =IF(OR(P19="",O19=""),"",IF(O19<=0,"",IFERROR(P19/O19-1,""))) | Q21: =IF(OR(Q19="",P19=""),"",IF(P19<=0,"",IFERROR(Q19/P19-1,""))) | R21: =IF(OR(R19="",Q19=""),"",IF(Q19<=0,"",IFERROR(R19/Q19-1,""))) | S21: =IF(OR(S19="",R19=""),"",IF(R19<=0,"",IFERROR(S19/R19-1,""))) | T21: =IF(OR(T19="",S19=""),"",IF(S19<=0,"",IFERROR(T19/S19-1,""))) | U21: =IF(OR(U19="",T19=""),"",IF(T19<=0,"",IFERROR(U19/T19-1,""))) | V21: =IF(OR(V19="",U19=""),"",IF(U19<=0,"",IFERROR(V19/U19-1,""))) | W21: =IF(OR(W19="",V19=""),"",IF(V19<=0,"",IFERROR(W19/V19-1,""))) | ... AC21: =IF(OR(AC19="",AB19=""),"",IF(AB19<=0,"",IFERROR(AC19/AB19-1,"")))
A22: 판매관리비
A23: 전체 판관비 | C23: 2847 | D23: 2580 | E23: 2900 | F23: 2114 | G23: 2947 | H23: 2628 | I23: 2733 | J23: 2549 | K23: 3128 | L23: 2780 | P23: 9601 | Q23: 9712 | R23: 10123 | S23: 9767 | T23: 9749 | U23: 9917 | V23: 10441 | W23: 10857 | X23: 10937
A24: YoY | G24: =IF(OR(G23="",C23=""),"",IF(C23<=0,"",IFERROR(G23/C23-1,""))) | H24: =IF(OR(H23="",D23=""),"",IF(D23<=0,"",IFERROR(H23/D23-1,""))) | I24: =IF(OR(I23="",E23=""),"",IF(E23<=0,"",IFERROR(I23/E23-1,""))) | J24: =IF(OR(J23="",F23=""),"",IF(F23<=0,"",IFERROR(J23/F23-1,""))) | K24: =IF(OR(K23="",G23=""),"",IF(G23<=0,"",IFERROR(K23/G23-1,""))) | L24: =IF(OR(L23="",H23=""),"",IF(H23<=0,"",IFERROR(L23/H23-1,""))) | M24: =IF(OR(M23="",I23=""),"",IF(I23<=0,"",IFERROR(M23/I23-1,""))) | N24: =IF(OR(N23="",J23=""),"",IF(J23<=0,"",IFERROR(N23/J23-1,""))) | P24: =IF(OR(P23="",O23=""),"",IF(O23<=0,"",IFERROR(P23/O23-1,""))) | Q24: =IF(OR(Q23="",P23=""),"",IF(P23<=0,"",IFERROR(Q23/P23-1,""))) | R24: =IF(OR(R23="",Q23=""),"",IF(Q23<=0,"",IFERROR(R23/Q23-1,""))) | S24: =IF(OR(S23="",R23=""),"",IF(R23<=0,"",IFERROR(S23/R23-1,""))) | T24: =IF(OR(T23="",S23=""),"",IF(S23<=0,"",IFERROR(T23/S23-1,""))) | U24: =IF(OR(U23="",T23=""),"",IF(T23<=0,"",IFERROR(U23/T23-1,""))) | V24: =IF(OR(V23="",U23=""),"",IF(U23<=0,"",IFERROR(V23/U23-1,""))) | W24: =IF(OR(W23="",V23=""),"",IF(V23<=0,"",IFERROR(W23/V23-1,""))) | ... AC24: =IF(OR(AC23="",AB23=""),"",IF(AB23<=0,"",IFERROR(AC23/AB23-1,"")))
A25: 영업이익 | B25: MW = 매출 × OPM | C25: 1631 | D25: 1837 | E25: 2225 | F25: 1639 | G25: 1479 | H25: 1680 | I25: 2309 | J25: 1429 | K25: 1945 | L25: 1847 | P25: 4198 | Q25: 3904 | R25: 4211 | S25: 4184 | T25: 4044 | U25: 4044 | V25: 7332 | W25: 6897 | X25: 6723 | Y25: =IF(OR(Y4="",Y26=""),"",IFERROR(Y4*Y26,"")) | Z25: =IF(OR(Z4="",Z26=""),"",IFERROR(Z4*Z26,"")) | AA25: =IF(OR(AA4="",AA26=""),"",IFERROR(AA4*AA26,"")) | AB25: =IF(OR(AB4="",AB26=""),"",IFERROR(AB4*AB26,"")) | AC25: =IF(OR(AC4="",AC26=""),"",IFERROR(AC4*AC26,""))
A26: OPM | B26: MW 입력 | C26: =IF(OR(C25="",C4=""),"",IFERROR(C25/C4,"")) | D26: =IF(OR(D25="",D4=""),"",IFERROR(D25/D4,"")) | E26: =IF(OR(E25="",E4=""),"",IFERROR(E25/E4,"")) | F26: =IF(OR(F25="",F4=""),"",IFERROR(F25/F4,"")) | G26: =IF(OR(G25="",G4=""),"",IFERROR(G25/G4,"")) | H26: =IF(OR(H25="",H4=""),"",IFERROR(H25/H4,"")) | I26: =IF(OR(I25="",I4=""),"",IFERROR(I25/I4,"")) | J26: =IF(OR(J25="",J4=""),"",IFERROR(J25/J4,"")) | ... X26: =IF(OR(X25="",X4=""),"",IFERROR(X25/X4,""))
A27: 증가율 | G27: =IF(OR(G25="",C25=""),"",IFERROR(G25/C25-1,"")) | H27: =IF(OR(H25="",D25=""),"",IFERROR(H25/D25-1,"")) | I27: =IF(OR(I25="",E25=""),"",IFERROR(I25/E25-1,"")) | J27: =IF(OR(J25="",F25=""),"",IFERROR(J25/F25-1,"")) | K27: =IF(OR(K25="",G25=""),"",IFERROR(K25/G25-1,"")) | L27: =IF(OR(L25="",H25=""),"",IFERROR(L25/H25-1,"")) | M27: =IF(OR(M25="",I25=""),"",IFERROR(M25/I25-1,"")) | N27: =IF(OR(N25="",J25=""),"",IFERROR(N25/J25-1,"")) | P27: =IF(OR(P25="",O25=""),"",IFERROR(P25/O25-1,"")) | Q27: =IF(OR(Q25="",P25=""),"",IFERROR(Q25/P25-1,"")) | R27: =IF(OR(R25="",Q25=""),"",IFERROR(R25/Q25-1,"")) | S27: =IF(OR(S25="",R25=""),"",IFERROR(S25/R25-1,"")) | T27: =IF(OR(T25="",S25=""),"",IFERROR(T25/S25-1,"")) | U27: =IF(OR(U25="",T25=""),"",IFERROR(U25/T25-1,"")) | V27: =IF(OR(V25="",U25=""),"",IFERROR(V25/U25-1,"")) | W27: =IF(OR(W25="",V25=""),"",IFERROR(W25/V25-1,"")) | ... AC27: =IF(OR(AC25="",AB25=""),"",IFERROR(AC25/AB25-1,""))
A28: 비용의 성격별 분류 | B28: 참고 데이터
A29: 총 판관비 | O29: =IF(O23="","",O23) | P29: =IF(P23="","",P23) | Q29: =IF(Q23="","",Q23) | R29: =IF(R23="","",R23) | S29: =IF(S23="","",S23) | T29: =IF(T23="","",T23) | U29: =IF(U23="","",U23) | V29: =IF(V23="","",V23) | ... X29: =IF(X23="","",X23)
A30: 급여 | B30: 고정비 | P30: 3379 | Q30: 3503 | R30: 3556 | S30: 3517 | T30: 3542 | U30: 3611 | V30: 3653 | W30: 3751 | X30: 3859
A31: % of Sales | O31: =IF(OR(O30="",O4=""),"",IFERROR(O30/O4,"")) | P31: =IF(OR(P30="",P4=""),"",IFERROR(P30/P4,"")) | Q31: =IF(OR(Q30="",Q4=""),"",IFERROR(Q30/Q4,"")) | R31: =IF(OR(R30="",R4=""),"",IFERROR(R30/R4,"")) | S31: =IF(OR(S30="",S4=""),"",IFERROR(S30/S4,"")) | T31: =IF(OR(T30="",T4=""),"",IFERROR(T30/T4,"")) | U31: =IF(OR(U30="",U4=""),"",IFERROR(U30/U4,"")) | V31: =IF(OR(V30="",V4=""),"",IFERROR(V30/V4,"")) | ... X31: =IF(OR(X30="",X4=""),"",IFERROR(X30/X4,""))
A32: 감가상각비 | B32: 고정비
A33: % of Sales | O33: =IF(OR(O32="",O4=""),"",IFERROR(O32/O4,"")) | P33: =IF(OR(P32="",P4=""),"",IFERROR(P32/P4,"")) | Q33: =IF(OR(Q32="",Q4=""),"",IFERROR(Q32/Q4,"")) | R33: =IF(OR(R32="",R4=""),"",IFERROR(R32/R4,"")) | S33: =IF(OR(S32="",S4=""),"",IFERROR(S32/S4,"")) | T33: =IF(OR(T32="",T4=""),"",IFERROR(T32/T4,"")) | U33: =IF(OR(U32="",U4=""),"",IFERROR(U32/U4,"")) | V33: =IF(OR(V32="",V4=""),"",IFERROR(V32/V4,"")) | ... X33: =IF(OR(X32="",X4=""),"",IFERROR(X32/X4,""))
A34: 지급수수료 | B34: 고정비
A35: % of Sales | O35: =IF(OR(O34="",O4=""),"",IFERROR(O34/O4,"")) | P35: =IF(OR(P34="",P4=""),"",IFERROR(P34/P4,"")) | Q35: =IF(OR(Q34="",Q4=""),"",IFERROR(Q34/Q4,"")) | R35: =IF(OR(R34="",R4=""),"",IFERROR(R34/R4,"")) | S35: =IF(OR(S34="",S4=""),"",IFERROR(S34/S4,"")) | T35: =IF(OR(T34="",T4=""),"",IFERROR(T34/T4,"")) | U35: =IF(OR(U34="",U4=""),"",IFERROR(U34/U4,"")) | V35: =IF(OR(V34="",V4=""),"",IFERROR(V34/V4,"")) | ... X35: =IF(OR(X34="",X4=""),"",IFERROR(X34/X4,""))
A36: 연구개발비 | B36: 변동비
A37: % of Sales | O37: =IF(OR(O36="",O4=""),"",IFERROR(O36/O4,"")) | P37: =IF(OR(P36="",P4=""),"",IFERROR(P36/P4,"")) | Q37: =IF(OR(Q36="",Q4=""),"",IFERROR(Q36/Q4,"")) | R37: =IF(OR(R36="",R4=""),"",IFERROR(R36/R4,"")) | S37: =IF(OR(S36="",S4=""),"",IFERROR(S36/S4,"")) | T37: =IF(OR(T36="",T4=""),"",IFERROR(T36/T4,"")) | U37: =IF(OR(U36="",U4=""),"",IFERROR(U36/U4,"")) | V37: =IF(OR(V36="",V4=""),"",IFERROR(V36/V4,"")) | ... X37: =IF(OR(X36="",X4=""),"",IFERROR(X36/X4,""))
A38: 기타비용 | B38: 변동비 | O38: =IF(OR(O29="",O30="",O32="",O34="",O36=""),"",IFERROR(O29-O30-O32-O34-O36,"")) | P38: =IF(OR(P29="",P30="",P32="",P34="",P36=""),"",IFERROR(P29-P30-P32-P34-P36,"")) | Q38: =IF(OR(Q29="",Q30="",Q32="",Q34="",Q36=""),"",IFERROR(Q29-Q30-Q32-Q34-Q36,"")) | R38: =IF(OR(R29="",R30="",R32="",R34="",R36=""),"",IFERROR(R29-R30-R32-R34-R36,"")) | S38: =IF(OR(S29="",S30="",S32="",S34="",S36=""),"",IFERROR(S29-S30-S32-S34-S36,"")) | T38: =IF(OR(T29="",T30="",T32="",T34="",T36=""),"",IFERROR(T29-T30-T32-T34-T36,"")) | U38: =IF(OR(U29="",U30="",U32="",U34="",U36=""),"",IFERROR(U29-U30-U32-U34-U36,"")) | V38: =IF(OR(V29="",V30="",V32="",V34="",V36=""),"",IFERROR(V29-V30-V32-V34-V36,"")) | ... X38: =IF(OR(X29="",X30="",X32="",X34="",X36=""),"",IFERROR(X29-X30-X32-X34-X36,""))
A39: % of Sales | O39: =IF(OR(O38="",O4=""),"",IFERROR(O38/O4,"")) | P39: =IF(OR(P38="",P4=""),"",IFERROR(P38/P4,"")) | Q39: =IF(OR(Q38="",Q4=""),"",IFERROR(Q38/Q4,"")) | R39: =IF(OR(R38="",R4=""),"",IFERROR(R38/R4,"")) | S39: =IF(OR(S38="",S4=""),"",IFERROR(S38/S4,"")) | T39: =IF(OR(T38="",T4=""),"",IFERROR(T38/T4,"")) | U39: =IF(OR(U38="",U4=""),"",IFERROR(U38/U4,"")) | V39: =IF(OR(V38="",V4=""),"",IFERROR(V38/V4,"")) | ... X39: =IF(OR(X38="",X4=""),"",IFERROR(X38/X4,""))
A40: 당기순이익 추정
A41: 특별이익 | C41: 0 | D41: 0 | E41: 0 | F41: 191 | G41: 53 | H41: 0 | I41: 0 | J41: -44 | K41: 0 | L41: 0 | P41: 45 | Q41: 2292 | R41: 0 | S41: 386 | T41: 30 | U41: 0 | V41: 191 | W41: 9 | X41: 53 | Y41: =IF(OR(Y4="",Y42=""),"",IFERROR(Y4*Y42,"")) | Z41: =IF(OR(Z4="",Z42=""),"",IFERROR(Z4*Z42,"")) | AA41: =IF(OR(AA4="",AA42=""),"",IFERROR(AA4*AA42,"")) | AB41: =IF(OR(AB4="",AB42=""),"",IFERROR(AB4*AB42,"")) | AC41: =IF(OR(AC4="",AC42=""),"",IFERROR(AC4*AC42,""))
A42: % of Sales | B42: MW = 최근 3년 평균 | C42: =IF(OR(C41="",C4=""),"",IFERROR(C41/C4,"")) | D42: =IF(OR(D41="",D4=""),"",IFERROR(D41/D4,"")) | E42: =IF(OR(E41="",E4=""),"",IFERROR(E41/E4,"")) | F42: =IF(OR(F41="",F4=""),"",IFERROR(F41/F4,"")) | G42: =IF(OR(G41="",G4=""),"",IFERROR(G41/G4,"")) | H42: =IF(OR(H41="",H4=""),"",IFERROR(H41/H4,"")) | I42: =IF(OR(I41="",I4=""),"",IFERROR(I41/I4,"")) | J42: =IF(OR(J41="",J4=""),"",IFERROR(J41/J4,"")) | ... X42: =IF(OR(X41="",X4=""),"",IFERROR(X41/X4,"")) | Y42: =IFERROR(AVERAGE(V42,W42,X42),"") | Z42: =Y42 | AA42: =Z42 | AB42: =AA42 | AC42: =AB42
A43: 특별손실 | C43: 0 | D43: 0 | E43: 0 | F43: 191 | G43: 53 | H43: 0 | I43: 0 | J43: -44 | K43: 0 | L43: 31 | P43: 121 | Q43: 545 | R43: 53 | S43: 243 | T43: 166 | U43: 25 | V43: 191 | W43: 9 | X43: 53 | Y43: =IF(OR(Y4="",Y44=""),"",IFERROR(Y4*Y44,"")) | Z43: =IF(OR(Z4="",Z44=""),"",IFERROR(Z4*Z44,"")) | AA43: =IF(OR(AA4="",AA44=""),"",IFERROR(AA4*AA44,"")) | AB43: =IF(OR(AB4="",AB44=""),"",IFERROR(AB4*AB44,"")) | AC43: =IF(OR(AC4="",AC44=""),"",IFERROR(AC4*AC44,""))
A44: % of Sales | C44: =IF(OR(C43="",C4=""),"",IFERROR(C43/C4,"")) | D44: =IF(OR(D43="",D4=""),"",IFERROR(D43/D4,"")) | E44: =IF(OR(E43="",E4=""),"",IFERROR(E43/E4,"")) | F44: =IF(OR(F43="",F4=""),"",IFERROR(F43/F4,"")) | G44: =IF(OR(G43="",G4=""),"",IFERROR(G43/G4,"")) | H44: =IF(OR(H43="",H4=""),"",IFERROR(H43/H4,"")) | I44: =IF(OR(I43="",I4=""),"",IFERROR(I43/I4,"")) | J44: =IF(OR(J43="",J4=""),"",IFERROR(J43/J4,"")) | ... X44: =IF(OR(X43="",X4=""),"",IFERROR(X43/X4,"")) | Y44: =IFERROR(AVERAGE(V44,W44,X44),"") | Z44: =Y44 | AA44: =Z44 | AB44: =AA44 | AC44: =AB44
A45: 영업외수익 | C45: 42 | D45: 60 | E45: 68 | F45: 6 | G45: 43 | H45: 64 | I45: 63 | J45: 45 | K45: 65 | L45: 86 | P45: 285 | Q45: 250 | R45: 319 | S45: 159 | T45: 121 | U45: 135 | V45: 176 | W45: 215 | X45: 218 | Y45: =IF(OR(Y4="",Y46=""),"",IFERROR(Y4*Y46,"")) | Z45: =IF(OR(Z4="",Z46=""),"",IFERROR(Z4*Z46,"")) | AA45: =IF(OR(AA4="",AA46=""),"",IFERROR(AA4*AA46,"")) | AB45: =IF(OR(AB4="",AB46=""),"",IFERROR(AB4*AB46,"")) | AC45: =IF(OR(AC4="",AC46=""),"",IFERROR(AC4*AC46,""))
A46: % of Sales | C46: =IF(OR(C45="",C4=""),"",IFERROR(C45/C4,"")) | D46: =IF(OR(D45="",D4=""),"",IFERROR(D45/D4,"")) | E46: =IF(OR(E45="",E4=""),"",IFERROR(E45/E4,"")) | F46: =IF(OR(F45="",F4=""),"",IFERROR(F45/F4,"")) | G46: =IF(OR(G45="",G4=""),"",IFERROR(G45/G4,"")) | H46: =IF(OR(H45="",H4=""),"",IFERROR(H45/H4,"")) | I46: =IF(OR(I45="",I4=""),"",IFERROR(I45/I4,"")) | J46: =IF(OR(J45="",J4=""),"",IFERROR(J45/J4,"")) | ... X46: =IF(OR(X45="",X4=""),"",IFERROR(X45/X4,"")) | Y46: =IFERROR(AVERAGE(V46,W46,X46),"") | Z46: =Y46 | AA46: =Z46 | AB46: =AA46 | AC46: =AB46
A47: 영업외비용 | C47: 8 | D47: 19 | E47: 13 | F47: -9 | G47: 10 | H47: 4 | I47: 8 | J47: 23 | K47: 4 | L47: 14 | P47: 230 | Q47: 238 | R47: 248 | S47: 222 | T47: 210 | U47: 26 | V47: 31 | W47: 45 | X47: 42 | Y47: =IF(OR(Y4="",Y48=""),"",IFERROR(Y4*Y48,"")) | Z47: =IF(OR(Z4="",Z48=""),"",IFERROR(Z4*Z48,"")) | AA47: =IF(OR(AA4="",AA48=""),"",IFERROR(AA4*AA48,"")) | AB47: =IF(OR(AB4="",AB48=""),"",IFERROR(AB4*AB48,"")) | AC47: =IF(OR(AC4="",AC48=""),"",IFERROR(AC4*AC48,""))
A48: % of Sales | C48: =IF(OR(C47="",C4=""),"",IFERROR(C47/C4,"")) | D48: =IF(OR(D47="",D4=""),"",IFERROR(D47/D4,"")) | E48: =IF(OR(E47="",E4=""),"",IFERROR(E47/E4,"")) | F48: =IF(OR(F47="",F4=""),"",IFERROR(F47/F4,"")) | G48: =IF(OR(G47="",G4=""),"",IFERROR(G47/G4,"")) | H48: =IF(OR(H47="",H4=""),"",IFERROR(H47/H4,"")) | I48: =IF(OR(I47="",I4=""),"",IFERROR(I47/I4,"")) | J48: =IF(OR(J47="",J4=""),"",IFERROR(J47/J4,"")) | ... X48: =IF(OR(X47="",X4=""),"",IFERROR(X47/X4,"")) | Y48: =IFERROR(AVERAGE(V48,W48,X48),"") | Z48: =Y48 | AA48: =Z48 | AB48: =AA48 | AC48: =AB48
A49: 법인세비용차감전순이익(손실) | C49: 1665 | D49: 1879 | E49: 2279 | F49: 1654 | G49: 1513 | H49: 1739 | I49: 2364 | J49: 1451 | K49: 2006 | L49: 1887 | P49: 4177 | Q49: 5663 | R49: 4228 | S49: 4264 | T49: 3818 | U49: 4126 | V49: 7477 | W49: 7067 | X49: 6899 | Y49: =IF(OR(Y25=""),"",IFERROR(Y25+N(Y41)-N(Y43)+N(Y45)-N(Y47),"")) | Z49: =IF(OR(Z25=""),"",IFERROR(Z25+N(Z41)-N(Z43)+N(Z45)-N(Z47),"")) | AA49: =IF(OR(AA25=""),"",IFERROR(AA25+N(AA41)-N(AA43)+N(AA45)-N(AA47),"")) | AB49: =IF(OR(AB25=""),"",IFERROR(AB25+N(AB41)-N(AB43)+N(AB45)-N(AB47),"")) | AC49: =IF(OR(AC25=""),"",IFERROR(AC25+N(AC41)-N(AC43)+N(AC45)-N(AC47),""))
A50: YoY | G50: =IF(OR(G49="",C49=""),"",IF(C49<=0,"",IFERROR(G49/C49-1,""))) | H50: =IF(OR(H49="",D49=""),"",IF(D49<=0,"",IFERROR(H49/D49-1,""))) | I50: =IF(OR(I49="",E49=""),"",IF(E49<=0,"",IFERROR(I49/E49-1,""))) | J50: =IF(OR(J49="",F49=""),"",IF(F49<=0,"",IFERROR(J49/F49-1,""))) | K50: =IF(OR(K49="",G49=""),"",IF(G49<=0,"",IFERROR(K49/G49-1,""))) | L50: =IF(OR(L49="",H49=""),"",IF(H49<=0,"",IFERROR(L49/H49-1,""))) | M50: =IF(OR(M49="",I49=""),"",IF(I49<=0,"",IFERROR(M49/I49-1,""))) | N50: =IF(OR(N49="",J49=""),"",IF(J49<=0,"",IFERROR(N49/J49-1,""))) | P50: =IF(OR(P49="",O49=""),"",IF(O49<=0,"",IFERROR(P49/O49-1,""))) | Q50: =IF(OR(Q49="",P49=""),"",IF(P49<=0,"",IFERROR(Q49/P49-1,""))) | R50: =IF(OR(R49="",Q49=""),"",IF(Q49<=0,"",IFERROR(R49/Q49-1,""))) | S50: =IF(OR(S49="",R49=""),"",IF(R49<=0,"",IFERROR(S49/R49-1,""))) | T50: =IF(OR(T49="",S49=""),"",IF(S49<=0,"",IFERROR(T49/S49-1,""))) | U50: =IF(OR(U49="",T49=""),"",IF(T49<=0,"",IFERROR(U49/T49-1,""))) | V50: =IF(OR(V49="",U49=""),"",IF(U49<=0,"",IFERROR(V49/U49-1,""))) | W50: =IF(OR(W49="",V49=""),"",IF(V49<=0,"",IFERROR(W49/V49-1,""))) | ... AC50: =IF(OR(AC49="",AB49=""),"",IF(AB49<=0,"",IFERROR(AC49/AB49-1,"")))
A51: 법인세비용(수익) | C51: 519 | D51: 595 | E51: 715 | F51: 453 | G51: 458 | H51: 554 | I51: 727 | J51: 426 | K51: 606 | L51: 601 | P51: 1222 | Q51: 1504 | R51: 1351 | S51: 1362 | T51: 1203 | U51: 1307 | V51: 2282 | W51: 2165 | X51: 2119 | Y51: =IF(OR(Y49="",Y52=""),"",IFERROR(MAX(Y49,0)*Y52,"")) | Z51: =IF(OR(Z49="",Z52=""),"",IFERROR(MAX(Z49,0)*Z52,"")) | AA51: =IF(OR(AA49="",AA52=""),"",IFERROR(MAX(AA49,0)*AA52,"")) | AB51: =IF(OR(AB49="",AB52=""),"",IFERROR(MAX(AB49,0)*AB52,"")) | AC51: =IF(OR(AC49="",AC52=""),"",IFERROR(MAX(AC49,0)*AC52,""))
A52: 법인세율 | B52: MW 기본 30% | C52: =IF(OR(C51="",C49=""),"",IFERROR(C51/C49,"")) | D52: =IF(OR(D51="",D49=""),"",IFERROR(D51/D49,"")) | E52: =IF(OR(E51="",E49=""),"",IFERROR(E51/E49,"")) | F52: =IF(OR(F51="",F49=""),"",IFERROR(F51/F49,"")) | G52: =IF(OR(G51="",G49=""),"",IFERROR(G51/G49,"")) | H52: =IF(OR(H51="",H49=""),"",IFERROR(H51/H49,"")) | I52: =IF(OR(I51="",I49=""),"",IFERROR(I51/I49,"")) | J52: =IF(OR(J51="",J49=""),"",IFERROR(J51/J49,"")) | ... X52: =IF(OR(X51="",X49=""),"",IFERROR(X51/X49,"")) | Y52: 0.3 | Z52: 0.3 | AA52: 0.3 | AB52: 0.3 | AC52: 0.3
A53: 당기순이익(손실) | C53: 1145 | D53: 1285 | E53: 1564 | F53: 1201 | G53: 1055 | H53: 1184 | I53: 1637 | J53: 1026 | K53: 1400 | L53: 1286 | P53: 2955 | Q53: 4159 | R53: 2877 | S53: 2901 | T53: 2615 | U53: 2818 | V53: 5195 | W53: 4902 | X53: 4780 | Y53: =IF(OR(Y49=""),"",IFERROR(Y49-Y51,"")) | Z53: =IF(OR(Z49=""),"",IFERROR(Z49-Z51,"")) | AA53: =IF(OR(AA49=""),"",IFERROR(AA49-AA51,"")) | AB53: =IF(OR(AB49=""),"",IFERROR(AB49-AB51,"")) | AC53: =IF(OR(AC49=""),"",IFERROR(AC49-AC51,""))
A54: YoY | G54: =IF(OR(G53="",C53=""),"",IF(C53<=0,"",IFERROR(G53/C53-1,""))) | H54: =IF(OR(H53="",D53=""),"",IF(D53<=0,"",IFERROR(H53/D53-1,""))) | I54: =IF(OR(I53="",E53=""),"",IF(E53<=0,"",IFERROR(I53/E53-1,""))) | J54: =IF(OR(J53="",F53=""),"",IF(F53<=0,"",IFERROR(J53/F53-1,""))) | K54: =IF(OR(K53="",G53=""),"",IF(G53<=0,"",IFERROR(K53/G53-1,""))) | L54: =IF(OR(L53="",H53=""),"",IF(H53<=0,"",IFERROR(L53/H53-1,""))) | M54: =IF(OR(M53="",I53=""),"",IF(I53<=0,"",IFERROR(M53/I53-1,""))) | N54: =IF(OR(N53="",J53=""),"",IF(J53<=0,"",IFERROR(N53/J53-1,""))) | P54: =IF(OR(P53="",O53=""),"",IF(O53<=0,"",IFERROR(P53/O53-1,""))) | Q54: =IF(OR(Q53="",P53=""),"",IF(P53<=0,"",IFERROR(Q53/P53-1,""))) | R54: =IF(OR(R53="",Q53=""),"",IF(Q53<=0,"",IFERROR(R53/Q53-1,""))) | S54: =IF(OR(S53="",R53=""),"",IF(R53<=0,"",IFERROR(S53/R53-1,""))) | T54: =IF(OR(T53="",S53=""),"",IF(S53<=0,"",IFERROR(T53/S53-1,""))) | U54: =IF(OR(U53="",T53=""),"",IF(T53<=0,"",IFERROR(U53/T53-1,""))) | V54: =IF(OR(V53="",U53=""),"",IF(U53<=0,"",IFERROR(V53/U53-1,""))) | W54: =IF(OR(W53="",V53=""),"",IF(V53<=0,"",IFERROR(W53/V53-1,""))) | ... AC54: =IF(OR(AC53="",AB53=""),"",IF(AB53<=0,"",IFERROR(AC53/AB53-1,"")))
A55: 지배주주 순이익 | C55: 1127 | D55: 1271 | E55: 1548 | F55: 1170 | G55: 1032 | H55: 1163 | I55: 1617 | J55: 1021 | K55: 1379 | L55: 1267 | P55: 2929 | Q55: 4114 | R55: 2824 | S55: 2826 | T55: 2531 | U55: 2742 | V55: 5116 | W55: 4833 | X55: 4696 | Y55: =IF(OR(Y53="",Y56=""),"",IFERROR(Y53*Y56,"")) | Z55: =IF(OR(Z53="",Z56=""),"",IFERROR(Z53*Z56,"")) | AA55: =IF(OR(AA53="",AA56=""),"",IFERROR(AA53*AA56,"")) | AB55: =IF(OR(AB53="",AB56=""),"",IFERROR(AB53*AB56,"")) | AC55: =IF(OR(AC53="",AC56=""),"",IFERROR(AC53*AC56,""))
A56: 지배주주 순이익률 | B56: MW 기본 100% | C56: =IF(OR(C55="",C53=""),"",IFERROR(C55/C53,"")) | D56: =IF(OR(D55="",D53=""),"",IFERROR(D55/D53,"")) | E56: =IF(OR(E55="",E53=""),"",IFERROR(E55/E53,"")) | F56: =IF(OR(F55="",F53=""),"",IFERROR(F55/F53,"")) | G56: =IF(OR(G55="",G53=""),"",IFERROR(G55/G53,"")) | H56: =IF(OR(H55="",H53=""),"",IFERROR(H55/H53,"")) | I56: =IF(OR(I55="",I53=""),"",IFERROR(I55/I53,"")) | J56: =IF(OR(J55="",J53=""),"",IFERROR(J55/J53,"")) | ... X56: =IF(OR(X55="",X53=""),"",IFERROR(X55/X53,"")) | Y56: 1 | Z56: 1 | AA56: 1 | AB56: 1 | AC56: 1
A57: 지배주주 순이익 YoY | G57: =IF(OR(G55="",C55=""),"",IF(C55<=0,"",IFERROR(G55/C55-1,""))) | H57: =IF(OR(H55="",D55=""),"",IF(D55<=0,"",IFERROR(H55/D55-1,""))) | I57: =IF(OR(I55="",E55=""),"",IF(E55<=0,"",IFERROR(I55/E55-1,""))) | J57: =IF(OR(J55="",F55=""),"",IF(F55<=0,"",IFERROR(J55/F55-1,""))) | K57: =IF(OR(K55="",G55=""),"",IF(G55<=0,"",IFERROR(K55/G55-1,""))) | L57: =IF(OR(L55="",H55=""),"",IF(H55<=0,"",IFERROR(L55/H55-1,""))) | M57: =IF(OR(M55="",I55=""),"",IF(I55<=0,"",IFERROR(M55/I55-1,""))) | N57: =IF(OR(N55="",J55=""),"",IF(J55<=0,"",IFERROR(N55/J55-1,""))) | P57: =IF(OR(P55="",O55=""),"",IF(O55<=0,"",IFERROR(P55/O55-1,""))) | Q57: =IF(OR(Q55="",P55=""),"",IF(P55<=0,"",IFERROR(Q55/P55-1,""))) | R57: =IF(OR(R55="",Q55=""),"",IF(Q55<=0,"",IFERROR(R55/Q55-1,""))) | S57: =IF(OR(S55="",R55=""),"",IF(R55<=0,"",IFERROR(S55/R55-1,""))) | T57: =IF(OR(T55="",S55=""),"",IF(S55<=0,"",IFERROR(T55/S55-1,""))) | U57: =IF(OR(U55="",T55=""),"",IF(T55<=0,"",IFERROR(U55/T55-1,""))) | V57: =IF(OR(V55="",U55=""),"",IF(U55<=0,"",IFERROR(V55/U55-1,""))) | W57: =IF(OR(W55="",V55=""),"",IF(V55<=0,"",IFERROR(W55/V55-1,""))) | ... AC57: =IF(OR(AC55="",AB55=""),"",IF(AB55<=0,"",IFERROR(AC55/AB55-1,"")))
A58: 목표주가 산출
A59: 현재 주가 (2026.10.28) | B59: 3450
A60: 발행주식수 (보통주) | B60: 25607086
A61: 시가총액 (백만엔) | B61: =IF(OR(B59="",B60=""),"",B59*B60/1000000.0)
A62: OPM | O62: =IF(O26="","",O26) | P62: =IF(P26="","",P26) | Q62: =IF(Q26="","",Q26) | R62: =IF(R26="","",R26) | S62: =IF(S26="","",S26) | T62: =IF(T26="","",T26) | U62: =IF(U26="","",U26) | V62: =IF(V26="","",V26) | ... AC62: =IF(AC26="","",AC26)
A63: 지배주주 순이익 증가율 | P63: =IF(OR(P55="",O55=""),"",IFERROR(P55/O55-1,"")) | Q63: =IF(OR(Q55="",P55=""),"",IFERROR(Q55/P55-1,"")) | R63: =IF(OR(R55="",Q55=""),"",IFERROR(R55/Q55-1,"")) | S63: =IF(OR(S55="",R55=""),"",IFERROR(S55/R55-1,"")) | T63: =IF(OR(T55="",S55=""),"",IFERROR(T55/S55-1,"")) | U63: =IF(OR(U55="",T55=""),"",IFERROR(U55/T55-1,"")) | V63: =IF(OR(V55="",U55=""),"",IFERROR(V55/U55-1,"")) | W63: =IF(OR(W55="",V55=""),"",IFERROR(W55/V55-1,"")) | ... AC63: =IF(OR(AC55="",AB55=""),"",IFERROR(AC55/AB55-1,""))
A64: P/E (현재 주가) | B64: 시총 ÷ 지배순이익 | X64: =IF(OR($B$61="",X55=""),"",IFERROR($B$61/X55,"")) | Y64: =IF(OR($B$61="",Y55=""),"",IFERROR($B$61/Y55,"")) | Z64: =IF(OR($B$61="",Z55=""),"",IFERROR($B$61/Z55,"")) | AA64: =IF(OR($B$61="",AA55=""),"",IFERROR($B$61/AA55,"")) | AB64: =IF(OR($B$61="",AB55=""),"",IFERROR($B$61/AB55,"")) | AC64: =IF(OR($B$61="",AC55=""),"",IFERROR($B$61/AC55,""))
A65: Target P/E | B65: 직접 입력
A66: EPS | B66: 지배순이익 ÷ 주식수 | O66: =IF(OR(O55="",$B$60=""),"",IFERROR(O55*1000000.0/$B$60,"")) | P66: =IF(OR(P55="",$B$60=""),"",IFERROR(P55*1000000.0/$B$60,"")) | Q66: =IF(OR(Q55="",$B$60=""),"",IFERROR(Q55*1000000.0/$B$60,"")) | R66: =IF(OR(R55="",$B$60=""),"",IFERROR(R55*1000000.0/$B$60,"")) | S66: =IF(OR(S55="",$B$60=""),"",IFERROR(S55*1000000.0/$B$60,"")) | T66: =IF(OR(T55="",$B$60=""),"",IFERROR(T55*1000000.0/$B$60,"")) | U66: =IF(OR(U55="",$B$60=""),"",IFERROR(U55*1000000.0/$B$60,"")) | V66: =IF(OR(V55="",$B$60=""),"",IFERROR(V55*1000000.0/$B$60,"")) | ... AC66: =IF(OR(AC55="",$B$60=""),"",IFERROR(AC55*1000000.0/$B$60,""))
A67: 목표주가 | Y67: =IF(OR(Y66="",Y65=""),"",IFERROR(Y66*Y65,"")) | Z67: =IF(OR(Z66="",Z65=""),"",IFERROR(Z66*Z65,"")) | AA67: =IF(OR(AA66="",AA65=""),"",IFERROR(AA66*AA65,"")) | AB67: =IF(OR(AB66="",AB65=""),"",IFERROR(AB66*AB65,"")) | AC67: =IF(OR(AC66="",AC65=""),"",IFERROR(AC66*AC65,""))
A68: 상승여력 | Y68: =IF(OR(Y67="",$B$59=""),"",IFERROR(Y67/$B$59-1,"")) | Z68: =IF(OR(Z67="",$B$59=""),"",IFERROR(Z67/$B$59-1,"")) | AA68: =IF(OR(AA67="",$B$59=""),"",IFERROR(AA67/$B$59-1,"")) | AB68: =IF(OR(AB67="",$B$59=""),"",IFERROR(AB67/$B$59-1,"")) | AC68: =IF(OR(AC67="",$B$59=""),"",IFERROR(AC67/$B$59-1,""))
A69: 자산가치 산출 | B69: 최신 분기 BS
A70: 현금및현금성자산 | X70: ='재무상태표'!G6 | Y70: ='재무상태표'!G6 | Z70: ='재무상태표'!G6 | AA70: ='재무상태표'!G6 | AB70: ='재무상태표'!G6 | AC70: ='재무상태표'!G6
A71: 단기금융상품 | X71: ='재무상태표'!G7 | Y71: ='재무상태표'!G7 | Z71: ='재무상태표'!G7 | AA71: ='재무상태표'!G7 | AB71: ='재무상태표'!G7 | AC71: ='재무상태표'!G7
A72: 투자부동산 | X72: ='재무상태표'!G14 | Y72: ='재무상태표'!G14 | Z72: ='재무상태표'!G14 | AA72: ='재무상태표'!G14 | AB72: ='재무상태표'!G14 | AC72: ='재무상태표'!G14
A73: 지배자본 | X73: ='재무상태표'!G31 | Y73: ='재무상태표'!G31 | Z73: ='재무상태표'!G31 | AA73: ='재무상태표'!G31 | AB73: ='재무상태표'!G31 | AC73: ='재무상태표'!G31
A74: 부채 | X74: ='재무상태표'!G27 | Y74: ='재무상태표'!G27 | Z74: ='재무상태표'!G27 | AA74: ='재무상태표'!G27 | AB74: ='재무상태표'!G27 | AC74: ='재무상태표'!G27
A75: 부채비율 | X75: =IF(OR(X74="",X73=""),"",IFERROR(X74/X73,"")) | Y75: =IF(OR(Y74="",Y73=""),"",IFERROR(Y74/Y73,"")) | Z75: =IF(OR(Z74="",Z73=""),"",IFERROR(Z74/Z73,"")) | AA75: =IF(OR(AA74="",AA73=""),"",IFERROR(AA74/AA73,"")) | AB75: =IF(OR(AB74="",AB73=""),"",IFERROR(AB74/AB73,"")) | AC75: =IF(OR(AC74="",AC73=""),"",IFERROR(AC74/AC73,""))
A76: 자산가치 | B76: 현금+단기금융+투자부동산 | X76: =SUM(X70,X71,X72) | Y76: =SUM(Y70,Y71,Y72) | Z76: =SUM(Z70,Z71,Z72) | AA76: =SUM(AA70,AA71,AA72) | AB76: =SUM(AB70,AB71,AB72) | AC76: =SUM(AC70,AC71,AC72)
A77: 기업가치 산출
A78: 목표 시가총액 (P/E) | B78: 지배순이익 × Target P/E | Y78: =IF(OR(Y55="",Y65=""),"",IFERROR(Y55*Y65,"")) | Z78: =IF(OR(Z55="",Z65=""),"",IFERROR(Z55*Z65,"")) | AA78: =IF(OR(AA55="",AA65=""),"",IFERROR(AA55*AA65,"")) | AB78: =IF(OR(AB55="",AB65=""),"",IFERROR(AB55*AB65,"")) | AC78: =IF(OR(AC55="",AC65=""),"",IFERROR(AC55*AC65,""))
A79: 기업가치 | B79: 목표시총 + 자산가치 | Y79: =IF(OR(Y78=""),"",IFERROR(Y78+Y76,"")) | Z79: =IF(OR(Z78=""),"",IFERROR(Z78+Z76,"")) | AA79: =IF(OR(AA78=""),"",IFERROR(AA78+AA76,"")) | AB79: =IF(OR(AB78=""),"",IFERROR(AB78+AB76,"")) | AC79: =IF(OR(AC78=""),"",IFERROR(AC78+AC76,""))
A80: 현재 시가총액 | Y80: =$B$61 | Z80: =$B$61 | AA80: =$B$61 | AB80: =$B$61 | AC80: =$B$61
A81: 상승여력 | Y81: =IF(OR(Y79="",Y80=""),"",IFERROR(Y79/Y80-1,"")) | Z81: =IF(OR(Z79="",Z80=""),"",IFERROR(Z79/Z80-1,"")) | AA81: =IF(OR(AA79="",AA80=""),"",IFERROR(AA79/AA80-1,"")) | AB81: =IF(OR(AB79="",AB80=""),"",IFERROR(AB79/AB80-1,"")) | AC81: =IF(OR(AC79="",AC80=""),"",IFERROR(AC79/AC80-1,""))
A83: 출처
A84: 결산단신 XBRL(TDnet·JPX 보관소) — 쓴 문서는 '출처' 시트
A85: 분기 = 누계에서 앞 분기를 뺀 3개월 값
A86: 주가: 야후 파이낸스 일봉 2026.10.28
A88: 손익계산서 · 전 항목 | B88: 분기 = 3개월 단독
A89: 항목 | B89: 참고 | C89: 2025.1Q | D89: 2025.2Q | E89: 2025.3Q | F89: 2025.4Q | G89: 2026.1Q | H89: 2026.2Q | I89: 2026.3Q | J89: 2026.4Q | K89: 2027.1Q | L89: 2027.2Q | M89: 2027.3Q | N89: 2027.4Q | O89: 2018 | P89: 2019 | Q89: 2020 | R89: 2021 | S89: 2022 | T89: 2023 | U89: 2024 | V89: 2025 | W89: 2026 | X89: 2027 | Y89: 2028(MW) | Z89: 2029(MW) | AA89: 2030(MW) | AB89: 2031(MW) | AC89: 2032(MW)
A90: 매출액 | C90: 11142 | D90: 11221 | E90: 12606 | F90: 9122 | G90: 11677 | H90: 11269 | I90: 12432 | J90: 9735 | K90: 12764 | L90: 12097 | S90: 7656 | T90: 6851 | U90: 5497 | V90: 9122 | W90: 9735
A91: YoY | B91: 전년 같은 분기·전년 대비 | G91: =IF(OR(G90="",C90=""),"",IF(C90<=0,"",IFERROR(G90/C90-1,""))) | H91: =IF(OR(H90="",D90=""),"",IF(D90<=0,"",IFERROR(H90/D90-1,""))) | I91: =IF(OR(I90="",E90=""),"",IF(E90<=0,"",IFERROR(I90/E90-1,""))) | J91: =IF(OR(J90="",F90=""),"",IF(F90<=0,"",IFERROR(J90/F90-1,""))) | K91: =IF(OR(K90="",G90=""),"",IF(G90<=0,"",IFERROR(K90/G90-1,""))) | L91: =IF(OR(L90="",H90=""),"",IF(H90<=0,"",IFERROR(L90/H90-1,""))) | S91: =IF(OR(S90="",R90=""),"",IF(R90<=0,"",IFERROR(S90/R90-1,""))) | T91: =IF(OR(T90="",S90=""),"",IF(S90<=0,"",IFERROR(T90/S90-1,""))) | U91: =IF(OR(U90="",T90=""),"",IF(T90<=0,"",IFERROR(U90/T90-1,""))) | V91: =IF(OR(V90="",U90=""),"",IF(U90<=0,"",IFERROR(V90/U90-1,""))) | W91: =IF(OR(W90="",V90=""),"",IF(V90<=0,"",IFERROR(W90/V90-1,"")))
A92: 매출원가 | C92: 6663 | D92: 6803 | E92: 7481 | F92: 5369 | G92: 7250 | H92: 6961 | I92: 7391 | J92: 5756 | K92: 7689 | L92: 7471 | S92: 4570 | T92: 3869 | U92: 5319 | V92: 5369 | W92: 5756
A93: YoY | B93: 전년 같은 분기·전년 대비 | G93: =IF(OR(G92="",C92=""),"",IF(G92*C92<=0,"",IFERROR(G92/C92-1,""))) | H93: =IF(OR(H92="",D92=""),"",IF(H92*D92<=0,"",IFERROR(H92/D92-1,""))) | I93: =IF(OR(I92="",E92=""),"",IF(I92*E92<=0,"",IFERROR(I92/E92-1,""))) | J93: =IF(OR(J92="",F92=""),"",IF(J92*F92<=0,"",IFERROR(J92/F92-1,""))) | K93: =IF(OR(K92="",G92=""),"",IF(K92*G92<=0,"",IFERROR(K92/G92-1,""))) | L93: =IF(OR(L92="",H92=""),"",IF(L92*H92<=0,"",IFERROR(L92/H92-1,""))) | S93: =IF(OR(S92="",R92=""),"",IF(S92*R92<=0,"",IFERROR(S92/R92-1,""))) | T93: =IF(OR(T92="",S92=""),"",IF(T92*S92<=0,"",IFERROR(T92/S92-1,""))) | U93: =IF(OR(U92="",T92=""),"",IF(U92*T92<=0,"",IFERROR(U92/T92-1,""))) | V93: =IF(OR(V92="",U92=""),"",IF(V92*U92<=0,"",IFERROR(V92/U92-1,""))) | W93: =IF(OR(W92="",V92=""),"",IF(W92*V92<=0,"",IFERROR(W92/V92-1,"")))
A94: 매출총이익 | C94: 4478 | D94: 4418 | E94: 5125 | F94: 3753 | G94: 4426 | H94: 4308 | I94: 5042 | J94: 3979 | K94: 5074 | L94: 4626 | S94: 3087 | T94: 2983 | U94: 178 | V94: 3753 | W94: 3979
A95: YoY | B95: 전년 같은 분기·전년 대비 | G95: =IF(OR(G94="",C94=""),"",IF(C94<=0,"",IFERROR(G94/C94-1,""))) | H95: =IF(OR(H94="",D94=""),"",IF(D94<=0,"",IFERROR(H94/D94-1,""))) | I95: =IF(OR(I94="",E94=""),"",IF(E94<=0,"",IFERROR(I94/E94-1,""))) | J95: =IF(OR(J94="",F94=""),"",IF(F94<=0,"",IFERROR(J94/F94-1,""))) | K95: =IF(OR(K94="",G94=""),"",IF(G94<=0,"",IFERROR(K94/G94-1,""))) | L95: =IF(OR(L94="",H94=""),"",IF(H94<=0,"",IFERROR(L94/H94-1,""))) | S95: =IF(OR(S94="",R94=""),"",IF(R94<=0,"",IFERROR(S94/R94-1,""))) | T95: =IF(OR(T94="",S94=""),"",IF(S94<=0,"",IFERROR(T94/S94-1,""))) | U95: =IF(OR(U94="",T94=""),"",IF(T94<=0,"",IFERROR(U94/T94-1,""))) | V95: =IF(OR(V94="",U94=""),"",IF(U94<=0,"",IFERROR(V94/U94-1,""))) | W95: =IF(OR(W94="",V94=""),"",IF(V94<=0,"",IFERROR(W94/V94-1,"")))
A96: 운임 | C96: 582 | D96: 561 | E96: 634 | F96: 488 | G96: 627 | H96: 573 | I96: 634 | J96: 447 | K96: 680 | L96: 603 | S96: 504 | T96: 560 | U96: 477 | V96: 488 | W96: 447
A97: 대손충당금 전입 | C97: 0 | D97: 0 | E97: 0 | F97: 0 | G97: 0 | H97: 0 | I97: 0 | J97: 3 | K97: 0 | L97: 0 | S97: 0 | T97: -9 | U97: 1 | V97: 0 | W97: 3
A98: 임원 보수 | C98: 67 | D98: 72 | E98: 72 | F98: 41 | G98: 73 | H98: 83 | I98: 82 | J98: 45 | K98: 83 | L98: 83 | S98: 76 | T98: 90 | U98: 63 | V98: 41 | W98: 45
A99: 급여·수당 | C99: 710 | D99: 1180 | E99: 787 | F99: 976 | G99: 739 | H99: 1198 | I99: 750 | J99: 1064 | K99: 759 | L99: 1199 | S99: 990 | T99: 994 | U99: 997 | V99: 976 | W99: 1064
A100: 상여충당금 전입 | C100: 233 | G100: 226 | K100: 223
A101: 퇴직급여비용 | C101: 26 | D101: 28 | E101: 27 | F101: 36 | G101: 25 | H101: 26 | I101: 26 | J101: 31 | K101: 20 | L101: 18 | S101: 62 | T101: 15 | U101: 40 | V101: 36 | W101: 31
A102: 주식 지급 충당금 전입액 | C102: 6 | D102: 7 | E102: 6 | F102: 4 | G102: 6 | H102: 6 | I102: 6 | J102: 5 | K102: 5 | L102: 6 | S102: 16 | T102: 14 | U102: 38 | V102: 4 | W102: 5
...

Sheet 재무상태표
A1: 미라이공업 재무상태표
A2: 재무비율은 기말 잔액 기준 · 분기 손익은 최근 4분기 합산(TTM) | B2: (단위: 백만엔)
A3: 항목 | B3: 참고 | C3: 2026.3Q | D3: 2026.4Q | E3: 2027.1Q | F3: 2027.2Q | G3: 2027.3Q | H3: 2023 | I3: 2024 | J3: 2025 | K3: 2026
A4: 자산
A5: 유동자산 | C5: 42632 | D5: 42684 | E5: 42950 | F5: 43382 | G5: 44474 | H5: 41705 | I5: 39202 | J5: 41825 | K5: 42684
A6: 현금및현금성자산 | C6: 21234 | D6: 20458 | E6: 21728 | F6: 20761 | G6: 21024 | H6: 22115 | I6: 17787 | J6: 19010 | K6: 20458
A7: 단기금융상품 | C7: 1525 | D7: 1499 | E7: 1513 | F7: 1498 | G7: 1497 | K7: 1499
A8: 매출채권 | C8: 6979 | D8: 7510 | E8: 6548 | F8: 7235 | G8: 7298 | H8: 8184 | I8: 8941 | J8: 8154 | K8: 7510
A9: 재고자산 | C9: 6586 | D9: 6821 | E9: 6920 | F9: 7088 | G9: 7425 | H9: 5850 | I9: 6191 | J9: 6432 | K9: 6821
A10: 기타유동자산 | B10: 총계 − 위 항목 | C10: =IF(OR(C5=""),"",IFERROR(C5-SUM(C6,C7,C8,C9),"")) | D10: =IF(OR(D5=""),"",IFERROR(D5-SUM(D6,D7,D8,D9),"")) | E10: =IF(OR(E5=""),"",IFERROR(E5-SUM(E6,E7,E8,E9),"")) | F10: =IF(OR(F5=""),"",IFERROR(F5-SUM(F6,F7,F8,F9),"")) | G10: =IF(OR(G5=""),"",IFERROR(G5-SUM(G6,G7,G8,G9),"")) | H10: =IF(OR(H5=""),"",IFERROR(H5-SUM(H6,H7,H8,H9),"")) | I10: =IF(OR(I5=""),"",IFERROR(I5-SUM(I6,I7,I8,I9),"")) | J10: =IF(OR(J5=""),"",IFERROR(J5-SUM(J6,J7,J8,J9),"")) | K10: =IF(OR(K5=""),"",IFERROR(K5-SUM(K6,K7,K8,K9),""))
A11: 비유동자산 | C11: 24402 | D11: 24615 | E11: 25746 | F11: 25942 | G11: 26501 | H11: 21579 | I11: 22456 | J11: 23286 | K11: 24615
A12: 유형자산 | C12: 15020 | D12: 15229 | E12: 15544 | F12: 15617 | G12: 15849 | H12: 13875 | I12: 14172 | J12: 14416 | K12: 15229
A13: 무형자산 | C13: 184 | D13: 256 | E13: 340 | F13: 361 | G13: 367 | H13: 156 | I13: 129 | J13: 190 | K13: 256
A14: 투자부동산
A15: 기타비유동자산 | B15: 총계 − 위 항목 | C15: =IF(OR(C11=""),"",IFERROR(C11-SUM(C12,C13,C14),"")) | D15: =IF(OR(D11=""),"",IFERROR(D11-SUM(D12,D13,D14),"")) | E15: =IF(OR(E11=""),"",IFERROR(E11-SUM(E12,E13,E14),"")) | F15: =IF(OR(F11=""),"",IFERROR(F11-SUM(F12,F13,F14),"")) | G15: =IF(OR(G11=""),"",IFERROR(G11-SUM(G12,G13,G14),"")) | H15: =IF(OR(H11=""),"",IFERROR(H11-SUM(H12,H13,H14),"")) | I15: =IF(OR(I11=""),"",IFERROR(I11-SUM(I12,I13,I14),"")) | J15: =IF(OR(J11=""),"",IFERROR(J11-SUM(J12,J13,J14),"")) | K15: =IF(OR(K11=""),"",IFERROR(K11-SUM(K12,K13,K14),""))
A16: 자산총계 | C16: 67034 | D16: 67300 | E16: 68697 | F16: 69325 | G16: 70976 | H16: 63285 | I16: 61658 | J16: 65112 | K16: 67300
A17: 부채
A18: 유동부채 | C18: 10404 | D18: 9792 | E18: 9688 | F18: 10159 | G18: 10569 | H18: 11666 | I18: 9921 | J18: 10236 | K18: 9792
A19: 매입채무 | C19: 3055 | D19: 3215 | E19: 2592 | F19: 3465 | G19: 3344 | H19: 3491 | I19: 3111 | J19: 3411 | K19: 3215
A20: 단기차입금 | C20: 85 | D20: 267 | E20: 40 | F20: 85 | G20: 120 | H20: 225 | I20: 220 | J20: 237 | K20: 267
A21: 유동성장기부채 | C21: 202 | D21: 163 | E21: 124 | F21: 364 | G21: 311 | H21: 236 | I21: 171 | J21: 153 | K21: 163
A22: 기타유동부채 | B22: 총계 − 위 항목 | C22: =IF(OR(C18=""),"",IFERROR(C18-SUM(C19,C20,C21),"")) | D22: =IF(OR(D18=""),"",IFERROR(D18-SUM(D19,D20,D21),"")) | E22: =IF(OR(E18=""),"",IFERROR(E18-SUM(E19,E20,E21),"")) | F22: =IF(OR(F18=""),"",IFERROR(F18-SUM(F19,F20,F21),"")) | G22: =IF(OR(G18=""),"",IFERROR(G18-SUM(G19,G20,G21),"")) | H22: =IF(OR(H18=""),"",IFERROR(H18-SUM(H19,H20,H21),"")) | I22: =IF(OR(I18=""),"",IFERROR(I18-SUM(I19,I20,I21),"")) | J22: =IF(OR(J18=""),"",IFERROR(J18-SUM(J19,J20,J21),"")) | K22: =IF(OR(K18=""),"",IFERROR(K18-SUM(K19,K20,K21),""))
A23: 비유동부채 | C23: 2680 | D23: 2674 | E23: 2745 | F23: 2977 | G23: 2791 | H23: 2460 | I23: 2468 | J23: 2625 | K23: 2674
A24: 장기차입금 | C24: 48 | D24: 31 | E24: 14 | F24: 80 | G24: 26 | H24: 37 | I24: 0 | J24: 77 | K24: 31
A25: 사채
A26: 기타비유동부채 | B26: 총계 − 위 항목 | C26: =IF(OR(C23=""),"",IFERROR(C23-SUM(C24,C25),"")) | D26: =IF(OR(D23=""),"",IFERROR(D23-SUM(D24,D25),"")) | E26: =IF(OR(E23=""),"",IFERROR(E23-SUM(E24,E25),"")) | F26: =IF(OR(F23=""),"",IFERROR(F23-SUM(F24,F25),"")) | G26: =IF(OR(G23=""),"",IFERROR(G23-SUM(G24,G25),"")) | H26: =IF(OR(H23=""),"",IFERROR(H23-SUM(H24,H25),"")) | I26: =IF(OR(I23=""),"",IFERROR(I23-SUM(I24,I25),"")) | J26: =IF(OR(J23=""),"",IFERROR(J23-SUM(J24,J25),"")) | K26: =IF(OR(K23=""),"",IFERROR(K23-SUM(K24,K25),""))
A27: 부채총계 | C27: 13085 | D27: 12466 | E27: 12434 | F27: 13137 | G27: 13360 | H27: 14126 | I27: 12390 | J27: 12861 | K27: 12466
A28: 총차입금 | B28: 단기+유동성장기+장기+사채 | C28: =SUM(C20,C21,C24,C25) | D28: =SUM(D20,D21,D24,D25) | E28: =SUM(E20,E21,E24,E25) | F28: =SUM(F20,F21,F24,F25) | G28: =SUM(G20,G21,G24,G25) | H28: =SUM(H20,H21,H24,H25) | I28: =SUM(I20,I21,I24,I25) | J28: =SUM(J20,J21,J24,J25) | K28: =SUM(K20,K21,K24,K25)
A29: 순차입금 | B29: 음수 = 순현금 | C29: =C28-C6-N(C7) | D29: =D28-D6-N(D7) | E29: =E28-E6-N(E7) | F29: =F28-F6-N(F7) | G29: =G28-G6-N(G7) | H29: =H28-H6-N(H7) | I29: =I28-I6-N(I7) | J29: =J28-J6-N(J7) | K29: =K28-K6-N(K7)
A30: 자본
A31: 지배주주지분 | C31: 53176 | D31: 54040 | E31: 55450 | F31: 55354 | G31: 56763 | H31: 48598 | I31: 48631 | J31: 51544 | K31: 54040
A32: 자본금 | C32: 7067 | D32: 7067 | E32: 7067 | F32: 7067 | G32: 7067 | H32: 7067 | I32: 7067 | J32: 7067 | K32: 7067
A33: 이익잉여금 | C33: 55165 | D33: 55921 | E33: 56806 | F33: 56550 | G33: 57817 | H33: 48167 | I33: 51303 | J33: 53804 | K33: 55921
A34: 비지배지분 | C34: 773 | D34: 793 | E34: 812 | F34: 833 | G34: 852 | H34: 560 | I34: 637 | J34: 707 | K34: 793
A35: 자본총계 | C35: 53949 | D35: 54833 | E35: 56262 | F35: 56187 | G35: 57615 | H35: 49158 | I35: 49268 | J35: 52251 | K35: 54833
A36: 현금흐름 요약 | B36: 분기 = TTM (있을 때만)
A37: 영업활동현금흐름 | D37: 7531 | F37: 6652 | H37: 6036 | I37: 4000 | J37: 4675 | K37: 7531
A38: CAPEX (유·무형 취득) | B38: 양수로 입력 | D38: 2707 | F38: 2731 | H38: 1740 | I38: 1788 | J38: 2867 | K38: 2707
A39: FCF | C39: =IF(OR(C37="",C38=""),"",IFERROR(C37-C38,"")) | D39: =IF(OR(D37="",D38=""),"",IFERROR(D37-D38,"")) | E39: =IF(OR(E37="",E38=""),"",IFERROR(E37-E38,"")) | F39: =IF(OR(F37="",F38=""),"",IFERROR(F37-F38,"")) | G39: =IF(OR(G37="",G38=""),"",IFERROR(G37-G38,"")) | H39: =IF(OR(H37="",H38=""),"",IFERROR(H37-H38,"")) | I39: =IF(OR(I37="",I38=""),"",IFERROR(I37-I38,"")) | J39: =IF(OR(J37="",J38=""),"",IFERROR(J37-J38,"")) | K39: =IF(OR(K37="",K38=""),"",IFERROR(K37-K38,""))
A40: 배당금 지급 | B40: 양수로 입력 | D40: 2581 | F40: 2494 | H40: 810 | I40: 900 | J40: 1350 | K40: 2581
A41: 주요 재무 비율 | B41: 기준 (빨간 글씨 = 미달)
A42: 안정성
A43: 부채비율 | B43: 100%↓ | C43: =IF(OR(C27="",C35=""),"",IFERROR(C27/C35,"")) | D43: =IF(OR(D27="",D35=""),"",IFERROR(D27/D35,"")) | E43: =IF(OR(E27="",E35=""),"",IFERROR(E27/E35,"")) | F43: =IF(OR(F27="",F35=""),"",IFERROR(F27/F35,"")) | G43: =IF(OR(G27="",G35=""),"",IFERROR(G27/G35,"")) | H43: =IF(OR(H27="",H35=""),"",IFERROR(H27/H35,"")) | I43: =IF(OR(I27="",I35=""),"",IFERROR(I27/I35,"")) | J43: =IF(OR(J27="",J35=""),"",IFERROR(J27/J35,"")) | K43: =IF(OR(K27="",K35=""),"",IFERROR(K27/K35,""))
A44: 순차입금비율 | B44: 0%↓ 순현금 | C44: =IF(OR(C29="",C35=""),"",IFERROR(C29/C35,"")) | D44: =IF(OR(D29="",D35=""),"",IFERROR(D29/D35,"")) | E44: =IF(OR(E29="",E35=""),"",IFERROR(E29/E35,"")) | F44: =IF(OR(F29="",F35=""),"",IFERROR(F29/F35,"")) | G44: =IF(OR(G29="",G35=""),"",IFERROR(G29/G35,"")) | H44: =IF(OR(H29="",H35=""),"",IFERROR(H29/H35,"")) | I44: =IF(OR(I29="",I35=""),"",IFERROR(I29/I35,"")) | J44: =IF(OR(J29="",J35=""),"",IFERROR(J29/J35,"")) | K44: =IF(OR(K29="",K35=""),"",IFERROR(K29/K35,""))
A45: 자기자본비율 | B45: 50%↑ | C45: =IF(OR(C35="",C16=""),"",IFERROR(C35/C16,"")) | D45: =IF(OR(D35="",D16=""),"",IFERROR(D35/D16,"")) | E45: =IF(OR(E35="",E16=""),"",IFERROR(E35/E16,"")) | F45: =IF(OR(F35="",F16=""),"",IFERROR(F35/F16,"")) | G45: =IF(OR(G35="",G16=""),"",IFERROR(G35/G16,"")) | H45: =IF(OR(H35="",H16=""),"",IFERROR(H35/H16,"")) | I45: =IF(OR(I35="",I16=""),"",IFERROR(I35/I16,"")) | J45: =IF(OR(J35="",J16=""),"",IFERROR(J35/J16,"")) | K45: =IF(OR(K35="",K16=""),"",IFERROR(K35/K16,""))
A46: 유동비율 | B46: 150%↑ | C46: =IF(OR(C5="",C18=""),"",IFERROR(C5/C18,"")) | D46: =IF(OR(D5="",D18=""),"",IFERROR(D5/D18,"")) | E46: =IF(OR(E5="",E18=""),"",IFERROR(E5/E18,"")) | F46: =IF(OR(F5="",F18=""),"",IFERROR(F5/F18,"")) | G46: =IF(OR(G5="",G18=""),"",IFERROR(G5/G18,"")) | H46: =IF(OR(H5="",H18=""),"",IFERROR(H5/H18,"")) | I46: =IF(OR(I5="",I18=""),"",IFERROR(I5/I18,"")) | J46: =IF(OR(J5="",J18=""),"",IFERROR(J5/J18,"")) | K46: =IF(OR(K5="",K18=""),"",IFERROR(K5/K18,""))
A47: 당좌비율 | B47: 100%↑ | C47: =IF(OR(C5="",C18=""),"",IFERROR((C5-N(C9))/C18,"")) | D47: =IF(OR(D5="",D18=""),"",IFERROR((D5-N(D9))/D18,"")) | E47: =IF(OR(E5="",E18=""),"",IFERROR((E5-N(E9))/E18,"")) | F47: =IF(OR(F5="",F18=""),"",IFERROR((F5-N(F9))/F18,"")) | G47: =IF(OR(G5="",G18=""),"",IFERROR((G5-N(G9))/G18,"")) | H47: =IF(OR(H5="",H18=""),"",IFERROR((H5-N(H9))/H18,"")) | I47: =IF(OR(I5="",I18=""),"",IFERROR((I5-N(I9))/I18,"")) | J47: =IF(OR(J5="",J18=""),"",IFERROR((J5-N(J9))/J18,"")) | K47: =IF(OR(K5="",K18=""),"",IFERROR((K5-N(K9))/K18,""))
A48: 이자보상배율 | B48: 5x↑ (금융원가 기준) | C48: =IFERROR((IF(COUNT('연간'!F25:I25)<4,"",SUM('연간'!F25:I25)))/(IF(COUNT('연간'!F47:I47)<4,"",SUM('연간'!F47:I47))),"") | D48: =IFERROR((IF(COUNT('연간'!G25:J25)<4,"",SUM('연간'!G25:J25)))/(IF(COUNT('연간'!G47:J47)<4,"",SUM('연간'!G47:J47))),"") | E48: =IFERROR((IF(COUNT('연간'!H25:K25)<4,"",SUM('연간'!H25:K25)))/(IF(COUNT('연간'!H47:K47)<4,"",SUM('연간'!H47:K47))),"") | F48: =IFERROR((IF(COUNT('연간'!I25:L25)<4,"",SUM('연간'!I25:L25)))/(IF(COUNT('연간'!I47:L47)<4,"",SUM('연간'!I47:L47))),"") | G48: =IFERROR((IF(COUNT('연간'!J25:M25)<4,"",SUM('연간'!J25:M25)))/(IF(COUNT('연간'!J47:M47)<4,"",SUM('연간'!J47:M47))),"") | H48: =IFERROR(('연간'!T25)/('연간'!T47),"") | I48: =IFERROR(('연간'!U25)/('연간'!U47),"") | J48: =IFERROR(('연간'!V25)/('연간'!V47),"") | K48: =IFERROR(('연간'!W25)/('연간'!W47),"")
A49: 차입금 상환연수 | B49: 4년↓ (버핏) | C49: =IFERROR(IF((IF(COUNT('연간'!F55:I55)<4,"",SUM('연간'!F55:I55)))<=0,"적자",C28/(IF(COUNT('연간'!F55:I55)<4,"",SUM('연간'!F55:I55)))),"") | D49: =IFERROR(IF((IF(COUNT('연간'!G55:J55)<4,"",SUM('연간'!G55:J55)))<=0,"적자",D28/(IF(COUNT('연간'!G55:J55)<4,"",SUM('연간'!G55:J55)))),"") | E49: =IFERROR(IF((IF(COUNT('연간'!H55:K55)<4,"",SUM('연간'!H55:K55)))<=0,"적자",E28/(IF(COUNT('연간'!H55:K55)<4,"",SUM('연간'!H55:K55)))),"") | F49: =IFERROR(IF((IF(COUNT('연간'!I55:L55)<4,"",SUM('연간'!I55:L55)))<=0,"적자",F28/(IF(COUNT('연간'!I55:L55)<4,"",SUM('연간'!I55:L55)))),"") | G49: =IFERROR(IF((IF(COUNT('연간'!J55:M55)<4,"",SUM('연간'!J55:M55)))<=0,"적자",G28/(IF(COUNT('연간'!J55:M55)<4,"",SUM('연간'!J55:M55)))),"") | H49: =IFERROR(IF(('연간'!T55)<=0,"적자",H28/('연간'!T55)),"") | I49: =IFERROR(IF(('연간'!U55)<=0,"적자",I28/('연간'!U55)),"") | J49: =IFERROR(IF(('연간'!V55)<=0,"적자",J28/('연간'!V55)),"") | K49: =IFERROR(IF(('연간'!W55)<=0,"적자",K28/('연간'!W55)),"")
A50: 수익성
A51: ROE | B51: 15%↑ (버핏) | C51: =IFERROR((IF(COUNT('연간'!F55:I55)<4,"",SUM('연간'!F55:I55)))/C31,"") | D51: =IFERROR((IF(COUNT('연간'!G55:J55)<4,"",SUM('연간'!G55:J55)))/D31,"") | E51: =IFERROR((IF(COUNT('연간'!H55:K55)<4,"",SUM('연간'!H55:K55)))/E31,"") | F51: =IFERROR((IF(COUNT('연간'!I55:L55)<4,"",SUM('연간'!I55:L55)))/F31,"") | G51: =IFERROR((IF(COUNT('연간'!J55:M55)<4,"",SUM('연간'!J55:M55)))/G31,"") | H51: =IFERROR(('연간'!T55)/H31,"") | I51: =IFERROR(('연간'!U55)/I31,"") | J51: =IFERROR(('연간'!V55)/J31,"") | K51: =IFERROR(('연간'!W55)/K31,"")
A52: ROA | B52: 5%↑ | C52: =IFERROR((IF(COUNT('연간'!F53:I53)<4,"",SUM('연간'!F53:I53)))/C16,"") | D52: =IFERROR((IF(COUNT('연간'!G53:J53)<4,"",SUM('연간'!G53:J53)))/D16,"") | E52: =IFERROR((IF(COUNT('연간'!H53:K53)<4,"",SUM('연간'!H53:K53)))/E16,"") | F52: =IFERROR((IF(COUNT('연간'!I53:L53)<4,"",SUM('연간'!I53:L53)))/F16,"") | G52: =IFERROR((IF(COUNT('연간'!J53:M53)<4,"",SUM('연간'!J53:M53)))/G16,"") | H52: =IFERROR(('연간'!T53)/H16,"") | I52: =IFERROR(('연간'!U53)/I16,"") | J52: =IFERROR(('연간'!V53)/J16,"") | K52: =IFERROR(('연간'!W53)/K16,"")
A53: ROIC | B53: 10%↑ (세후영업이익 기준) | C53: =IFERROR((IF(COUNT('연간'!F25:I25)<4,"",SUM('연간'!F25:I25)))*(1-0.3)/(C35+C29),"") | D53: =IFERROR((IF(COUNT('연간'!G25:J25)<4,"",SUM('연간'!G25:J25)))*(1-0.3)/(D35+D29),"") | E53: =IFERROR((IF(COUNT('연간'!H25:K25)<4,"",SUM('연간'!H25:K25)))*(1-0.3)/(E35+E29),"") | F53: =IFERROR((IF(COUNT('연간'!I25:L25)<4,"",SUM('연간'!I25:L25)))*(1-0.3)/(F35+F29),"") | G53: =IFERROR((IF(COUNT('연간'!J25:M25)<4,"",SUM('연간'!J25:M25)))*(1-0.3)/(G35+G29),"") | H53: =IFERROR(('연간'!T25)*(1-0.3)/(H35+H29),"") | I53: =IFERROR(('연간'!U25)*(1-0.3)/(I35+I29),"") | J53: =IFERROR(('연간'!V25)*(1-0.3)/(J35+J29),"") | K53: =IFERROR(('연간'!W25)*(1-0.3)/(K35+K29),"")
A54: 매출총이익률 (GPM) | B54: 40%↑ (해자 신호) | C54: =IFERROR((IF(COUNT('연간'!F19:I19)<4,"",SUM('연간'!F19:I19)))/(IF(COUNT('연간'!F4:I4)<4,"",SUM('연간'!F4:I4))),"") | D54: =IFERROR((IF(COUNT('연간'!G19:J19)<4,"",SUM('연간'!G19:J19)))/(IF(COUNT('연간'!G4:J4)<4,"",SUM('연간'!G4:J4))),"") | E54: =IFERROR((IF(COUNT('연간'!H19:K19)<4,"",SUM('연간'!H19:K19)))/(IF(COUNT('연간'!H4:K4)<4,"",SUM('연간'!H4:K4))),"") | F54: =IFERROR((IF(COUNT('연간'!I19:L19)<4,"",SUM('연간'!I19:L19)))/(IF(COUNT('연간'!I4:L4)<4,"",SUM('연간'!I4:L4))),"") | G54: =IFERROR((IF(COUNT('연간'!J19:M19)<4,"",SUM('연간'!J19:M19)))/(IF(COUNT('연간'!J4:M4)<4,"",SUM('연간'!J4:M4))),"") | H54: =IFERROR(('연간'!T19)/('연간'!T4),"") | I54: =IFERROR(('연간'!U19)/('연간'!U4),"") | J54: =IFERROR(('연간'!V19)/('연간'!V4),"") | K54: =IFERROR(('연간'!W19)/('연간'!W4),"")
A55: 영업이익률 (OPM) | B55: 15%↑ | C55: =IFERROR((IF(COUNT('연간'!F25:I25)<4,"",SUM('연간'!F25:I25)))/(IF(COUNT('연간'!F4:I4)<4,"",SUM('연간'!F4:I4))),"") | D55: =IFERROR((IF(COUNT('연간'!G25:J25)<4,"",SUM('연간'!G25:J25)))/(IF(COUNT('연간'!G4:J4)<4,"",SUM('연간'!G4:J4))),"") | E55: =IFERROR((IF(COUNT('연간'!H25:K25)<4,"",SUM('연간'!H25:K25)))/(IF(COUNT('연간'!H4:K4)<4,"",SUM('연간'!H4:K4))),"") | F55: =IFERROR((IF(COUNT('연간'!I25:L25)<4,"",SUM('연간'!I25:L25)))/(IF(COUNT('연간'!I4:L4)<4,"",SUM('연간'!I4:L4))),"") | G55: =IFERROR((IF(COUNT('연간'!J25:M25)<4,"",SUM('연간'!J25:M25)))/(IF(COUNT('연간'!J4:M4)<4,"",SUM('연간'!J4:M4))),"") | H55: =IFERROR(('연간'!T25)/('연간'!T4),"") | I55: =IFERROR(('연간'!U25)/('연간'!U4),"") | J55: =IFERROR(('연간'!V25)/('연간'!V4),"") | K55: =IFERROR(('연간'!W25)/('연간'!W4),"")
A56: 순이익률 | B56: 10%↑ | C56: =IFERROR((IF(COUNT('연간'!F53:I53)<4,"",SUM('연간'!F53:I53)))/(IF(COUNT('연간'!F4:I4)<4,"",SUM('연간'!F4:I4))),"") | D56: =IFERROR((IF(COUNT('연간'!G53:J53)<4,"",SUM('연간'!G53:J53)))/(IF(COUNT('연간'!G4:J4)<4,"",SUM('연간'!G4:J4))),"") | E56: =IFERROR((IF(COUNT('연간'!H53:K53)<4,"",SUM('연간'!H53:K53)))/(IF(COUNT('연간'!H4:K4)<4,"",SUM('연간'!H4:K4))),"") | F56: =IFERROR((IF(COUNT('연간'!I53:L53)<4,"",SUM('연간'!I53:L53)))/(IF(COUNT('연간'!I4:L4)<4,"",SUM('연간'!I4:L4))),"") | G56: =IFERROR((IF(COUNT('연간'!J53:M53)<4,"",SUM('연간'!J53:M53)))/(IF(COUNT('연간'!J4:M4)<4,"",SUM('연간'!J4:M4))),"") | H56: =IFERROR(('연간'!T53)/('연간'!T4),"") | I56: =IFERROR(('연간'!U53)/('연간'!U4),"") | J56: =IFERROR(('연간'!V53)/('연간'!V4),"") | K56: =IFERROR(('연간'!W53)/('연간'!W4),"")
A57: 효율성 (회전율)
A58: 총자산회전율 | B58: 높을수록↑ | C58: =IFERROR((IF(COUNT('연간'!F4:I4)<4,"",SUM('연간'!F4:I4)))/C16,"") | D58: =IFERROR((IF(COUNT('연간'!G4:J4)<4,"",SUM('연간'!G4:J4)))/D16,"") | E58: =IFERROR((IF(COUNT('연간'!H4:K4)<4,"",SUM('연간'!H4:K4)))/E16,"") | F58: =IFERROR((IF(COUNT('연간'!I4:L4)<4,"",SUM('연간'!I4:L4)))/F16,"") | G58: =IFERROR((IF(COUNT('연간'!J4:M4)<4,"",SUM('연간'!J4:M4)))/G16,"") | H58: =IFERROR(('연간'!T4)/H16,"") | I58: =IFERROR(('연간'!U4)/I16,"") | J58: =IFERROR(('연간'!V4)/J16,"") | K58: =IFERROR(('연간'!W4)/K16,"")
A59: 매출채권회전일수 | B59: 짧을수록↑ | C59: =IFERROR(C8/(IF(COUNT('연간'!F4:I4)<4,"",SUM('연간'!F4:I4)))*365,"") | D59: =IFERROR(D8/(IF(COUNT('연간'!G4:J4)<4,"",SUM('연간'!G4:J4)))*365,"") | E59: =IFERROR(E8/(IF(COUNT('연간'!H4:K4)<4,"",SUM('연간'!H4:K4)))*365,"") | F59: =IFERROR(F8/(IF(COUNT('연간'!I4:L4)<4,"",SUM('연간'!I4:L4)))*365,"") | G59: =IFERROR(G8/(IF(COUNT('연간'!J4:M4)<4,"",SUM('연간'!J4:M4)))*365,"") | H59: =IFERROR(H8/('연간'!T4)*365,"") | I59: =IFERROR(I8/('연간'!U4)*365,"") | J59: =IFERROR(J8/('연간'!V4)*365,"") | K59: =IFERROR(K8/('연간'!W4)*365,"")
A60: 재고자산회전일수 | B60: 짧을수록↑ | C60: =IFERROR(C9/(IF(COUNT('연간'!F17:I17)<4,"",SUM('연간'!F17:I17)))*365,"") | D60: =IFERROR(D9/(IF(COUNT('연간'!G17:J17)<4,"",SUM('연간'!G17:J17)))*365,"") | E60: =IFERROR(E9/(IF(COUNT('연간'!H17:K17)<4,"",SUM('연간'!H17:K17)))*365,"") | F60: =IFERROR(F9/(IF(COUNT('연간'!I17:L17)<4,"",SUM('연간'!I17:L17)))*365,"") | G60: =IFERROR(G9/(IF(COUNT('연간'!J17:M17)<4,"",SUM('연간'!J17:M17)))*365,"") | H60: =IFERROR(H9/('연간'!T17)*365,"") | I60: =IFERROR(I9/('연간'!U17)*365,"") | J60: =IFERROR(J9/('연간'!V17)*365,"") | K60: =IFERROR(K9/('연간'!W17)*365,"")
A61: 매입채무회전일수 | B61: 길수록 유리 | C61: =IFERROR(C19/(IF(COUNT('연간'!F17:I17)<4,"",SUM('연간'!F17:I17)))*365,"") | D61: =IFERROR(D19/(IF(COUNT('연간'!G17:J17)<4,"",SUM('연간'!G17:J17)))*365,"") | E61: =IFERROR(E19/(IF(COUNT('연간'!H17:K17)<4,"",SUM('연간'!H17:K17)))*365,"") | F61: =IFERROR(F19/(IF(COUNT('연간'!I17:L17)<4,"",SUM('연간'!I17:L17)))*365,"") | G61: =IFERROR(G19/(IF(COUNT('연간'!J17:M17)<4,"",SUM('연간'!J17:M17)))*365,"") | H61: =IFERROR(H19/('연간'!T17)*365,"") | I61: =IFERROR(I19/('연간'!U17)*365,"") | J61: =IFERROR(J19/('연간'!V17)*365,"") | K61: =IFERROR(K19/('연간'!W17)*365,"")
A62: 현금전환주기 (CCC) | B62: 짧을수록↑ | C62: =IF(OR(C59="",C60="",C61=""),"",IFERROR(C59+C60-C61,"")) | D62: =IF(OR(D59="",D60="",D61=""),"",IFERROR(D59+D60-D61,"")) | E62: =IF(OR(E59="",E60="",E61=""),"",IFERROR(E59+E60-E61,"")) | F62: =IF(OR(F59="",F60="",F61=""),"",IFERROR(F59+F60-F61,"")) | G62: =IF(OR(G59="",G60="",G61=""),"",IFERROR(G59+G60-G61,"")) | H62: =IF(OR(H59="",H60="",H61=""),"",IFERROR(H59+H60-H61,"")) | I62: =IF(OR(I59="",I60="",I61=""),"",IFERROR(I59+I60-I61,"")) | J62: =IF(OR(J59="",J60="",J61=""),"",IFERROR(J59+J60-J61,"")) | K62: =IF(OR(K59="",K60="",K61=""),"",IFERROR(K59+K60-K61,""))
A63: 현금흐름
A64: 영업현금흐름 / 순이익 | B64: 1x↑ (이익의 질) | C64: =IF(C37="","",IFERROR(C37/(IF(COUNT('연간'!F53:I53)<4,"",SUM('연간'!F53:I53))),"")) | D64: =IF(D37="","",IFERROR(D37/(IF(COUNT('연간'!G53:J53)<4,"",SUM('연간'!G53:J53))),"")) | E64: =IF(E37="","",IFERROR(E37/(IF(COUNT('연간'!H53:K53)<4,"",SUM('연간'!H53:K53))),"")) | F64: =IF(F37="","",IFERROR(F37/(IF(COUNT('연간'!I53:L53)<4,"",SUM('연간'!I53:L53))),"")) | G64: =IF(G37="","",IFERROR(G37/(IF(COUNT('연간'!J53:M53)<4,"",SUM('연간'!J53:M53))),"")) | H64: =IF(H37="","",IFERROR(H37/('연간'!T53),"")) | I64: =IF(I37="","",IFERROR(I37/('연간'!U53),"")) | J64: =IF(J37="","",IFERROR(J37/('연간'!V53),"")) | K64: =IF(K37="","",IFERROR(K37/('연간'!W53),""))
A65: FCF 마진 | B65: 5%↑ | C65: =IF(C39="","",IFERROR(C39/(IF(COUNT('연간'!F4:I4)<4,"",SUM('연간'!F4:I4))),"")) | D65: =IF(D39="","",IFERROR(D39/(IF(COUNT('연간'!G4:J4)<4,"",SUM('연간'!G4:J4))),"")) | E65: =IF(E39="","",IFERROR(E39/(IF(COUNT('연간'!H4:K4)<4,"",SUM('연간'!H4:K4))),"")) | F65: =IF(F39="","",IFERROR(F39/(IF(COUNT('연간'!I4:L4)<4,"",SUM('연간'!I4:L4))),"")) | G65: =IF(G39="","",IFERROR(G39/(IF(COUNT('연간'!J4:M4)<4,"",SUM('연간'!J4:M4))),"")) | H65: =IF(H39="","",IFERROR(H39/('연간'!T4),"")) | I65: =IF(I39="","",IFERROR(I39/('연간'!U4),"")) | J65: =IF(J39="","",IFERROR(J39/('연간'!V4),"")) | K65: =IF(K39="","",IFERROR(K39/('연간'!W4),""))
A66: CAPEX / 매출 | B66: 낮을수록↑ (자본 가벼움) | C66: =IF(C38="","",IFERROR(C38/(IF(COUNT('연간'!F4:I4)<4,"",SUM('연간'!F4:I4))),"")) | D66: =IF(D38="","",IFERROR(D38/(IF(COUNT('연간'!G4:J4)<4,"",SUM('연간'!G4:J4))),"")) | E66: =IF(E38="","",IFERROR(E38/(IF(COUNT('연간'!H4:K4)<4,"",SUM('연간'!H4:K4))),"")) | F66: =IF(F38="","",IFERROR(F38/(IF(COUNT('연간'!I4:L4)<4,"",SUM('연간'!I4:L4))),"")) | G66: =IF(G38="","",IFERROR(G38/(IF(COUNT('연간'!J4:M4)<4,"",SUM('연간'!J4:M4))),"")) | H66: =IF(H38="","",IFERROR(H38/('연간'!T4),"")) | I66: =IF(I38="","",IFERROR(I38/('연간'!U4),"")) | J66: =IF(J38="","",IFERROR(J38/('연간'!V4),"")) | K66: =IF(K38="","",IFERROR(K38/('연간'!W4),""))
A67: 배당성향 | B67: 참고 | C67: =IF(C40="","",IFERROR(C40/(IF(COUNT('연간'!F55:I55)<4,"",SUM('연간'!F55:I55))),"")) | D67: =IF(D40="","",IFERROR(D40/(IF(COUNT('연간'!G55:J55)<4,"",SUM('연간'!G55:J55))),"")) | E67: =IF(E40="","",IFERROR(E40/(IF(COUNT('연간'!H55:K55)<4,"",SUM('연간'!H55:K55))),"")) | F67: =IF(F40="","",IFERROR(F40/(IF(COUNT('연간'!I55:L55)<4,"",SUM('연간'!I55:L55))),"")) | G67: =IF(G40="","",IFERROR(G40/(IF(COUNT('연간'!J55:M55)<4,"",SUM('연간'!J55:M55))),"")) | H67: =IF(H40="","",IFERROR(H40/('연간'!T55),"")) | I67: =IF(I40="","",IFERROR(I40/('연간'!U55),"")) | J67: =IF(J40="","",IFERROR(J40/('연간'!V55),"")) | K67: =IF(K40="","",IFERROR(K40/('연간'!W55),""))
A69: 재무상태표 · 전 항목 | B69: 분기 말 잔액
A70: 항목 | B70: 참고 | C70: 2026.3Q | D70: 2026.4Q | E70: 2027.1Q | F70: 2027.2Q | G70: 2027.3Q | H70: 2023 | I70: 2024 | J70: 2025 | K70: 2026
A71: 현금 및 예금 | C71: 21234 | D71: 20458 | E71: 21728 | F71: 20761 | G71: 21024 | H71: 22115 | I71: 17787 | J71: 19010 | K71: 20458
A72: 받을어음·매출채권 | H72: 0
A73: 받을어음·매출채권·계약자산 | C73: 6979 | D73: 7510 | E73: 6548 | F73: 7235 | G73: 7298 | H73: 8184 | I73: 8941 | J73: 8154 | K73: 7510
A74: 전자기록채권 | C74: 5121 | D74: 5347 | E74: 5211 | F74: 5557 | G74: 5819 | H74: 4052 | I74: 4850 | J74: 5752 | K74: 5347
A75: 상품·제품 | C75: 4834 | D75: 4939 | E75: 5081 | F75: 5003 | G75: 5270 | H75: 4244 | I75: 4482 | J75: 4619 | K75: 4939
A76: 원재료·저장품 | C76: 1752 | D76: 1882 | E76: 1839 | F76: 2085 | G76: 2155 | H76: 1606 | I76: 1709 | J76: 1813 | K76: 1882
A77: 유가증권 | C77: 1525 | D77: 1499 | E77: 1513 | F77: 1498 | G77: 1497 | K77: 1499
A78: 기타 | C78: 1186 | D78: 1048 | E78: 1029 | F78: 1242 | G78: 1409 | H78: 1506 | I78: 1432 | J78: 2477 | K78: 1048
A79: 대손충당금 | C79: -2 | D79: -1 | E79: -1 | F79: -1 | G79: -1 | H79: -4 | I79: -2 | J79: -2 | K79: -1
A80: 유동자산 합계 | C80: 42632 | D80: 42684 | E80: 42950 | F80: 43382 | G80: 44474 | H80: 41705 | I80: 39202 | J80: 41825 | K80: 42684
A81: 건물·구축물 | E81: 19138
A82: 감가상각누계액 | E82: -14069
A83: 건물·구축물(순액) | C83: 5169 | D83: 5112 | E83: 5068 | F83: 5008 | G83: 4935 | H83: 5193 | I83: 5379 | J83: 5201 | K83: 5112
A84: 기계장치·운반구 | E84: 21080
A85: 감가상각누계액 | E85: -17327
A86: 기계장치·운반구(순액) | C86: 3269 | D86: 3463 | E86: 3752 | F86: 3835 | G86: 3868 | H86: 2685 | I86: 2635 | J86: 3113 | K86: 3463
A87: 토지 | C87: 4617 | D87: 4617 | E87: 4617 | F87: 4617 | G87: 4617 | H87: 4643 | I87: 4643 | J87: 4617 | K87: 4617
A88: 건설중인자산 | C88: 985 | D88: 1013 | E88: 1061 | F88: 1010 | G88: 1148 | H88: 677 | I88: 663 | J88: 670 | K88: 1013
A89: 기타 | E89: 24661
A90: 감가상각누계액 | E90: -23617
A91: 기타(순액) | C91: 979 | D91: 1022 | E91: 1043 | F91: 1145 | G91: 1279 | H91: 674 | I91: 850 | J91: 812 | K91: 1022
A92: 유형자산 합계 | C92: 15020 | D92: 15229 | E92: 15544 | F92: 15617 | G92: 15849 | H92: 13875 | I92: 14172 | J92: 14416 | K92: 15229
A93: 무형자산 | C93: 184 | D93: 256 | E93: 340 | F93: 361 | G93: 367 | H93: 156 | I93: 129 | J93: 190 | K93: 256
A94: 투자유가증권 | C94: 1805 | D94: 2007 | E94: 2214 | F94: 2476 | G94: 2700 | H94: 1055 | I94: 1503 | J94: 1726 | K94: 2007
A95: 이연법인세자산 | C95: 1031 | D95: 708 | E95: 708 | F95: 610 | G95: 627 | H95: 1050 | I95: 971 | J95: 894 | K95: 708
A96: 퇴직급여자산 | C96: 1974 | D96: 1977 | E96: 2511 | F96: 2511 | G96: 2509 | H96: 1033 | I96: 1288 | J96: 1686 | K96: 1977
A97: 장기예금 | C97: 4000 | D97: 4000 | E97: 4000 | F97: 4000 | G97: 4000 | H97: 4000 | I97: 4000 | J97: 4000 | K97: 4000
A98: 기타 | C98: 488 | D98: 538 | E98: 527 | F98: 466 | G98: 547 | H98: 512 | I98: 490 | J98: 472 | K98: 538
A99: 대손충당금 | C99: -102 | D99: -102 | E99: -100 | F99: -101 | G99: -100 | H99: -103 | I99: -100 | J99: -99 | K99: -102
A100: 투자 및 기타자산 합계 | C100: 9197 | D100: 9128 | E100: 9862 | F100: 9964 | G100: 10284 | H100: 7548 | I100: 8154 | J100: 8680 | K100: 9128
A101: 비유동자산 합계 | C101: 24402 | D101: 24615 | E101: 25746 | F101: 25942 | G101: 26501 | H101: 21579 | I101: 22456 | J101: 23286 | K101: 24615
...

Sheet 섹터 데이터
A1: 미라이공업 섹터·사업 데이터
A2: 2단계 보고서를 만들 때 모은 자료 · 월차 · 출처는 맨 오른쪽
A4: G27
A5: 항목 | B5: 값 | H5: 출처
A6: 매출 | B6: 489.84 | H6: 2단계 보고서 자료(회사 설명회 자료·공시)
A7: 영업이익 | B7: 69.27
A8: ord | B8: 71.25
A9: 순이익 | B9: 47.55
A10: EPS | B10: 293.91
A11: dps | B11: 135
A13: G27 직전
A14: 항목 | B14: 값 | H14: 출처
A15: 매출 | B15: 485.3 | H15: 2단계 보고서 자료(회사 설명회 자료·공시)
A16: 영업이익 | B16: 62.32
A17: ord | B17: 63.98
A18: 순이익 | B18: 43.42
A19: EPS | B19: 268.54
A21: 상반기 계획
A22: 항목 | B22: 값 | H22: 출처
A23: 매출 | B23: 247.78 | H23: 2단계 보고서 자료(회사 설명회 자료·공시)
A24: 영업이익 | B24: 33.43
A26: band
A27: 항목 | B27: 값 | H27: 출처
A28: lo | B28: 11.8 | H28: 2단계 보고서 자료(회사 설명회 자료·공시)
A29: avg | B29: 13.8
A30: hi | B30: 19.6
A32: nap q
A33: 항목 | B33: 값 | H33: 출처
A34: 2024-Q3 | B34: 74.3 | H34: 2단계 보고서 자료(회사 설명회 자료·공시)
A35: 2024-Q4 | B35: 72.9
A36: 2025-Q1 | B36: 80.6
A37: 2025-Q2 | B37: 79
A38: 2025-Q3 | B38: 73
A39: 2025-Q4 | B39: 73.5
A40: 2026-Q1 | B40: 66.2
A41: 2026-Q2 | B41: 65.5
A42: 2026-Q3 | B42: 65.8
A43: 2026-Q4 | B43: 68.4
A44: 2027-Q1 | B44: 121.3
A45: 2027-Q2 | B45: 101.4
A47: pvcp q
A48: 항목 | B48: 값 | H48: 출처
A49: 2024-Q3 | B49: 118.3 | H49: 2단계 보고서 자료(회사 설명회 자료·공시)
A50: 2024-Q4 | B50: 113.3
A51: 2025-Q1 | B51: 119.3
A52: 2025-Q2 | B52: 126.7
A53: 2025-Q3 | B53: 115
A54: 2025-Q4 | B54: 112.7
A55: 2026-Q1 | B55: 101.4
A56: 2026-Q2 | B56: 100.8
A57: 2026-Q3 | B57: 99
A58: 2026-Q4 | B58: 98.2
A59: 2027-Q1 | B59: 121.3
A60: 2027-Q2 | B60: 119
A62: pvcv q
A63: 항목 | B63: 값 | H63: 출처
A64: 2024-Q3 | B64: 179.2 | H64: 2단계 보고서 자료(회사 설명회 자료·공시)
A65: 2024-Q4 | B65: 161.6
A66: 2025-Q1 | B66: 124.6
A67: 2025-Q2 | B67: 164
A68: 2025-Q3 | B68: 154.6
A69: 2025-Q4 | B69: 156
A70: 2026-Q1 | B70: 134.1
A71: 2026-Q2 | B71: 169.4
A72: 2026-Q3 | B72: 165.1
A73: 2026-Q4 | B73: 161.8
A74: 2027-Q1 | B74: 82.1
A75: 2027-Q2 | B75: 127.2
A77: 매출총이익률 q
A78: 항목 | B78: 값 | H78: 출처
A79: 2025-Q1 | B79: 40.2 | H79: 2단계 보고서 자료(회사 설명회 자료·공시)
A80: 2025-Q2 | B80: 39.4
A81: 2025-Q3 | B81: 40.7
A82: 2025-Q4 | B82: 36.8
A83: 2026-Q1 | B83: 37.9
A84: 2026-Q2 | B84: 38.2
A85: 2026-Q3 | B85: 40.6
A86: 2026-Q4 | B86: 37.6
A87: 2027-Q1 | B87: 39.7
A88: 2027-Q2 | B88: 38.2
A90: 컨센서스
A91: 항목 | B91: 값 | H91: 출처
A92: FY2027 매출 | B92: 500 | H92: 애널리스트 1명(야후)
A93: FY2027 EPS | B93: 300.1
A94: FY2028 EPS | B94: 321.7
A95: 3Q 매출 | B95: 135
A97: phases
A98: 항목 | B98: to | C98: a | D98: b | E98: pa | F98: pb | G98: chg | H98: 출처
A99: 0 | B99: 69 | C99: 2021-10-25 | D99: 2023-02-20 | E99: 1690 | F99: 1494 | G99: -11.6 | H99: 2단계 보고서 자료(회사 설명회 자료·공시)
A100: 69 | B100: 121 | C100: 2023-02-20 | D100: 2024-02-19 | E100: 1494 | F100: 5380 | G100: 260.1
A101: 121 | B101: 234 | C101: 2024-02-19 | D101: 2026-04-20 | E101: 5380 | F101: 2927 | G101: -45.6
A102: 234 | B102: 261 | C102: 2026-04-20 | D102: 2026-10-26 | E102: 2927 | F102: 3485 | G102: 19.1

Sheet 출처
A1: 출처 · 쓴 결산단신
A3: 공시일 | B3: 문서 | C3: PDF
A4: 2026-10-23 | B4: 2027년 3월 결산기 ２분기 결산단신 | C4: https://www2.jpx.co.jp/disc/79310/140120261022554660.pdf
A5: 2026-07-23 | B5: 2027년 3월 결산기 １분기 결산단신 | C5: https://www2.jpx.co.jp/disc/79310/140120260722597572.pdf
A6: 2026-04-23 | B6: 2026년 3월 결산기 연간 결산단신 | C6: https://www2.jpx.co.jp/disc/79310/140120260422508231.pdf
A7: 2026-01-29 | B7: 2026년 3월 결산기 ３분기 결산단신 | C7: https://www2.jpx.co.jp/disc/79310/140120260128540246.pdf
A8: 2025-10-23 | B8: 2026년 3월 결산기 ２분기 결산단신 | C8: https://www2.jpx.co.jp/disc/79310/140120251022577052.pdf
A9: 2025-07-24 | B9: 2026년 3월 결산기 １분기 결산단신 | C9: https://www2.jpx.co.jp/disc/79310/140120250723518478.pdf
A10: 2025-04-24 | B10: 2025년 3월 결산기 연간 결산단신 | C10: https://www2.jpx.co.jp/disc/79310/140120250424521883.pdf
A11: 2025-01-28 | B11: 2025년 3월 결산기 ３분기 결산단신 | C11: https://www2.jpx.co.jp/disc/79310/140120250127555617.pdf
A12: 2024-10-24 | B12: 2025년 3월 결산기 ２분기 결산단신 | C12: https://www2.jpx.co.jp/disc/79310/140120241023501530.pdf
A13: 2024-07-24 | B13: 2025년 3월 결산기 １분기 결산단신 | C13: https://www2.jpx.co.jp/disc/79310/140120240723553317.pdf
A14: 2024-04-25 | B14: 2024년 3월 결산기 연간 결산단신 | C14: https://www2.jpx.co.jp/disc/79310/140120240424575835.pdf
... A23: 2019-04-26 | B23: 2019년 3월 결산기 연간 결산단신 | C23: https://www2.jpx.co.jp/disc/79310/140120190425411633.pdf
